,,,,,,,,,,,,,,,,,,,,,,,,,,,,,,,,                                                  TIME TABLE JULY TO DEC 2026,,,,,,,,,,,,,,,,,,,,,,,,,,,,,,,,,,TIME TABLE JULY TO DEC 2026,,,,,,,,,,,,,,,,,,,,,,,,,,,,,,,,,,,,,,,,TIME TABLE JULY TO DEC 2026,,,,,,,,,,,,,,,,,,,,,,,,,,,,,,,
,,,,,,,,,,,,,,,,,,,,,,,,,,,,,,,,                                                                                                                                                      SECOND YEAR A,,,,2ND YEAR -A,,,,,,,,,,,,,,,,,,,,,,,,,,,,,2ND YEAR -A,,,,,,,,,,,,,,,,,,,,,,,,,,,,,,,,,,,,,,,,,               SECOND YEAR ,,,,,,,,,,,,,,,,,,,,,,,,,,,,,,,
,,BRANCH,,ELECTRONICS IND122UMENTATION ENGG,,,,,,,,ELECTRICAL  ENGG,,,,,,,,ELECTRICAL AND COMPUTER ENGG,,,,,,,,,,MECHANICAL ENGG,,,,,,MECHANICAL ENGG,,,,,,ROBOTICS AND AI,,,,,,,,MECHATRONICS ENGG,,,,,,,,CHEMICAL ENGG,,,,BIOTECHNOLOGY ENGG,,,,,,,,BIOMEDICAL ENGG,,CIVIL WITH COMPUTER APPLICATION,,CIVIL ENGG,,,,,,ELECTRONICS AND COMMUNICATION ENGG,,,,,,,,,,,,ELECTRONICS AND COMMUNICATION ENGG,,,,,,ELECTRONICS ENGG(VLSI DESGIN),,,,,,,,ELECTRONICS AND COMPUTER ENGG,,,,,,,,,,ELECTRONICS AND COMPUTER ENGG,,,,,,,,,,ELECTRONICS AND COMPUTER ENGG,,,,,,,,,,BRANCH,
,,LECTURE,,2E1,,,,,,,,2D1,,,,,,,,2S1,,,,,,,,,,2H1,,,,,,2H2,,,,,,2W1,,,,,,,,2I1,,,,,,,,2A1,,,,2G1,,,,,,,,2J1,,2U1,,2B1,,,,,,2F1,,,,,,2F2,,,,,,2F3,,,,,,2V1,,,,,,,,2O1,,,,,,,,,,2O2,,,,,,,,,,2O3,,,,,,,,,,LECTURE,
,,TUTORIAL,,2E11,,2E12,,2E13,,2E14,,2D11,,2D12,,2D13,,2D14,,2S11,,2S12,,2S13,,2S14,,2S15,,2H11,,2H12,,2H13,,2H21,,2H22,,2H23,,2W11,,2W12,,2W13,,2W14,,2I11,,2I12,,2I13,,2I14,,2A11,,2A12,,2G11,,2G12,,2G13,,2G14,,2J11,,2U11,,2B11,,2B12,,2B13,,2F11,,2F12,,2F13,,2F21,,2F22,,2F23,,2F31,,2F32,,2F33,,2V11,,2V12,,2V13,,2V14,,2O11,,2O12,,2O13,,2O14,,2O15,,2O21,,2O22,,2O23,,2O24,,2O25,,2O31,,2O32,,2O33,,2O34,,,,TUTORIAL,
DAY,SR.NO,PRACTICAL,HOURS,2E1A,,2E1B,,2E1C,,2E1D,,2D1A,,2D1B,,2D1C,,2D1D,,2S1A,,2S1B,,2S1C,,2S1D,,2S1E,,2H1A,,2H1B,,2H1C,,2H2A,,2H2B,,2H2C,,2W1A,,2W1B,,2W1C,,2W1D,,2I1A,,2I1B,,2I1C,,2I1D,,2A1A,,2A1B,,2G1A,,2G1B,,2G1C,,2G1D,,2J1A,,2U1A,,2B1A,,2B1B,,2B1C,,2F1A,,2F1B,,2F1C,,2F2A,,2F2B,,2F2C,,2F3A,,2F3B,,2F3C,,2V1A,,2V1B,,2V1C,,2V1D,,2O1A,,2O1B,,2O1C,,2O1D,,2O1E,,2O2A,,2O2B,,2O2C,,2O2D,,2O2E,,2O3A,,2O3B,,2O3C,,2O3D,,DAY,SR.NO,PRACTICAL,HOURS
,,,,,,,,,,,,,,,,,,,,,,,,,,,,,,,,,,,,,,,,,,,,,,,,,,,,,,,,,,,,,,,,,,,,,,,,,,,,,,,,,,,,,,,,,,,,,,,,,,,,,,,,,,,,,,,,,,,,,,,,,,,,,,,,,,,,,,,,,
,1,,8:00 AM,,,,,,,,,,,,,,,,,,,UES301P,,,,,,,,BEST-EEL,,,,,,,,,,UMA034P,,UMT404P,,UMT404P,,,,,,,,,,,,,,,,,,,,,,,,,,UBM031P,,,,,,,,,,,,,,,,,,,,,,,,,,,,,,,,,,UVD301P,,,,,,,,,,,,,,,,UEC304P,,,,,,,,,,,,,,,1,,8:00 AM
M,,,,,,,,,,,,,,,,,,,,,,ANALOG(B211),,,,,,,,F102,,,,,SVG,,,,,NEW(G309),,CAD-1,,L101,,,,,,,,,,,,,,,,,,,,,,,,,,EE2(H222),,,,,,,,,,,,,,,,,,,,,,,,,,,,,,,,,,B105,,,,,,,,,,,,,,,,C334,,,,,,,,,,,,,,M,,,
,2,,8:50 AM,UMA302L,,,,,,,,,,,,,,,,,,LAB,,,,,,,,BEST-EDL,,,,,,,,,,LAB,,LAB,,LAB,,,,,,UCS321L,,,,,,,,,,,,,,,,,,,,LAB,,,,,,,,,,,,,,,,,,UES012T,,,,,,,,,,,,,,,,LAB,,UNC501L,,,,,,,,,,,,,,LAB,,,,,,,,,,,,,,,2,,8:50 AM
O,,,,D116,,,,,,,RCH,,,,,,,,,,,TA16,,,,,,,,F102,,,,,MBD/RSJ,,,,,TA24,,SFL,,RKR,,,,,,F103,,,,,,,KV,,,,,,,,,,,,,TA14,,,,,,,,,,,,,,,,,,F301,LC6,,,,,,,,,,,,,,,PF-1,,B304,,,,,,,,,DGS,,,,,APC13,,,,,,,,,,,,,,O,,,
,3,,9:40 AM,UES034L,,,,,,,,,,,,,,,,UMA301L,,,,,,,,,,BEST-EE/HPL,,,,,,UME309L,,,,,,,,,,UTA018P,,URA302P,,UTA018L,,,,,,,,UCH302T,,UCH307T,,UBT310L,,,,,,,,UBM031L,,UCE306P,,UCE308P,,,,,,UEC612L,,,,,,UES012L,,,,,,UES012P,,UTA016P,,UTA016P,,UTA016P,,UTA016P,,UEC612P,,UEC612T,,UNC401L,,,,,,,,,,UEC304P,,UNC302P,,UNC401P,,UNC501P,,,,,,,,,,,,,3,,9:40 AM
N,,,,D116,,,,,,,MDS,,,,,,,,,B301,,,,,,,,,MDL,F102,,,,,PN/NF2,F105,,,,,SSM,,,,,ED-2(L2009),,CAM,,F103,,,,,,,DEM,E303,JPK,E302,HPB,B303,,,,,,,SS,E307,SUM,C218,,D122,,,,,,F201,,,,,BG,F202,,,,,OPP,G249,,B204/F314,,C212/F315,,F314/B204,,F315/C212,,C325,,F301,GPK,B304,,,,,,,,,AKA,C334,,C327,,C328,,C332,,,,,,,,,,,,N,,,
,4,,10:30 AM,UEI301L,,,,,,,,,,,,,,,,ULC303L,,,,,,,,,,BEST-SEN/HPL,,,,,,UMA034L,,,,,,,,,,LAB,,LAB,,,,BEST-EE(P),,,,,,UES012L,,,,UBT309L,,,,,,,,UMA017L,,LAB-2,,LAB,,UCE312T,,,,UEC311L,,,,,,UEC612L,,,,,,LAB,,LAB,,LAB,,LAB,,LAB,,LAB,,UVD301T,,UEC304L,,,,,,,,,,LAB,,LAB,,LAB,,LAB,,UNC305T,,UNC501L,,,,,,,,,4,,10:30 AM
D,,,,D116,,,,,,,SGK,,,,,,,,,B301,,,,,,,,,ALK,F102,,,,,JS/NF2,F103,,,,,JPR,,,,,JSR-CRA,,GDS,,,,,,,,,,E302,,,BCM,B303,,,,,,,MKB,E307,AKP,HSC,,NEN,,F104,APC12,,,F201,,,,,SV,F202,,,,,MB,LC3,,RF2/APS,,RF3/GTS,,APS/RF2,,GTS/RF3,,PF4,,F301,PF1,B304,,,,,,,,,MKR,ARP,,TSP,,DKR,,SUK,,B107,APC5,B305,,,,,,,MJS,D,,,
,5,,11:20 AM,UEI408L,,,,,,,,,,,,,,,,ULC301L,,,,,,,,,,UMA034L,,,,,,UES009L,,,,,,URAXXX P,,UMA034P,,URAXXXT,,,,BEST-SEN (P),,LAB,,UMA034P,,,,UTD003L,,,,UBT307L,,,,,,,,UBM017L,,UCC302L,,UCE310L,,,,,,UTD003L,,,,,,,,,,,,,,,,,,UVD301L,,,,,,,,UEC304T,,UNC305T,,,,,,,,UNC401L,,,,,,,,,,UNC305L,,,,,,,,,5,,11:20 AM
A,,,,D116,,,,,,,VS,,,,,,,,,B301,,,,,,,,,ADG,F102,,,,,MKS,F103,,,,,NK,MOM,,G201(PG),,F209,SVS,,,BSL/BHL/BPL,,SVG/RF3,,FIST(G307),,,,LT101,,,,B303,,,,,,,DS,E307,DBM,E303,SCH,F104,,,,,SJS,LT101,,,,,,,,,,,,,,,,,,B302,,,,,,,MKA,F301,APC2,B107,ST,,,,,,,B304,,,,,,,,,PV,B305,,,,,,,PK,A,,,
,6,,12:10 PM,,,UEI301T,,,,,,,,,,,,,,UES301L,,,,,,,,,,,,,,,,BEST-EE/HP(L),,,,,,LAB,,LAB,,,,,,LAB,,,,LAB,,,,SSS,,,,UCH301L,,,,,,,,,,UCC306L,,UMA035L,,,,,,VK,,,,,,,,,,,,,,,,,,,,UEC612T,,,,,,,,,,,,,,,,UNC305L,,,,,,,,,,UNC401L,,,,,,,,,6,,12:10 PM
Y,,,,,,E101,SGK,,,,,,,,,,,,,B301,,,,,,,,,NF1,,,,,,,F103,,,,,PN/AVS,NG,,NK,,,,,,JS/RAW,,,,TA18,,,,,,,,B303,,,,,,,HH,,,E303,TPK,F104,,,,,SJK,,,,,,,,,,,,,,,,,,,,,F301,PF1,,,,,,,,,,,,,,,B304,,,,,,,,,NS,B305,,,,,,,ANS,Y,,,
,7,,1:00 PM,,,,,,,,,UTA030L,,,,,,,,,,,,,,,,,,,,,,,,,,,,,,,,,,,,,,,,,,,,,,,,,,,,,,,,,,,,,,,,,,,,,,,,,,,,,,,,,,,,,,,,,,,,,,,,,,,,,,,,,,,,,,,,,,,,,,,,,,,7,,1:00 PM
,,,,,,,,,,,,D116,,,,,,,GDS/AKV,,,,,,,,,,,,,,,,,,,,,,,,,,,,,,,,,,,,,,,,,,,,,,,,,,,,,,,,,,,,,,,,,,,,,,,,,,,,,,,,,,,,,,,,,,,,,,,,,,,,,,,,,,,,,,,,,,,,,,
,8,,1:50 PM,UCS321P,,,,,,,,UMA028P,,UEE301P,,UMA028P,,UMA028P,,,,,,,,,,UTA030P,,UME517T,,BEST3.3T,,,,,,,,,,UMA034L,,,,,,,,UMT306L,,,,,,,,,,,,,,,,,,,,UCS321P,,,,UMA035P,,,,,,,,,,,,,,UEC612P,,UMA035P,,,,,,,,UCS321P,,,,,,,,UNC305L,,,,,,,,,,,,,,,,,,,,,,,,,,,,,8,,1:50 PM
,,,,B301,,,,,,,,NA2(G204),,MACHINE(C117),,FIST(G307),,NEW(G309),,,,,,,,,,B216/L101,,F209,PCY,F210,RJS,,,,,,,,,B302,,,,,,,NK,F103,,,,,,,RAR,,,,,,,,,,,,,B301,,,,NA1(G203),,,,,,,,,,,,,,C325,,NA-2(G201),,,,,,,,B305,,,,,,,,B304,,,,,,,,,ST,,,,,,,,,,,,,,,,,,,,,,
,9,,2:40 PM,KKG,,,,,,,,LAB,,LAB,,LAB,,LAB,,UMA301T,,ULC302T,,,,,,LAB,,BEST-EEP,,UME517T,,BEST3.3T,,,,,,,,URAXXXL,,,,,,,,BEST3.3L,,,,,,,,UCH307P,,UCH409P,,,,,,,,,,KKG,,UCC306T,,LAB,,UCE310T,,,,UMA035L,,,,,,,,LAB,,LAB,,,,,,,,LAB,,,,,,,,UNC302L,,,,,,,,,,,,UEC304T,,,,UNC305T,,,,,,,,,,,,,9,,2:40 PM
,,,,,,,,,,,,ANK,,TA3,,RA8,,TA1,,E308,MDL,E302,NIN,,,,,RJS/KAS,,LAB,,F210,PCY,F209,RJS,,,,,,,B302,,,,,,,NG,F103,,,,,,,AM,B118,,B112,,,,,,,,,,,,E303,TPK,SJK,,F104,SJS,,,F201,,,,,RJD,,,AS,,TA19,,,,,,,,ARN,,,,,,,,B304,,,,,,,,,CDM,,,B107,MKA,,,F301,PK,,,,,,,,,,,,,,
,10,,3:30 PM,UEI408T,,,,UEI408P,,UES034P,,UEE301L,,,,,,,,UTA030P,,UTA030P,,ULC301P,,ULC301P,,UMA301T,,PN/RF1,,,,,,,,,,,,URA301L,,,,,,,,,,,,,,UTA018P,,LAB,,LAB,,UTD003L,,,,,,,,UBM009L,,UTD003P,,UTD003L,,,,,,,,,,,,UEC311T,,UES012P,,,,UEC612P,,UES012T,,UMA035P,,UTD003L,,,,,,,,UCS321P,,,,,,,,,,UNC401P,,UNC501P,,UNC302P,,UEC304P,,,,UEC304L,,,,,,,,,10,,3:30 PM
,,,,E302,VS,,,ANALOG(B211),,IOT(D206B),,D116,,,,,,,SP,B216/L101,,L101/B216,,PSS(H220),,NETWORK(H223),,E308,MDL,,,,,,,,,,,,,B302,,,,,,,DMG,,,,,,,ED2(L209),,HPB,,VP,,LT101,,,,,,,,E307,DBD,LT101,,LT101,,,,,,,,,,,,B107,SV,G321,,,,C325,,F301,LC3,NA-1(G203),,LT101,,,,,,,,B304,,,,,,,,,,C328,,C332,,C327,,C334,,,,B305,,,,,,,ARP,,,,
,11,,4:20 PM,,,UEI408T,,LAB,,LAB,,UES302L,,,,,,,,LAB,,LAB,,LAB,,LAB,,ULC302T,,,,,,,,,,,,,,UTA018L,,,,,,,,,,,,,,LAB,,,,UCH302T,,SSS,,,,,,,,UBM003L,,SSS,,SSS,,,,,,,,,,,,UEC612T,,LAB,,,,LAB,,,,LAB,,VK,,,,,,,,LAB,,,,,,,,,,LAB,,LAB,,LAB,,LAB,,,,UNC302L,,,,,,,,,11,,4:20 PM
,,,,,,E302,VS,TA2,,TA5,,D116,,,,,,,MIS,AMK1/ASM,,ASM/AMK1,,ALK,,TA12,,E308,NIN,,,,,,,,,,,,,B302,,,,,,,DEM,,,,,,,YAD-RA,,,,E303,JPK,,,,,,,,,E307,NF1,,,,,,,,,,,,,,,B107,AS,LC5,,,,MB,,,,TA40,,,,,,,,,,SMV,,,,,,,,,,APC16,,RF12,,ANS,,AKC,,,,B305,,,,,,,TSP,,,,
,12,,5:10 PM,,,,,,,,,,,,,,,,,,,,,,,,,,,,,,,,,,,,,,,,,,,,,,,,,,,,,,,,,,,,,,,,,,,,,,,,,,,,,,,,,,,,,,,,,,,,,,,,,,,,,,,,,,,,,,,,,,,,,,,,,,,,,,,,,,,,12,,5:10 PM
,,,,,,,,,,,,,,,,,,,,,,,,,,,,,,,,,,,,,,,,,,,,,,,,,,,,,,,,,,,,,,,,,,,,,,,,,,,,,,,,,,,,,,,,,,,,,,,,,,,,,,,,,,,,,,,,,,,,,,,,,,,,,,,,,,,,,,,,,
,13,,6:00 PM,,,,,,,,,,,,,,,,,,,,,,,,,,,,,,,,,,,,,,,,,,,,,,,,,,,,,,,,,,,,,,,,,,,,,,,,,,,,,,,,,,,,,,,,,,,,,,,,,,,,,,,,,,,,,,,,,,,,,,,,,,,,,,,,,,,,13,,6:00 PM
,,,,,,,,,,,,,,,,,,,,,,,,,,,,,,,,,,,,,,,,,,,,,,,,,,,,,,,,,,,,,,,,,,,,,,,,,,,,,,,,,,,,,,,,,,,,,,,,,,,,,,,,,,,,,,,,,,,,,,,,,,,,,,,,,,,,,,,,,
,14,,6:50 PM,,,,,,,,,,,,,,,,,,,,,,,,,,,,,,,,,,,,,,,,,,,,,,,,,,,,,,,,,,,,,,,,,,,,,,,,,,,,,,,,,,,,,,,,,,,,,,,,,,,,,,,,,,,,,,,,,,,,,,,,,,,,,,,,,,,,14,,6:50 PM
,,,,,,,,,,,,,,,,,,,,,,,,,,,,,,,,,,,,,,,,,,,,,,,,,,,,,,,,,,,,,,,,,,,,,,,,,,,,,,,,,,,,,,,,,,,,,,,,,,,,,,,,,,,,,,,,,,,,,,,,,,,,,,,,,,,,,,,,,
,1,,8:00 AM,,,,,,,,,,,,,,,,,,,,,UES301P,,,,,,,,,,UMA034P,,BEST-SEN(L),,,,,,,,,,,,,,UMT306P,,,,,,,,,,,,,,,,,,,,,,,,,,UCE308P,,,,,,,,,,,,,,,,,,,,,,,,,,,,,,UTD003L,,,,,,,,,,,,,,,,,,,,,,,,,,,,,1,,8:00 AM
T,,,,,,,,,,,,,,,,,,,,,,,,ANALOG(B211),,,,,,,,,,NEW(G309),,F103,,,,,JS,,,,,,,,,ISD,,,,,,,,,,,,,,,,,,,,,,,,,,D122,,,,,,,,,,,,,,,,,,,,,,,,,,,,,,LT101,,,,,,,,,,,,,,,,,,,,,,,,,,,,T,,,
,2,,8:50 AM,,,,,,,,,UEE301L,,,,,,,,ULC302T,,UMA301T,,LAB,,,,,,,,,,LAB,,BEST-EE(L),,,,,,UMA401L,,,,,,,,LAB,,,,,,,,UES012T,,,,,,,,,,,,,,,,,,LAB,,,,,,,,,,,,,,,,,,,,UES012T,,,,,,,,,,VK,,,,,,,,,,,,,,,,,,,,,,,,,,,,,2,,8:50 AM
U,,,,,,,,,,,,D116,,,,,,,SP,B301,NIN,E301,MDL,TA16,,,,,,,,,,JPR,,F103,,,,,SVG,B302,,,,,,,PJS,RAR,,,,,,,,E302,LC3,,,,,,,,,,,,,,,,,DAS,,,,,,,,,,,,,,,,,,,,F301,LC4,,,,,,,,,,,,,,,,,,,,,,,,,,,,,,,,,,,,,U,,,
,3,,9:40 AM,UES034P,,UEI408P,,,,UES034T,,UEE307L,,,,,,,,UCS321L,,,,,,,,,,UMA034L,,,,,,BEST-ED(L),,,,,,,,,,,,UTA018P,,,,BEST-SENP,,BEST3.3T,,,,UCH306L,,,,,,,,,,,,UBM024P,,UCE306L,,,,,,,,UTA016P,,UTA016P,,UEC612P,,UTA016P,,UTA016P,,,,UEC311L,,,,,,UMA035L,,,,,,,,UNC501P,,UNC401P,,UEC304P,,UEC302P,,UEC304T,,UNC401L,,,,,,,,,,UEC304L,,,,,,,,,3,,9:40 AM
E,,,,IOT(D206B),,ANALOG(B211),,,,F109,TA5,D116,,,,,,,PN,B301,,,,,,,,,,F102,,,,,MKS,F103,,,,,MBD/AKS/RKS,,,,,,,ED-2(L2009),,,,BSL/BHL/BPL,,F209,AM,,,E302,,,NS,,,,,,,,,BM(C324),,F104,,,,,,,HSC,B204/F314,,C212/F315,,C325,,F314/B204,,F315/C212,,,,F201,,,,,SP,B302,,,,,,,TV,C332,,C328,,C334,,C327,,F301,APC14,B304,,,,,,,,,PV,B305,,,,,,,ARP,E,,,
,4,,10:30 AM,LAB,,LAB,,UEI301T,,UMA032T,,UES302L,,,,,,,,KKG,,,,,,,,,,UES009L,,,,,,UME309L,,,,,,,,,,,,LAB,,,,LAB,,BEST-EE P,,BEST3.3T,,UCH301L,,,,UBT321L,,,,,,,,LAB,,UCC306L,,UCE312L,,,,,,LAB,,LAB,,LAB,,LAB,,LAB,,,,UEC612L,,,,,,UCS321L,,,,,,,,LAB,,LAB,,LAB,,LAB,,UNC305T,,UEC304L,,,,,,,,,,UNC302L,,,,,,,,,4,,10:30 AM
S,,,,GK,,VS,,E103,SGK,E308,RCH,D116,,,,,,,MIS,,,,,,,,,,,F102,,,,,KKH,F103,,,,,SSM,,,,,,,SBH,,,,JS/VPR,,,,F209,AM,E302,,,RKG,B303,,,,,,,,DBM,,E303,TPK,F104,,,,,SHG,RF1/PKC,,RF10/VJ,,BG,,PKC/RF1,,VJ/RF10,,,,F201,,,,,AS,B302,,,,,,,ARN,RF12,,SSK,,APC13,,ANS,,F301,PK,B304,,,,,,,,,AKC,B305,,,,,,,TSP,S,,,
,5,,11:20 AM,UTD003L,,,,,,,,UTD003L,,,,,,,,UTD003L,,,,,,,,,,UME309L,,,,,,UMA034L,,,,,,,,UTA018P,,,,,,,,,,LAB,,BEST-SENP,,UCH302L,,,,AKU,,,,,,,,,,UMA303L,,UMA035L,,,,,,UCS321L,,,,,,UEC612L,,,,,,UEC311T,,,,,,UVD302L,,,,,,,,UNC401L,,,,,,,,,,UEC304T,,UEC304P,,UNC501P,,UNC302P,,,,,,,,,,,,,5,,11:20 AM
D,,,,LT101,,,,,,,,LT101,,,,,,,,LT101,,,,,,,,,,F102,,,,,RKS,F103,,,,,JPR,,,H107,,,,,,,,,,PN/RF-2,,BSL/BHL/BPL,,E302,,,JPK,,,,,,,,,,,E303,NB,F104,,,,,SJK,F201,,,,,VKM,F202,,,,,MB,F301,SP,,,,,B302,,,,,,,ARP,B304,,,,,,,,,AKA,B107,APC2,C334,,C332,,C327,,,,,,,,,,,,D,,,
,6,,12:10 PM,SSS,,,,,,,,SSS,,,,,,,,SSS,,,,,,,,,,BEST3.3L,,,,,,,,,,,,,,LAB,,,,,,,,,,,,LAB,,UCH409L,,,,UCH301L,,,,,,,,,,,,UCE312T,,,,,,UCS321L,,,,,,UEC311L,,,,,,,,,,,,UVD301L,,,,,,,,UNC501L,,,,,,,,,,,,LAB,,LAB,,LAB,,,,,,,,,,,,,6,,12:10 PM
A,,,,,,,,,,,,,,,,,,,,,,,,,,,,,,F102,,,,,RJS,,,,,,,,,JSR-CRA,,,,,,,,,,,,SNP/VPR,,E302,,,VP,B303,,,,,,,HH,,,,,F104,APC13,,,,,F201,,,,,VKM,F202,,,,,ST,,,,,,,B302,,,,,,,MKA,B304,,,,,,,,,DGS,,,APC14,,KUA-RA,,CDM,,,,,,,,,,,,A,,,
,7,,1:00 PM,,,,,,,,,,,,,,,,,,,,,,,,,,,,,,,,,,,,,,,,,,,,,,,,,,,,,,,,,,,,,,,,,,,,,,,,,,,,,,,,,,,,,,,,,,,,,,,,,,,,,,,,,,,,,,,,,,,,,,,,,,,,,,,,,,,,7,,1:00 PM
Y,,,,,,,,,,,,,,,,,,,,,,,,,,,,,,,,,,,,,,,,,,,,,,,,,,,,,,,,,,,,,,,,,,,,,,,,,,,,,,,,,,,,,,,,,,,,,,,,,,,,,,,,,,,,,,,,,,,,,,,,,,,,,,,,,,,,,,Y,,,
,8,,1:50 PM,UTA030L,,,,,,,,,,,,,,,,,,,,,,,,,,UME517L,,,,,,UCS321P,,,,,,,,,,UMT404P,,,,BEST3.3 L,,,,,,,,,,,,,,,,,,,,UBM031L,,UCC305L,,,,,,UCE306P,,,,,,,,,,,,,,UES012L,,,,,,,,UVD301T,,UEC612T,,,,,,,,,,,,UNC401P,,UCS321L,,,,,,,,,,UNC401L,,,,,,,,,8,,1:50 PM
,,,,D116,,,,,,,GDS/AKV,,,,,,,,,,,,,,,,,,,F104,,,,,PCY,F102,,,,,,,,,,L101,,,,F103,,,,,,,AM,,,,,,,,,,,,,E307,SUM,LP109,SHR,,,,,C218,,,,,,,,,,,,,,F201,,,,,JTK,,,F301,MKA,B107,PF4,,,,,,,,,,,C211,,B304,,,,,,,,,SMV,B305,,,,,,,ANS,,,,
,9,,2:40 PM,UEI301L,,,,,,,,,,,,,,,,UMA301L,,,,,,,,,,,,,,UME517T,,JYT,,,,,,,,,,LAB,,URAXXX T,,UMT306L,,,,,,,,UCH301T,,,,,,,,,,,,UBM031T,,UCC305/UCE312P,,,,,,LAB,,,,UES012T,,,,,,,,,,UMA035L,,,,,,UEC612L,,,,,,,,,,,,,,UNC305T,,LAB,,UNC501L,,,,,,,,,,UCS321L,,,,,,,,,9,,2:40 PM
,,,,D116,,,,,,,SGK,,,,,,,,,B301,,,,,,,,,MDL,,,,,F209,TN,,,,,,,,,,,RKR,,F308,SVS,F103,,,,,,,RAR,E302,RKG,,,,,,,,,,,E307,TA6,SM,,,,,,VVK,,,,F301,LC30,,,,,,,,,F201,,,,,FM,B302,,,,,,,GPK,,,,,,,B107,NS,PV,,B304,,,,,,,,,SUK,B305,,,,,,,RHL,,,,
,10,,3:30 PM,UES034L,,,,,,,,,,,,,,,,UES301L,,,,,,,,,,,,,,UES009T,,UME309T,,,,,,UMA034P,,UMA401P,,,,UMA034P,,UCS321P,,,,,,,,UCS321L,,,,,,,,,,,,UBM009L,,LAB (W123),,,,UCE310P,,,,,,UEC612T,,,,,,,,,,UES012T,,UES012P,,,,UVD301P,,,,,,UEC612P,,,,,,,,UNC501P,,,,UNC302P,,,,,,,,UEC304P,,,,UNC501P,,,,,,,10,,3:30 PM
,,,,D116,,,,,,,MDS,,,,,,,,,B302,,,,,,,,,VKM,,,,,F209,KKH,F210,SSM,,,,,NEW(G309),,CAD-2,,,,FIST(G307),,F103,,,,,,,,E302,,,,,,,,,,,,E307,DBD,SHR/SHG,,,,H108,,,,,,B107,MB,,,,,,,,,F301,OPP,G249,,,,B105,,,,,,C325,,,,,,,,C332,,,,C327,,,,,,,,C334,,,,C328,,,,,,,,,
,11,,4:20 PM,UMA302L,,,,,,,,,,,,,,,,,,,,,,,,,,,,,,,,UES009T,,UME309T,,,,LAB,,LAB,,,,LAB,,LAB,,,,,,,,ASK,,,,,,,,,,,,UMA017L,,,,,,LAB,,,,,,UEC311T,,,,,,,,,,,,LAB,,,,MKA,,,,,,LAB,,,,,,,,LAB,,,,LAB,,,,,,,,LAB,,,,LAB,,,,,,,11,,4:20 PM
,,,,D116,,,,,,,RCH,,,,,,,,,,,,,,,,,,,,,,,,,F210,MDS,F209,SSM,,,MKS,,TA16,,,,TA20,,KV,,,,,,,,,,,,,,,,,,,,E307,AKP,,,,,SJS,,,,,,B107,ST,,,,,,,,,,,KUS,,,,,,,,,,BG,,,,,,,,KUA-RA,,,,CDM,,,,,,,,ARP,,,,ISN-RA,,,,,,,,,
,12,,5:10 PM,,,,,,,,,,,,,,,,,,,,,,,,,,,,,,,,,,,,,,,,,,,,,,,,,,,,,,,,,,,,,,,,,,,,,,,,,,,,,UTA016L,,,,,,UTA016L,,,,,,UTA016L,,,,,,UTA016L,,,,,,,,,,,,,,,,,,,,,,,,,,,,,,,,,,,,,12,,5:10 PM
,,,,,,,,,,,,,,,,,,,,,,,,,,,,,,,,,,,,,,,,,,,,,,,,,,,,,,,,,,,,,,,,,,,,,,,,,,,,,,,,LP101/LT103,,,,,AMJ/SCS,LT101/LT102,,,,,SCS/AMJ,LP101/LT103,,,,,AMJ/SCS,LT103/LP101,,,,,,,SCS/AMJ,,,,,,,,,,,,,,,,,,,,,,,,,,,,,,,,
,13,,6:00 PM,,,,,,,,,,,,,,,,,,,,,,,,,,,,,,,,,,,,,,,,,,,,,,,,,,,,,,,,,,,,,,,,,,,,,,,,,,,,,,,,,,,,,,,,,,,,,,,,,,,,,,,,,,,,,,,,,,,,,,,,,,,,,,,,,,,,13,,6:00 PM
,,,,,,,,,,,,,,,,,,,,,,,,,,,,,,,,,,,,,,,,,,,,,,,,,,,,,,,,,,,,,,,,,,,,,,,,,,,,,,,,,,,,,,,,,,,,,,,,,,,,,,,,,,,,,,,,,,,,,,,,,,,,,,,,,,,,,,,,,
,14,,6:50 PM,,,,,,,,,,,,,,,,,,,,,,,,,,,,,,,,,,,,,,,,,,,,,,,,,,,,,,,,,,,,,,,,,,,,,,,,,,,,,,,,,,,,,,,,,,,,,,,,,,,,,,,,,,,,,,,,,,,,,,,,,,,,,,,,,,,,14,,6:50 PM
,,,,,,,,,,,,,,,,,,,,,,,,,,,,,,,,,,,,,,,,,,,,,,,,,,,,,,,,,,,,,,,,,,,,,,,,,,,,,,,,,,,,,,,,,,,,,,,,,,,,,,,,,,,,,,,,,,,,,,,,,,,,,,,,,,,,,,,,,
,1,,8:00 AM,,,UTA030P,,,,,,,,UTA030P,,,,,,,,,,,,,,,,UME309P,,BEST-EEP,,,,,,UME309P,,,,,,,,,,,,,,,,,,,,,,,,,,,,,,,,UBM003P,,UMA303P,,,,UMA035P,,UMA035P,,UES012P,,UMA035P,,,,,,,,,,,,,,,,,,,,,,,,,,,,,,,,,,,,,,,,,,UNC302P,,,,,,,,,,,1,,8:00 AM
W,,,,,,B216/L101,,,,,,,,L101/B216,,,,,,,,,,,,,,,,FM,,,,,,,,FM,,,,,,,,,,,,,,,,,,,,,,,,,,,,,,,,BIO PROCEES,,NA-1(G203),,,,PG(G201),,FIST(G307),,MS(G321),,NA(G204),,,,,,,,,,,,,,,,,,,,,,,,,,,,,,,,,,,,,,,,,,C327,,,,,,,,,,W,,,
,2,,8:50 AM,UES034T,,LAB,,,,UEI408T,,,,LAB,,,,,,UMA301L,,,,,,,,,,LAB,,LAB,,,,,,LAB,,,,UCS321L,,,,,,,,UTA018L,,,,,,,,,,,,UBT307L,,,,,,,,LAB,,LAB,,,,LAB,,LAB,,LAB,,LAB,,,,,,,,UES012T,,,,,,,,,,,,,,,,,,,,,,,,,,,,,,,,,,LAB,,,,,,,,,,,2,,8:50 AM
E,,,,E308,TA5,PF3/SAS-RA,,,,E302,TA2,,,SAS-RA/PF3,,,,,,B301,,,,,,,,,MDL,HPS/,,SVG/RF-2,,,,,,KRC,,,,B302,,,,,,,SMV,F103,,,,,,,DEM,,,,,B303,,,,,,,DS,NF1,,TA15,,,,RA9,,TA19,,LC4,,RJD,,,,,,,,F301,LC3,,,,,,,,,,,,,,,,,,,,,,,,,,,,,,,,,ANS,,,,,,,,,,E,,,
,3,,9:40 AM,UES034L,,,,,,,,UEE301P,,UES302P,,,,,,ULC302L,,,,,,,,,,BEST-EDP,,,,UME309T,,UME309P,,BEST-SEN(P),,UME309P,,UMT404L,,,,,,,,BEST-EE/HP L,,,,,,,,UCH302L,,,,UBT308L,,,,,,,,UBM024P,,UCE306L,,,,,,,,UMA035L,,,,,,UMA035L,,,,,,UTA016P,,,,,,,,UEC612P,,UTA016P,,,,UNC302L,,,,,,,,,,UCS321P,,,,,,,,,,UNC401P,,UEC304P,,UNC305T,,UEC304T,,,3,,9:40 AM
D,,,,D116,,,,,,,MDS,MACHINE(C117),,I&C(C217),,,,,,B301,,,,,,,,,NIN,CAD-2,MBD/RSJ,,,F209,HPS,FM,,BSL/BHL/BPL,,FM,,B302,,,,,,,RKR,F103,,,,,,,PN/VPR,E302,,,JPK,B303,,,,,,,OVQ,BM(C324),,F104,,,,,,,HSC,F201,,,,,RJD,F202,,,,,TV,B204/F314,,,,,,,,C325,,F314/B204,,,,B304,,,,,,,,,CDM,B305,,,,,,,,,,C328,,C334,,B107,NS,F301,APC13,D,,,
,4,,10:30 AM,UEI301L,,,,,,,,LAB,,LAB,,,,,,ULC303L,,,,,,,,,,UES009L,,,,,,LAB,,LAB,,LAB,,UMA401L,,,,,,,,BEST-SEN L,,,,,,,,UES012L,,,,UBT309L,,,,,,,,LAB,,UCC302L,,UCE312L,,,,,,UEC311L,,,,,,UEC311L,,,,,,LAB,,,,,,,,LAB,,LAB,,,,UEC304L,,,,,,,,,,LAB,,,,,,,,,,LAB,,LAB,,UEC304T,,UNC305T,,,4,,10:30 AM
N,,,,D116,,,,,,,SGK,TA3,,TA7,,,,,,B301,,,,,,,,,ALK,F102,,,,,KKH,SSM,,SNP/SUK,,KRC,,B302,,,,,,,PJS,F103,,,,,,,JS,E302,,,BCM,B303,,,,,,,MKB,DBM,,E303,SCH,F104,,,,,SHG,F201,,,,,SV,F202,,,,,ST,RF2/ASO,,,,,,,,MB,,ASO/RF2,,,,B304,,,,,,,,,MKR,SMV,,,,,,,,,,AKA,,ARP,,B107,APC14,F301,PK,N,,,
,5,,11:20 AM,UMA302L,,,,,,,,UMA028L,,,,,,,,ULC301L,,,,,,,,,,UME309L,,,,,,BEST-SEN(P),,UMA034P,,BEST3.3T,,URAXXXL,,,,,,,,UMA034L,,,,,,,,UCH306L,,,,UBT310L,,,,,,,,,,UMA303L,,UCE310L,,,,,,UES012L,,,,,,UCS321L,,,,,,UEC612T,,UMA035P,,UES012P,,,,,,,,,,,,UEC304T,,,,,,,,UEC304L,,,,,,,,,,UNC501L,,,,,,,,,5,,11:20 AM
E,,,,D116,,,,,,,RCH,F105,,,,,,,ANK,B301,,,,,,,,,ADG,F102,,,,,RKS,BSL/BHL/BPL,,NA-1(G203),,F210,MKD,B302,,,,,,,NG,F103,,,,,,,NK,E302,,,NS,B303,,,,,,,SS,,,E303,NB,F104,,,,,SJS,F201,,,,,KUS,F202,,,,,VKM,F301,AS,NA2(G204),,MS(G321),,,,,,,,,,,,B107,APC13,,,,,,,B304,,,,,,,,,AKC,B305,,,,,,,MJS,E,,,
,6,,12:10 PM,UEI408L,,,,,,,,,,,,,,,,UTA030L,,,,,,,,,,UMA034L,,,,,,LAB,,LAB,,UME517T,,UTA018L,,,,,,,,UES009L,,,,,,,,UCH301L,,,,,,,,,,UCH301T,,,,,,,,,,,,,,,,,,UCS321L,,,,,,,,LAB,,LAB,,,,,,,,,,,,,,,,,,,,UNC501L,,,,,,,,,,UNC305L,,,,,,,,,6,,12:10 PM
,,,,D116,,,,,,,VS,,,,,,,,,B301,,,,,,,,,GDS/KAS,F102,,,,,MKS,SNP/SUK,,JPR,,F210,TN,B302,,,,,,,DEM,F103,,,,,,,SSD,E302,,,RKG,,,,,,,B307,HH,,,,,,,,,,,,,,,,,F202,,,,,VKM,,,TV,,LC6,,,,,,,,,,,,,,,,,,,,B304,,,,,,,,,SUK,B305,,,,,,,PK,,,,
,7,,1:00 PM,,,,,,,,,,,,,,,,,,,,,,,,,,,,,,,,,,,,,,,,,,,,,,,,,,,,,,,,,,,,,,,,,,,,,,,,,,,,,,,,,,,,,,,,,,,,,,,,,,,,,,,,,,,UNC305T,,UEC304T,,,,,,,,,,,,,,,,,,,,,,,7,,1:00 PM
S,,,,,,,,,,,,,,,,,,,,,,,,,,,,,,,,,,,,,,,,,,,,,,,,,,,,,,,,,,,,,,,,,,,,,,,,,,,,,,,,,,,,,,,,,,,,,,,,,,,,,,,,,,,,,,B107,NS,F301,ARP,,,,,,,,,,,,,,,,,,,,,S,,,
,8,,1:50 PM,,,,,,,,,UCS321L,,,,,,,,,,,,UTA030P,,UTA030P,,UES301P,,,,BEST-SENP,,,,,,,,,,URA302P,,,,,,,,BEST-ED(P),,BEST3.3T,,UMT306P,,UES009T,,,,,,,,,,,,,,UBM024L,,UCC305L,,UCC306P,,,,UCE312T,,,,,,,,,,UMA035P,,UEC311T,,UMA035P,,,,,,,,,,,,,,UNC305L,,,,,,,,,,,,,,,,,,,,UEC304P,,,,,,UNC501P,,,8,,1:50 PM
D,,,,,,,,,,,,D116,,,,,,,,,,,,B216/L101,,L101/B216,,ANALOG(B211),,,,BSL/BHL/BPL,,,,,,,,,,CAM,,,,,,,,CAD-1 LAB,MBD/RKS,F111,AM,ISD,,F209,MDS,,,,,,,,,,,,,E307,SGK,LP109,SHR,C218,,,,F104,APC12,,,,,,,,,NA1(G203),,F301,SP,NA2(G204),,,,,,,,,,,,,,B304,,,,,,,,,ST,,,,,,,,,,,C334,,,,,,C332,,D,,,
,9,,2:40 PM,UEI301T,,UES034P,,UMA032T,,,,KKG,,,,,,,,,,,,LAB,,LAB,,LAB,,,,LAB,,BEST-EE P,,BEST3.3 L,,,,,,LAB,,,,,,,,UES009T,,BEST-ED-(P),,LAB,,,,UCH409P,,UCH307P,,,,UCH301T,,,,,,UBM009T,,UCC305T,,LAB-2,,,,UCE310T,,UEC612L,,,,,,,,LAB,,UEC612T,,LAB,,,,,,,,,,,,,,UCS321L,,,,,,,,,,,,,,,,,,UEC304T,,LAB,,,,,,LAB,,,9,,2:40 PM
A,,,,E308,SGK,IOT(D206B),,E303,RCH,,,,,,,,,,,,,,,GDS/SAS-RA,,SAS-RA/GDS,,NF1,,,,SNP/NF2,,,,F103,,,,,AMG,DMG,,,,,,,,F209,SSD,CAD-1,MBD/RKS,RAW,,,,B112,,B118,,,,B303,HH,,,,,E307,DBD,LP109,SHR,HSC,,,,F104,SJS,F201,,,,,BG,,,RJD,,F301,AS,TV,,,,,,,,,,,,,,B304,,,,,,,,,SMV,,,,,,,,,F202,AKC,APC14,,,,,,ABH-RA,,A,,,
,10,,3:30 PM,UEI408P,,LAB,,UTA030P,,,,UEE307T,,UMA028P,,UTA030P,,,,ULC301P,,ULC301P,,UMA301T,,ULC302T,,,,UES009T,,UME309T,,LAB,,UCS321L,,,,,,UMA401P,,URAXXXP,,URA302P,,UMT404P,,,,UMT306P,,BEST-SEN,,,,LAB,,LAB,,UBT321P,,,,,,,,UBM003L,,UCC302P,,UCE310T,,UCE312P,,,,UES012T,,UEC612P,,UES012P,,UES012P,,UEC311T,,,,UCS321L,,,,,,,,,,UMA035P,,,,,,,,,,,,UNC501P,,UNC401L,,,,,,,,,,UNC302P,,UNC401P,,UEC304P,,,,,10,,3:30 PM
Y,,,,ANALOG(B211),,TA5,,B216/L101,,,,E308,PN,PG(G201),,L101/B216,,,,PSS(H220),,NETWORK(H223),,E305,MDL,E302,NIN,,,F209,KKH,F210,RKS,SVG/RF-2,,F103,,,,,JYT,CAD-2(D102),,MOM,,CAM,,CAD-1,,,,ISD,,BSL/BHL/BPL,,,,VP,,HPB,,B303,,,,,,,,E307,NF1,D122,,F104,SJS,SM,,,,F301,LC3,C325,,MS(G321),,G249,,B107,SV,,,F201,,,,,ARN,,,,,NA1(G203),,,,,,,,,,,,C332,,B304,,,,,,,,,PV,C327,,C328,,C334,,,,Y,,,
,11,,4:20 PM,LAB,,,,LAB,,,,UEE301T,,LAB,,LAB,,UEC307T,,LAB,,LAB,,ULC302T,,UMA301T,,,,UME309T,,UES009T,,,,UME517L,,,,,,LAB,,LAB,,LAB,,LAB,,,,LAB,,LAB,,,,UCS321P,,,,AKU,,,,,,,,UMA017L,,LAB,,,,LAB (W123),,,,,,LAB,,LAB,,LAB,,UEC612T,,,,UCS321L,,,,,,,,,,LAB,,,,,,,,,,,,LAB,,UNC302L,,,,,,,,,,LAB,,LAB,,LAB,,,,,11,,4:20 PM
,,,,VS,,,,AM/KAS,,,,E301,SP,RA8,,KAS/AM,,E308,PN,ALK,,TA12,,E314,NIN,E305,MDL,,,F209,RKS,F210,KKH,,,F103,,,,,TN,PJS,,NG,,MAA,,RKR,,,,RAR,,JS/NF-2,,,,E302,,,,,,,,,,,,E307,AKP,SCH,,,,SHG,,,,,,GPK,,LC4,,LC6,,B107,MB,,,F201,,,,,ARN,,,,,TA17,,,,,,,,,,,,SUK,,B304,,,,,,,,,ANS,TSP,,SSK,,MKR,,,,,,,
,12,,5:10 PM,,,,,,,,,,,,,,,,,,,,,,,,,,,,,,,,,,,,,,,,,,,,,,,,,,,,,,,ASK,,,,,,,,,,,,,,,,,,,,,,,,,,,,,,,,,,,,,,,,,,,,,,,,,,,,,,,,,,,,,,,,,,,,,,,,,,,,,12,,5:10 PM
,,,,,,,,,,,,,,,,,,,,,,,,,,,,,,,,,,,,,,,,,,,,,,,,,,,,,,,,,,,,,,,,,,,,,,,,,,,,,,,,,,,,,,,,,,,,,,,,,,,,,,,,,,,,,,,,,,,,,,,,,,,,,,,,,,,,,,,,,
,13,,6:00 PM,,,,,,,,,,,,,,,,,,,,,,,,,,,,,,,,,,,,,,,,,,,,,,,,,,,,,,,,,,,,,,,,,,,,,,,,,,,,,,,,,,,,,,,,,,,,,,,,,,,,,,,,,,,,,,,,,,,,,,,,,,,,,,,,,,,,13,,6:00 PM
,,,,,,,,,,,,,,,,,,,,,,,,,,,,,,,,,,,,,,,,,,,,,,,,,,,,,,,,,,,,,,,,,,,,,,,,,,,,,,,,,,,,,,,,,,,,,,,,,,,,,,,,,,,,,,,,,,,,,,,,,,,,,,,,,,,,,,,,,
,14,,6:50 PM,,,,,,,,,,,,,,,,,,,,,,,,,,,,,,,,,,,,,,,,,,,,,,,,,,,,,,,,,,,,,,,,,,,,,,,,,,,,,,,,,,,,,,,,,,,,,,,,,,,,,,,,,,,,,,,,,,,,,,,,,,,,,,,,,,,,14,,6:50 PM
,,,,,,,,,,,,,,,,,,,,,,,,,,,,,,,,,,,,,,,,,,,,,,,,,,,,,,,,,,,,,,,,,,,,,,,,,,,,,,,,,,,,,,,,,,,,,,,,,,,,,,,,,,,,,,,,,,,,,,,,,,,,,,,,,,,,,,,,,
,1,,8:00 AM,,,,,,,,,UMA028L,,,,,,,,,,,,,,,,,,BEST3.3L,,,,,,,,,,,,,,,,,,,,BEST-ED L,,,,,,,,,,UCH302P,,,,,,,,,,,,,,,,,,,,,,,,,,,,,,,,,,UEC612P,,,,,,UMA035P,,,,,,,,,,,,,,,,,,,,,,,,,,,,,,,,,,,1,,8:00 AM
T,,,,,,,,,,,,F108,,,,,,,ANK,,,,,,,,,,,F102,,,RJS,,,,,,,,,,,,,,,,,F103,,,,,,,MBD/RKS,,,FM(H108),,,,,,,,,,,,,,,,,,,,,,,,,,,,,,,,,,C325,,,,,,NA1(G203),,,,,,,,,,,,,,,,,,,,,,,,,,,,,,,,,,T,,,
,2,,8:50 AM,,,,,,,UEI301P,,UEE301L,,,,,,,,,,,,,,,,,,UME517L,,,,,,BEST3.3T,,,,,,UMA401L,,,,,,,,BEST-EE/HP L,,,,,,,,,,LAB,,,,,,,,,,,,,,,,,,,,,,,,,,,,,,,,,,LAB,,,,,,LAB,,,,,,,,,,,,,,,,,,,,,,,,,,,,,,,,,,,2,,8:50 AM
H,,,,,,,,,,ANALOG(B211),,D116,,,,,,,SP,,,,,,,,,,,F102,,,PCY,,,F209,AMG,,,,,B302,,,,,,,PJS,F103,,,,,,,SVG/VPR,,,JPK,,,,,,,,,,,,,,,,,,,,,,,,,,,,,,,,,,APC4,,,,,,TA17,,,,,,,,,,,,,,,,,,,,,,,,,,,,,,,,,,H,,,
,3,,9:40 AM,UMA302T,,,,UES034T,,LAB,,UEE307L,,,,,,,,ULC302L,,,,,,,,,,UCS321L,,,,,,BEST-ED(P),,BEST3.3T,,BEST-SEN (P),,UTA018P,,URA302P,,URAXXXP,,,,UES009L,,,,,,,,UCH307L,,,,UBT308L,,,,,,,,UBM003P,,UCC302L,,UCE308L,,,,,,,,UES012P,,UMA035P,,,,,,,,UMA035L,,,,,,UMA035L,,,,,,,,UEC304P,,,,UNC501P,,UNC401P,,UNC302P,,UNC302L,,,,,,,,,,UEC304L,,,,,,,,,3,,9:40 AM
U,,,,E306,RCH,,,E308,TA5,TA9,,D116,,,,,,,PN,B301,,,,,,,,,NIN,F102,,,JYT,,,CAD-2 LAB,MBD/RSJ,F209,AMG,BSL/BHL/BPL,,ED-2(L2009),,CAM,,MOM,,,,F103,,,,,,,SSD,E302,,,HPB,B303,,,,,,,OVQ,BIO PROCESS,,E303,SCH,F104,,,,,DAS,,,MS(G249),,NA1(G203),,,,,,,,F201,,,,,FM,B302,,,,,,,TV,C334,,,,C332,,C328,,C327,,B304,,,,,,,,,ANS,B305,,,,,,,ARP,U,,,
,4,,10:30 AM,UEI301P,,,,,,,,,,,,UEE301T,,,,UCS321P,,,,,,,,,,UCS321P,,,,,,UME517T,,BEST-ED(P),,LAB,,LAB,,LAB,,LAB,,,,BEST-EE(P),,UES009T,,,,,,UES012L,,,,UBT309L,,,,,,,,LAB,,UCC306L,,UCE312L,,,,,,UEC612T,,LAB,,LAB,,UEC612L,,,,,,UEC612L,,,,,,UEC612L,,,,,,,,LAB,,,,LAB,,LAB,,LAB,,UCS321L,,,,,,,,,,UCS321L,,,,,,,,,4,,10:30 AM
R,,,,ANALOG(B211),,,,,,,,,,,,D116,TA3,,,B301,,,,,,,,,,F102,,,,,,F210,TN,CAD-2 LAB,MBD/RSJ,SNP/SUK,,DEM,,MAA,,GB,,,,,,F209,SSD,,,,,E302,,,BCM,B303,,,,,,,MKB,NF1,,E303,TPK,F104,,,,,SHG,F301,BG,LC6,,RA2,,F202,,,,,MB,F201,,,,,AS,B302,,,,,,,GPK,APC13,,,,MJS,,AKA,,TSP,,B304,,,,,,,,,SMV,B305,,,,,,,RHL,R,,,
,5,,11:20 AM,LAB,,,,,,UTA030P,,,,UEE301T,,UES302P,,UTA030P,,KKG,,,,,,,,,,JYT,,,,,,UMA034L,,,,,,URAXXX T,,,,UMA034P,,URAXXXP,,LAB,,,,UES009T,,UMT306P,,UCH409L,,,,,,,,UCH301T,,,,UBM031P,,UMA303L,,UCE310L,,,,,,UMA035L,,,,,,UMA035P,,,,UEC612P,,UEC311L,,,,,,UCS321L,,,,,,,,UNC501L,,,,,,,,,,,,UNC401P,,UNC305T,,UNC401P,,,,UEC304T,,UNC302P,,UNC501P,,UEC304P,,,5,,11:20 AM
S,,,,SGK,,,,,,B216/L101,,,,D116,SP,I&C(C217),,L101/B216,,,,,,,,,,,,,,,,,,F103,,,,,JPR,F209,NG,,,NA2(G204),,MOM,,PN/RF-2,,,,F210,SSD,ISD,,E302,,,VP,,,,,B303,HH,,,EE-2(H222),,E303,NB,F104,,,,,SJS,F202,,,,,RJD,NA1(G203),,,,C325,,F201,,,,,SP,B302,,,,,,,ARN,B304,,,,,,,,,DGS,,,C326,,F301,ST,C328,,,,B107,APC14,C327,,C332,,C334,,S,,,
,6,,12:10 PM,,,,,,,LAB,,,,UEE307T,,LAB,,LAB,,ULC303L,,,,,,,,,,,,,,,,UME517L,,,,,,,,URAXXX T,,LAB,,LAB,,,,,,,,LAB,,UCH307T,,UES012T,,UBT307L,,,,,,,,LAB,,,,UMA035L,,,,,,UES012L,,,,,,LAB,,,,LAB,,UES012L,,,,,,UVD302L,,,,,,,,UEC304L,,,,,,,,,,,,LAB,,,,LAB,,,,UNC305T,,LAB,,LAB,,LAB,,,6,,12:10 PM
D,,,,,,,,,,GDS/AKV,,,,D116,PN,MIS,,AKV/GDS,,B301,,,,,,,,,ALK,,,,,,,F103,,,,,TN,,,F210,NG,NK,,NK,,,,,,,,RAW,,E303,HPB,E302,BCM,B307,,,,,,,DS,TA14,,,,F104,SJK,,,,,F202,,,,,KUS,TV,,,,PF4,,F201,,,,,JTK,B302,,,,,,,ARP,B304,,,,,,,,,MKR,,,APC16,,,,SMD,,,,B107,APC5,CDM,,KUA-RA,,AKC,,D,,,
,7,,1:00 PM,,,,,,,,,,,,,,,,,,,,,,,,,,,,,,,,,,,,,,,,,,,,,,,,,,,,,,,,,,,,,,,,,,,,,,,,,,,,,,,,,,,,,,,,,,,,,,,,,,,,,,,,,,,,,,,,,,,,,,,,,,,,,,,,,,,,7,,1:00 PM
A,,,,,,,,,,,,,,,,,,,,,,,,,,,,,,,,,,,,,,,,,,,,,,,,,,,,,,,,,,,,,,,,,,,,,,,,,,,,,,,,,,,,,,,,,,,,,,,,,,,,,,,,,,,,,,,,,,,,,,,,,,,,,,,,,,,,,,A,,,
,8,,1:50 PM,,,UEE301P,,UEI408T,,,,,,,,,,,,,,,,,,,,,,BEST-SEN-P,,UME309P,,UME309P,,UCS321L,,,,,,UMA034L,,,,,,,,UTA018L,,,,,,,,,,,,,,,,,,,,UBM008L,,UCC305L,,,,,,,,,,,,,,UMA035L,,,,,,,,,,UEC612P,,,,UVD301P,,,,UTA016P,,,,,,,,,,UEC304P,,UNC501L,,,,,,,,,,UNC302L,,,,,,,,,8,,1:50 PM
,,,,,,ANALOG(B211),,E302,VS,,,,,,,,,,,,,,,,,,,,,BSL/BHL/BPL,,FM,,FM,,F102,,,,,JYT,B302,,,,,,,NK,F103,,,,,,,DEM,,,,,,,,,,,,,E307,DBM,LP109,SHR,,,,,,,,,,,,,F201,,,,,TV,,,,,C325,,,,B105,,,,F314/B204,,,,,,,,,,C334,,B304,,,,,,,,,SUK,B305,,,,,,,TSP,,,,
,9,,2:40 PM,,,LAB,,,,UEI301T,,,,,,UEE307T,,,,,,,,,,,,,,LAB,,LAB,,LAB,,BEST3.3L,,,,,,UTA018L,,,,,,,,UMA034L,,,,,,,,,,UCH301T,,UBT311P,,UBT311P,,UBT311P,,UBT311P,,UBM009L,,UCS321P,,,,,,,,UEC311T,,,,UES012T,,UES012L,,,,,,,,,,LAB,,,,LAB,,,,LAB,,UNC305T,,,,,,,,LAB,,UNC305L,,,,,,,,,,UNC501L,,,,,,,,,9,,2:40 PM
Y,,,,,,SGK,,,,E302,TA10,,,,,E308,PN,,,,,,,,,,,,,JS/NF2,,HPS,,RKS,,F102,,,,,AMG,B302,,,,,,,DEM,F103,,,,,,,NK,,,E303,RKG,MOL BIO,,MICRO,,BIOPROCESS,,BIOPROCESS,,E307,DBD,F104,,,,,,,,B209,ST,,,F301,KUS,F201,,,,,OPP,,,,,BG,,,,APC1,,,,SCS/RF1,,B107,PK,,,,,,,APC13,,B304,,,,,,,,,NS,B305,,,,,,,MJS,Y,,,
,10,,3:30 PM,UTA030P,,UMA032T,,,,,,UTA030P,,,,UEE301P,,UES302P,,,,,,,,UES301P,,,,UMA034P,,UMA034P,,BEST-SENP,,UMA034P,,BEST EE-L,,,,UCS321P,,,,,,,,UCS321L,,,,,,,,UES012P,,UES012P,,LAB,,LAB,,LAB,,LAB,,UBM009T,,ABK,,,,,,,,UEC612P,,,,UEC612T,,UCS321P,,,,,,UCS321P,,,,,,UVD301T,,,,,,UMA035P,,UNC302P,,UEC304P,,UNC401P,,,,,,,,,,,,,,UNC501P,,UCS321P,,,,,,,,,10,,3:30 PM
,,,,B216/L101,,E303,RCH,,,,,L101/B216,,,,MACHINE(C117),,I&C(C217),,,,,,,,ANALOG(B211),,,,FIST(G307),,PG(G201),,BSL/BHL/BPL,,NEW(G309),,,,,,B302,,,,,,,SMV,F103,,,,,,,KV,G249,,G321,,MKB,,MG,,OVQ,,DS,,E307,DBD,,,,,,,,,C325,,,,F301,MB,F201,,,,,VKM,F202,,,,,,B107,MKA,,,,,NA1(G203),,C327,,C334,,C328,,,,,,,,,,,,,,C332,,B305,,,,,,,,,,,
,11,,4:20 PM,LAB,,UES034T,,,,,,LAB,,,,LAB,,LAB,,,,,,,,LAB,,,,LAB,,LAB,,LAB,,LAB,,LAB,,,,UCS321P,,,,,,,,,,,,,,,,LAB,,LAB,,,,,,,,,,UMA017L,,,,,,,,,,LAB,,,,UEC311T,,UCS321P,,,,,,LAB,,,,,,UEC612T,,,,,,LAB,,LAB,,LAB,,LAB,,,,,,,,,,,,,,LAB,,LAB,,,,,,,,,11,,4:20 PM
,,,,AMK-1/AKV,,E303,TA5,,,,,AKV/AMK-1,,,,TA3,,MIS,,,,,,,,NF1,,,,TA39,,MKS,,SNP/SUTK,,MKR,,PN/RF-1,,,,B302,,,,,,,SMV,,,,,,,,,BCM,,BNC,,,,,,,,,,E307,AKP,,,,,,,,,AS,,,,F301,ST,F201,,,,,VKM,ARN,,,,,,B107,BG,,,,,RJD,,ANS,,MKR,,AKA,,,,,,,,,,,,,,KUA-RA,,RHL,,,,,,,,,,,
,12,,5:10 PM,,,,,,,,,,,,,,,,,,,,,,,,,,,,,,,,,,,,,,,,,,,,,,,,,,,,,,,,,,,,,,,,,,,,,,,,,,,,,,,,,,,,,,,,,,,,,,,,,,,,,,,,,,,,,,,,,,,,,,,,,,,,,,,,,,,,12,,5:10 PM
,,,,,,,,,,,,,,,,,,,,,,,,,,,,,,,,,,,,,,,,,,,,,,,,,,,,,,,,,,,,,,,,,,,,,,,,,,,,,,,,,,,,,,,,,,,,,,,,,,,,,,,,,,,,,,,,,,,,,,,,,,,,,,,,,,,,,,,,,
,13,,6:00 PM,,,,,,,,,,,,,,,,,,,,,,,,,,,,,,,,,,,,,,,,,,,,,,,,,,,,,,,,,,,,,,,,,,,,,,,,,,,,,,,,,,,,,,,,,,,,,,,,,,,,,,,,,,,,,,,,,,,,,,,,,,,,,,,,,,,,13,,6:00 PM
,,,,,,,,,,,,,,,,,,,,,,,,,,,,,,,,,,,,,,,,,,,,,,,,,,,,,,,,,,,,,,,,,,,,,,,,,,,,,,,,,,,,,,,,,,,,,,,,,,,,,,,,,,,,,,,,,,,,,,,,,,,,,,,,,,,,,,,,,
,14,,6:50 PM,,,,,,,,,,,,,,,,,,,,,,,,,,,,,,,,,,,,,,,,,,,,,,,,,,,,,,,,,,,,,,,,,,,,,,,,,,,,,,,,,,,,,,,,,,,,,,,,,,,,,,,,,,,,,,,,,,,,,,,,,,,,,,,,,,,,14,,6:50 PM
,,,,,,,,,,,,,,,,,,,,,,,,,,,,,,,,,,,,,,,,,,,,,,,,,,,,,,,,,,,,,,,,,,,,,,,,,,,,,,,,,,,,,,,,,,,,,,,,,,,,,,,,,,,,,,,,,,,,,,,,,,,,,,,,,,,,,,,,,
,1,,8:00 AM,,,,,UES034P,,UEI408P,,,,,,,,,,,,,,,,,,,,,,BEST P,,,,,,,,,,,,,,,,,,UTA018P,,,,,,BEST-EE (P),,,,,,,,,,,,,,UBM003L,,,,,,,,,,UMA035P,,,,,,,,,,,,,,,,,,,,,,,,,,,,UNC302P,,,,,,,,,,,,,,,,,,,,,,,,,,,1,,8:00 AM
F,,,,,,,,IOT(D206B),,ANALOG(B211),,,,,,,,,,,,,,,,,,,,,,CAD-1 LAB,MBD/RSJ,,,,,,,,,,,,,,,,,PL-2(L008),,,,,,,,,,,,,,,,,,,,E307,NF1,,,,,,,,,NA2(G204),,,,,,,,,,,,,,,,,,,,,,,,,,,,C327,,,,,,,,,,,,,,,,,,,,,,,,,,F,,,
,2,,8:50 AM,,,,,LAB,,LAB,,,,,,,,UEE301T,,ULC301L,,,,,,,,,,,,,,BEST-ED-P,,UES009L,,,,,,URA302L,,,,,,,,LAB,,,,,,LAB,,,,,,UCH301L,,,,,,,,UBM008L,, ,,UCE308L,,,,,,LAB,,,,,,,,,,,,UMA035L,,,,,,,,,,,,UES012T,,,,LAB,,UEC304T,,,,,,,,,,,,,,,,,,,,,,,,,2,,8:50 AM
R,,,,,,,,TA5,,TA2,,,,,,,,E308,TA3,B301,,,,,,,,,ADG,,,,,CAD-1 LAB,MBD/RSJ,F103,,,,,NK,B302,,,,,,,DMG,TUS-JF,,,,,,SVG/RF-3,,,,,,B303,,,,,,,HH,E307,DBM,,,F104,,,,,DAS,TA40,,,,,,,,,,,,F202,,,,,FM,,,,,,,F301,JTK,,,TSP,,B107,APC13,,,,,,,,,,,,,,,,,,,,,,,R,,,
,3,,9:40 AM,UCS321L,,,,,,,,UES302P,,,,,,UEE301P,,UES301P,,,,,,,,ULC301P,,UCS321L,,,,,,UME309L,,,,,,URAXXXL,,,,,,,,BEST3.3T,,,,,,,,UCH307L,,,,UBT310L,,,,,,,,UCS321P,,UCS321L,,,,,,,,UES012L,,,,,,UES012L,,,,,,,,,,UEC311T,,UMA035L,,,,,,,,UNC305L,,,,,,,,,,UNC501P,,,,,,,,,,,,UNC305T,,UNC401P,,UNC302P,,,3,,9:40 AM
I,,,,B301,,,,,,,,I&C(C217),,,,,,MACHINE(C117),,ANALOG(B211),,,,,,,,PSS(H220),,F102,,,,,JYT,F103,,,,,SSM,B302,,,,,,,NG,F209,AM,,,,,,,E302,,,HPB,B303,,,,,,,SS,B301,,F104,,,,,,,,F201,,,,,KUS,F202,,,,,OPP,,,,,F301,SP,B305,,,,,,,TV,B304,,,,,,,,,ST,C332,,,,,,,,,,,,B107,NS,C328,,C327,,I,,,
,4,,10:30 AM,KKG,,,,,,,,LAB,,,,,,LAB,,LAB,,,,,,,,LAB,,UME309L,,,,,,BEST-EE(P),,UME517T,,UES009T,,UMT404L,,,,,,,,UMA034L,,,,,,,,UCH302L,,,,UBT308L,,,,,,,,KKG,,ABK,,,,,,,,UEC612L,,,,,,UMA035L,,,,,,,,,,UEC612T,,UVD302L,,,,,,,,UCS321L,,,,,,,,,,LAB,,,,,,,,,,,,UEC304T,,LAB,,LAB,,,4,,10:30 AM
D,,,,,,,,,,,,TA7,,,,,,SP,,NF1,,,,,,,,ALK,,F102,,,,,RKS,,,F210,TN,F209,NK,B302,,,,,,,RKR,F103,,,,,,,NK,E302,,,JPK,B303,,,,,,,OVQ,,,,,,,,,,,F201,,,,,BG,F202,,,,,TV,,,,,F301,PF4,B305,,,,,,,ARP,B304,,,,,,,,,SMV,SUK,,,,,,,,,,,,B107,APC13,APC16,,ANS,,D,,,
,5,,11:20 AM,UEI408L,,,,,,,,,,,,,,,,ULC302L,,,,,,,,,,,,,,,,LAB,,UES009T,,BEST-ED-(P),,,,,,UMA401P,,,,UMA034P,,UMA034P,,UTA018P,,,,UCH301L,,,,UCH301T,,,,,,,,UMA017L,,UCC306/UCE310P,,,,UCE306P,,UCE308P,,UCS321P,,,,,,UES012T,,,,,,UES012L,,,,,,UEC612L,,,,,,,,UNC401P,,UNC501P,,UNC302P,,UEC304P,,,,UNC305L,,,,,,,,,,UNC305L,,,,,,,,,5,,11:20 AM
A,,,,D116,,,,,,,VS,,,,,,,,,B301,,,,,,,,,NIN,,,,,,,PN/RF-1,,F209,NK,CAD-1 LAB,MBD/RSJ,,,,,CAD-2(D102),,,,G303,,NA2(G204),,ED-2(L209),,,,E302,,,RKG,B303,HH,,,,,,,E307,AKP,H108,,,,C218,,D122,,F201,,,,,VKM,F301,LC4,,,,,F202,,,,,JTK,B305,,,,,,,GPK,C328,,C332,,C327,,C334,,,,B304,,,,,,,,,NS,B302,,,,,,,PK,A,,,
,6,,12:10 PM,,,,,,,,,,,,,,,,,,,,,,,,,,,BEST3.3T,,,,,,,,,,UME309T,,,,,,LAB,,,,LAB,,LAB,,LAB,,,,UCH306L,,,,,,,,,,,,UBM031L,,LAB,,,,LAB-2,,UCE,,UCS321P,,,,,,,,,,,,UEC612L,,,,,,UVD301L,,,,,,,,LAB,,LAB,,LAB,,LAB,,,,UEC304L,,,,,,,,,,UNC401L,,,,,,,,,6,,12:10 PM
Y,,,,,,,,,,,,,,,,,,,,,,,,,,,,,,F210,MKD,,,,,,,,,F209,HPS,,,,,AM,,,,TA23,,NK,,MAL-RA,,,,E302,,,NS,,,,,,,,,E307,SUM,TPK/SJS,,,,HSC,,NEN,,F201,,,,,VKM,,,,,,,F202,,,,,AS,B305,,,,,,,MKA,AKA,,DGS,,CDM,,MKR,,,,B304,,,,,,,,,AKC,B302,,,,,,,ANS,Y,,,
,7,,1:00 PM,,,,,,,,,,,,,,,,,,,,,,,,,,,,,,,,,,,,,,,,,,,,,,,,,,,,,,,,,,,,,,,,,,,,,,,,,,,,,,,,,,,,,,,,,,,,,,,,,,,,,,,,,,,,,,,,,,,,,,,,,,,,,,,,,,,,7,,1:00 PM
,,,,,,,,,,,,,,,,,,,,,,,,,,,,,,,,,,,,,,,,,,,,,,,,,,,,,,,,,,,,,,,,,,,,,,,,,,,,,,,,,,,,,,,,,,,,,,,,,,,,,,,,,,,,,,,,,,,,,,,,,,,,,,,,,,,,,,,,,
,8,,1:50 PM,,,,,UEI301P,,,,UCS321P,,,,,,,,,,,,,,,,,,,,,,,,,,,,BEST-EE(P),,UMA034L,,,,,,,,,,UTA018P,,BEST-ED-(P),,,,,,,,,,,,,,,,,,,,,,,,,,,,,,UTA016P,,UEC612P,,,,UTA016P,,,,,,,,UMA035P,,,,,,,,,,,,,,,,,,,,UNC305T,,UEC304T,,,,,,UNC501P,,,,,,UNC401P,,,8,,1:50 PM
,,,,,,,,ANALOG(B211),,,,D116,,,,,,,,,,,,,,,,,,,,,,,,,,,,,,B302,,,,,,,NK,,,ED-2(L209),,CAD-1 LAB,MBD/RKS,,,,,,,,,,,,,,,,,,,,,,,,,,,,,B204/F314,,C325,,,,F314/B204,,,,,,,,NA1(G203),,,,,,,,,,,,,,,,,,,,B107,APC5,F301,ARP,,,,,C332,,,,,,C328,,,,,
,9,,2:40 PM,,,,,LAB,,,,LAB,,,,,,,,,,,,,,,,,,,,,,,,,,,,LAB,,UCS321L,,,,,,,,,,LAB,,,,BEST-ED-(P),,UCH302P,,,,,,,,,,,,,,,,,,,,,,,,,,LAB,,LAB,,,,LAB,,,,UEC612T,,,,LAB,,,,UVD301T,,,,UNC401L,,,,,,,,,,UNC302L,,,,,,,,,,LAB,,,,,,LAB,,,9,,2:40 PM
,,,,,,,,SGK,,,,KKG,,,,,,,,,,,,,,,,,,,,,,,,,,,,SVG/RF-3,,B302,,,,,,,SMV,,,TUS-JF,,,,CAD-1 LAB,MBD/RKS,H108,,,,,,,,,,,,,,,,,,,,,,,,,,DG/PKC,,MB,,,,PKC/DG,,,,F301,BG,,,TA15,,,,B107,MKA,,,B304,,,,,,,,,AKA,B305,,,,,,,,,ANS,MJS,,,,,,APC16,,,,,
,10,,3:30 PM,,,,,,,,,UMA028L,,,,,,,,,,,,,,,,,,,,,,,,,,,,,,,,,,,,UMA401P,,,,,,,,UMA034P,,LAB,,,,,,,,,,,,,,,,,,,,,,,,,,,,,,,,UES012P,,,,UEC311T,,,,UEC612P,,,,UVD301P,,,,UNC302L,,,,,,,,,,UNC305T,,,,,,UEC304T,,UNC401P,,,,,,UNC302P,,,,,10,,3:30 PM
,,,,,,,,,,,,F108,,,,,,,ANK,,,,,,,,,,,,,,,,,,,,,,,,,,,,,NEW(G309),,,,,,,,PG(G201),,NS,,,,,,,,,,,,,,,,,,,,,,,,,,,,,,,,MS(G249),,,,F301,SP,,,C325,,,,B105,,,,B304,,,,,,,,,CDM,B107,APC5,,,,,F310,ARP,C328,,,,,,C327,,,,,,,
,11,,4:20 PM,,,,,,,,,,,,,,,,,,,,,,,,,,,,,,,,,,,,,,,,,,,,,LAB,,,,,,,,LAB,,,,,,,,,,,,,,,,,,,,,,,,,,,,,,,,,,LAB,,,,,,,,LAB,,,,LAB,,,,,,,,,,,,,,,,,,,,,,LAB,,,,,,LAB,,,,,11,,4:20 PM
,,,,,,,,,,,,,,,,,,,,,,,,,,,,,,,,,,,,,,,,,,,,,,,,TA16,,,,,,,,RA7,,,,,,,,,,,,,,,,,,,,,,,,,,,,,,,,,,LC4,,,,,,,,AS,,,,PF1,,,,,,,,,,,,,,,,,,,,,,APC17,,,,,,TSP,,,,,,,
,12,,5:10 PM,,,,,,,,,,,,,,,,,,,,,,,,,,,,,,,,,,,,,,,,,,,,,,,,,,,,,,,,,,,,,,,,,,,,,,,,,,,,,,,,,,,,,,,,,,,,,,,,,,,,,,,,,,,,,,,,,,,,,,,,,,,,,,,,,,,,12,,5:10 PM
,,,,,,,,,,,,,,,,,,,,,,,,,,,,,,,,,,,,,,,,,,,,,,,,,,,,,,,,,,,,,,,,,,,,,,,,,,,,,,,,,,,,,,,,,,,,,,,,,,,,,,,,,,,,,,,,,,,,,,,,,,,,,,,,,,,,,,,,,
,13,,6:00 PM,,,,,,,,,,,,,,,,,,,,,,,,,,,,,,,,,,,,,,,,,,,,,,,,,,,,,,,,,,,,,,,,,,,,,,,,,,,,,,,,,,,,,,,,,,,,,,,,,,,,,,,,,,,,,,,,,,,,,,,,,,,,,,,,,,,,13,,6:00 PM
,,,,,,,,,,,,,,,,,,,,,,,,,,,,,,,,,,,,,,,,,,,,,,,,,,,,,,,,,,,,,,,,,,,,,,,,,,,,,,,,,,,,,,,,,,,,,,,,,,,,,,,,,,,,,,,,,,,,,,,,,,,,,,,,,,,,,,,,,
,14,,6:50 PM,,,,,,,,,,,,,,,,,,,,,,,,,,,,,,,,,,,,,,,,,,,,,,,,,,,,,,,,,,,,,,,,,,,,,,,,,,,,,,,,,,,,,,,,,,,,,,,,,,,,,,,,,,,,,,,,,,,,,,,,,,,,,,,,,,,,14,,6:50 PM
,,,,,,,,,,,,,,,,,,,,,,,,,,,,,,,,,,,,,,,,,,,,,,,,,,,,,,,,,,,,,,,,,,,,,,,,,,,,,,,,,,,,,,,,,,,,,,,,,,,,,,,,,,,,,,,,,,,,,,,,,,,,,,,,,,,,,,,,,
,1,,8:00 AM,,,,,,,,,,,,,,,,,,,,,,,,,,,,,,,,,,,,,,,,,,,,,,,,,,,,,,,,,,,,,,,,,,,,,,,,,,,,,,,,,,,,,,,,,,,,,,,,,,,,,,,,,,,,,,,,,,,,,,,,,,,,,,,,,,,,1,,8:00 AM
S,,,,,,,,,,,,,,,,,,,,,,,,,,,,,,,,,,,,,,,,,,,,,,,,,,,,,,,,,,,,,,,,,,,,,,,,,,,,,,,,,,,,,,,,,,,,,,,,,,,,,,,,,,,,,,,,,,,,,,,,,,,,,,,,,,,,,,S,,,
,2,,8:50 AM,,,,,,,,,,,,,,,,,,,,,,,,,,,,,,,,,,,,,,,,,,,,,,,,,,,,,,,,,,,,,,,,,,,,,,,,,,,,,,,,,,,,,,,,,,,,,,,,,,,,,,,,,,,,,,,,,,,,,,,,,,,,,,,,,,,,2,,8:50 AM
A,,,,,,,,,,,,,,,,,,,,,,,,,,,,,,,,,,,,,,,,,,,,,,,,,,,,,,,,,,,,,,,,,,,,,,,,,,,,,,,,,,,,,,,,,,,,,,,,,,,,,,,,,,,,,,,,,,,,,,,,,,,,,,,,,,,,,,A,,,
,3,,9:40 AM,,,,,,,,,,,,,,,,,,,,,,,,,,,,,,,,,,,,,,,,,,,,,,,,,,,,,,,,,,,,,,,,,,,,,,,,,,,,,,,,,,,,,,,,,,,,,,,,,,,,,,,,,,,,,,,,,,,,,,,,,,,,,,,,,,,,3,,9:40 AM
T,,,,,,,,,,,,,,,,,,,,,,,,,,,,,,,,,,,,,,,,,,,,,,,,,,,,,,,,,,,,,,,,,,,,,,,,,,,,,,,,,,,,,,,,,,,,,,,,,,,,,,,,,,,,,,,,,,,,,,,,,,,,,,,,,,,,,,T,,,
,4,,10:30 AM,,,,,,,,,,,,,,,,,,,,,,,,,,,,,,,,,,,,,,,,,,,,,,,,,,,,,,,,,,,,,,,,,,,,,,,,,,,,,,,,,,,,,,,,,,,,,,,,,,,,,,,,,,,,,,,,,,,,,,,,,,,,,,,,,,,,4,,10:30 AM
U,,,,,,,,,,,,,,,,,,,,,,,,,,,,,,,,,,,,,,,,,,,,,,,,,,,,,,,,,,,,,,,,,,,,,,,,,,,,,,,,,,,,,,,,,,,,,,,,,,,,,,,,,,,,,,,,,,,,,,,,,,,,,,,,,,,,,,U,,,
,5,,11:20 AM,,,,,,,,,,,,,,,,,,,,,,,,,,,,,,,,,,,,,,,,,,,,,,,,,,,,,,,,,,,,,,,,,,,,,,,,,,,,,,,,,,,,,,,,,,,,,,,,,,,,,,,,,,,,,,,,,,,,,,,,,,,,,,,,,,,,5,,11:20 AM
R,,,,,,,,,,,,,,,,,,,,,,,,,,,,,,,,,,,,,,,,,,,,,,,,,,,,,,,,,,,,,,,,,,,,,,,,,,,,,,,,,,,,,,,,,,,,,,,,,,,,,,,,,,,,,,,,,,,,,,,,,,,,,,,,,,,,,,R,,,
,6,,12:10 PM,,,,,,,,,,,,,,,,,,,,,,,,,,,,,,,,,,,,,,,,,,,,,,,,,,,,,,,,,,,,,,,,,,,,,,,,,,,,,,,,,,,,,,,,,,,,,,,,,,,,,,,,,,,,,,,,,,,,,,,,,,,,,,,,,,,,6,,12:10 PM
D,,,,,,,,,,,,,,,,,,,,,,,,,,,,,,,,,,,,,,,,,,,,,,,,,,,,,,,,,,,,,,,,,,,,,,,,,,,,,,,,,,,,,,,,,,,,,,,,,,,,,,,,,,,,,,,,,,,,,,,,,,,,,,,,,,,,,,D,,,
,7,,1:00 PM,,,,,,,,,,,,,,,,,,,,,,,,,,,,,,,,,,,,,,,,,,,,,,,,,,,,,,,,,,,,,,,,,,,,,,,,,,,,,,,,,,,,,,,,,,,,,,,,,,,,,,,,,,,,,,,,,,,,,,,,,,,,,,,,,,,,7,,1:00 PM
A,,,,,,,,,,,,,,,,,,,,,,,,,,,,,,,,,,,,,,,,,,,,,,,,,,,,,,,,,,,,,,,,,,,,,,,,,,,,,,,,,,,,,,,,,,,,,,,,,,,,,,,,,,,,,,,,,,,,,,,,,,,,,,,,,,,,,,A,,,
,8,,1:50 PM,,,,,,,,,,,,,,,,,,,,,,,,,,,,,,,,,,,,,,,,,,,,,,,,,,,,,,,,,,,,,,,,,,,,,,,,,,,,,,,,,,,,,,,,,,,,,,,,,,,,,,,,,,,,,,,,,,,,,,,,,,,,,,,,,,,,8,,1:50 PM
Y,,,,,,,,,,,,,,,,,,,,,,,,,,,,,,,,,,,,,,,,,,,,,,,,,,,,,,,,,,,,,,,,,,,,,,,,,,,,,,,,,,,,,,,,,,,,,,,,,,,,,,,,,,,,,,,,,,,,,,,,,,,,,,,,,,,,,,Y,,,
,9,,2:40 PM,,,,,,,,,,,,,,,,,,,,,,,,,,,,,,,,,,,,,,,,,,,,,,,,,,,,,,,,,,,,,,,,,,,,,,,,,,,,,,,,,,,,,,,,,,,,,,,,,,,,,,,,,,,,,,,,,,,,,,,,,,,,,,,,,,,,9,,2:40 PM
,,,,,,,,,,,,,,,,,,,,,,,,,,,,,,,,,,,,,,,,,,,,,,,,,,,,,,,,,,,,,,,,,,,,,,,,,,,,,,,,,,,,,,,,,,,,,,,,,,,,,,,,,,,,,,,,,,,,,,,,,,,,,,,,,,,,,,,,,
,10,,3:30 PM,,,,,,,,,,,,,,,,,,,,,,,,,,,,,,,,,,,,,,,,,,,,,,,,,,,,,,,,,,,,,,,,,,,,,,,,,,,,,,,,,,,,,,,,,,,,,,,,,,,,,,,,,,,,,,,,,,,,,,,,,,,,,,,,,,,,10,,3:30 PM
,,,,,,,,,,,,,,,,,,,,,,,,,,,,,,,,,,,,,,,,,,,,,,,,,,,,,,,,,,,,,,,,,,,,,,,,,,,,,,,,,,,,,,,,,,,,,,,,,,,,,,,,,,,,,,,,,,,,,,,,,,,,,,,,,,,,,,,,,
,11,,4:20 PM,,,,,,,,,,,,,,,,,,,,,,,,,,,,,,,,,,,,,,,,,,,,,,,,,,,,,,,,,,,,,,,,,,,,,,,,,,,,,,,,,,,,,,,,,,,,,,,,,,,,,,,,,,,,,,,,,,,,,,,,,,,,,,,,,,,,11,,4:20 PM
,,,,,,,,,,,,,,,,,,,,,,,,,,,,,,,,,,,,,,,,,,,,,,,,,,,,,,,,,,,,,,,,,,,,,,,,,,,,,,,,,,,,,,,,,,,,,,,,,,,,,,,,,,,,,,,,,,,,,,,,,,,,,,,,,,,,,,,,,
,12,,5:10 PM,,,,,,,,,,,,,,,,,,,,,,,,,,,,,,,,,,,,,,,,,,,,,,,,,,,,,,,,,,,,,,,,,,,,,,,,,,,,,,,,,,,,,,,,,,,,,,,,,,,,,,,,,,,,,,,,,,,,,,,,,,,,,,,,,,,,12,,5:10 PM
,,,,,,,,,,,,,,,,,,,,,,,,,,,,,,,,,,,,,,,,,,,,,,,,,,,,,,,,,,,,,,,,,,,,,,,,,,,,,,,,,,,,,,,,,,,,,,,,,,,,,,,,,,,,,,,,,,,,,,,,,,,,,,,,,,,,,,,,,
,13,,6:00 PM,,,,,,,,,,,,,,,,,,,,,,,,,,,,,,,,,,,,,,,,,,,,,,,,,,,,,,,,,,,,,,,,,,,,,,,,,,,,,,,,,,,,,,,,,,,,,,,,,,,,,,,,,,,,,,,,,,,,,,,,,,,,,,,,,,,,13,,6:00 PM
,,,,,,,,,,,,,,,,,,,,,,,,,,,,,,,,,,,,,,,,,,,,,,,,,,,,,,,,,,,,,,,,,,,,,,,,,,,,,,,,,,,,,,,,,,,,,,,,,,,,,,,,,,,,,,,,,,,,,,,,,,,,,,,,,,,,,,,,,
,14,,6:50 PM,,,,,,,,,,,,,,,,,,,,,,,,,,,,,,,,,,,,,,,,,,,,,,,,,,,,,,,,,,,,,,,,,,,,,,,,,,,,,,,,,,,,,,,,,,,,,,,,,,,,,,,,,,,,,,,,,,,,,,,,,,,,,,,,,,,,14,,6:50 PM
,,,,,,,,,,,,,,,,,,,,,,,,,,,,,,,,,,,,,,,,,,,,,,,,,,,,,,,,,,,,,,,,,,,,,,,,,,,,,,,,,,,,,,,,,,,,,,,,,,,,,,,,,,,,,,,,,,,,,,,,,,,,,,,,,,,,,,,,,
TOTAL,,,,,,,,,,,,,,,,,,,,,,,,,,,,,,,,,,,,,,,,,,,,,,,,,,,,,,,,,,,,,,,,,,,,,,,,,,,,,,,,,,,,,,,,,,,,,,,,,,,,,,,,,,,,,,,,,,,,,,,,,,,,,,,,,,,,,,TOTAL,,,
HOURS,,,,,,,,,,,,,,,,,,,,,,,,,,,,,,,,,,,,,,,,,,,,,,,,,,,,,,,,,,,,,,,,,,,,,,,,,,,,,,,,,,,,,,,,,,,,,,,,,,,,,,,,,,,,,,,,,,,,,,,,,,,,,,,,,,,,,,HOURS,,,
SIGNATURE,,,,,,,,,,,,,,,,,,,,,,,,,,,,,,,,,,,,,,,,,,,,,,,,,,,,,,,,,,,,,,,,,,,,,,,,,,,,,,,,,,,,,,,,,,,,,,,,,,,,,,,,,,,,,,,,,,,,,,,,,,,,,,,,,,,,,,SIGNATURE,,,
,,,,,,,,,,,,,,,,,,,,,,,,,,,,,,,,,,,,,,,,,,,,,,,,,,,,,,,,,,,,,,,,,,,,,,,,,,,,,,,,,,,,,,,,,,,,,,,,,,,,,,,,,,,,,,,,,,,,,,,,,,,,,,,,,,,,,,,,,
,,,,,,,,,,,,,,,,,,,,,,,,,,,,,,,,,,,,,,,,,,,,,,,,,,,,,,,,,,,,,,,,,,,,,,,,,,,,,,,,,,,,,,,,,,,,,,,,,,,,,,,,,,,,,,,,,,,,,,,,,,,,,,,,,,,,,,,,,
,,,,,,,,,,,,,,,,,,,,,,,,,,,,,,,,,,,,,,,,,,,,,,,,,,,,,,,,,,,,,,,,,,,,,,,,,,,,,,,,,,,,,,,,,,,,,,,,,,,,,,,,,,,,,,,,,,,,,,,,,,,,,,,,,,,,,,,,,
,,,,,,,,,,,,,,,,,,,,,,,,,,,,,,,,,,,,,,,,,,,,,,,,,,,,,,,,,,,,,,,,,,,,,,,,,,,,,,,,,,,,,,,,,,,,,,,,,,,,,,,,,,,,,,,,,,,,,,,,,,,,,,,,,,,,,,,,,
,,,,,,,,,,,,,,,,,,,,,,,,,,,,,,,,,,,,,,,,,,,,,,,,,,,,,,,,,,,,,,,,,,,,,,,,,,,,,,,,,,,,,,,,,,,,,,,,,,,,,,,,,,,,,,,,,,,,,,,,,,,,,,,,,,,,,,,,,
,,,,,,,,,,,,,,,,,,,,,,,,,,,,,,,,,,,,,,,,,,,,,,,,,,,,,,,,,,,,,,,,,,,,,,,,,,,,,,,,,,,,,,,,,,,,,,,,,,,,,,,,,,,,,,,,,,,,,,,,,,,,,,,,,,,,,,,,,
,,,,,,,,,,,,,,,,,,,,,,,,,,,,,,,,,,,,,,,,,,,,,,,,,,,,,,,,,,,,,,,,,,,,,,,,,,,,,,,,,,,,,,,,,,,,,,,,,,,,,,,,,,,,,,,,,,,,,,,,,,,,,,,,,,,,,,,,,
,,,,,,,,,,,,,,,,,,,,,,,,,,,,,,,,,,,,,,,,,,,,,,,,,,,,,,,,,,,,,,,,,,,,,,,,,,,,,,,,,,,,,,,,,,,,,,,,,,,,,,,,,,,,,,,,,,,,,,,,,,,,,,,,,,,,,,,,,
,,,,,,,,,,,,,,,,,,,,,,,,,,,,,,,,,,,,,,,,,,,,,,,,,,,,,,,,,,,,,,,,,,,,,,,,,,,,,,,,,,,,,,,,,,,,,,,,,,,,,,,,,,,,,,,,,,,,,,,,,,,,,,,,,,,,,,,,,
,,,,,,,,,,,,,,,,,,,,,,,,,,,,,,,,,,,,,,,,,,,,,,,,,,,,,,,,,,,,,,,,,,,,,,,,,,,,,,,,,,,,,,,,,,,,,,,,,,,,,,,,,,,,,,,,,,,,,,,,,,,,,,,,,,,,,,,,,
,,,,,,,,,,,,,,,,,,,,,,,,,,,,,,,,,,,,,,,,,,,,,,,,,,,,,,,,,,,,,,,,,,,,,,,,,,,,,,,,,,,,,,,,,,,,,,,,,,,,,,,,,,,,,,,,,,,,,,,,,,,,,,,,,,,,,,,,,
,,,,,,,,,,,,,,,,,,,,,,,,,,,,,,,,,,,,,,,,,,,,,,,,,,,,,,,,,,,,,,,,,,,,,,,,,,,,,,,,,,,,,,,,,,,,,,,,,,,,,,,,,,,,,,,,,,,,,,,,,,,,,,,,,,,,,,,,,
,,,,,,,,,,,,,,,,,,,,,,,,,,,,,,,,,,,,,,,,,,,,,,,,,,,,,,,,,,,,,,,,,,,,,,,,,,,,,,,,,,,,,,,,,,,,,,,,,,,,,,,,,,,,,,,,,,,,,,,,,,,,,,,,,,,,,,,,,
,,,,,,,,,,,,,,,,,,,,,,,,,,,,,,,,,,,,,,,,,,,,,,,,,,,,,,,,,,,,,,,,,,,,,,,,,,,,,,,,,,,,,,,,,,,,,,,,,,,,,,,,,,,,,,,,,,,,,,,,,,,,,,,,,,,,,,,,,
,,,,,,,,,,,,,,,,,,,,,,,,,,,,,,,,,,,,,,,,,,,,,,,,,,,,,,,,,,,,,,,,,,,,,,,,,,,,,,,,,,,,,,,,,,,,,,,,,,,,,,,,,,,,,,,,,,,,,,,,,,,,,,,,,,,,,,,,,
,,,,,,,,,,,,,,,,,,,,,,,,,,,,,,,,,,,,,,,,,,,,,,,,,,,,,,,,,,,,,,,,,,,,,,,,,,,,,,,,,,,,,,,,,,,,,,,,,,,,,,,,,,,,,,,,,,,,,,,,,,,,,,,,,,,,,,,,,
,,,,,,,,,,,,,,,,,,,,,,,,,,,,,,,,,,,,,,,,,,,,,,,,,,,,,,,,,,,,,,,,,,,,,,,,,,,,,,,,,,,,,,,,,,,,,,,,,,,,,,,,,,,,,,,,,,,,,,,,,,,,,,,,,,,,,,,,,
,,,,,,,,,,,,,,,,,,,,,,,,,,,,,,,,,,,,,,,,,,,,,,,,,,,,,,,,,,,,,,,,,,,,,,,,,,,,,,,,,,,,,,,,,,,,,,,,,,,,,,,,,,,,,,,,,,,,,,,,,,,,,,,,,,,,,,,,,
,,,,,,,,,,,,,,,,,,,,,,,,,,,,,,,,,,,,,,,,,,,,,,,,,,,,,,,,,,,,,,,,,,,,,,,,,,,,,,,,,,,,,,,,,,,,,,,,,,,,,,,,,,,,,,,,,,,,,,,,,,,,,,,,,,,,,,,,,
,,,,,,,,,,,,,,,,,,,,,,,,,,,,,,,,,,,,,,,,,,,,,,,,,,,,,,,,,,,,,,,,,,,,,,,,,,,,,,,,,,,,,,,,,,,,,,,,,,,,,,,,,,,,,,,,,,,,,,,,,,,,,,,,,,,,,,,,,
,,,,,,,,,,,,,,,,,,,,,,,,,,,,,,,,,,,,,,,,,,,,,,,,,,,,,,,,,,,,,,,,,,,,,,,,,,,,,,,,,,,,,,,,,,,,,,,,,,,,,,,,,,,,,,,,,,,,,,,,,,,,,,,,,,,,,,,,,
,,,,,,,,,,,,,,,,,,,,,,,,,,,,,,,,,,,,,,,,,,,,,,,,,,,,,,,,,,,,,,,,,,,,,,,,,,,,,,,,,,,,,,,,,,,,,,,,,,,,,,,,,,,,,,,,,,,,,,,,,,,,,,,,,,,,,,,,,
,,,,,,,,,,,,,,,,,,,,,,,,,,,,,,,,,,,,,,,,,,,,,,,,,,,,,,,,,,,,,,,,,,,,,,,,,,,,,,,,,,,,,,,,,,,,,,,,,,,,,,,,,,,,,,,,,,,,,,,,,,,,,,,,,,,,,,,,,
,,,,,,,,,,,,,,,,,,,,,,,,,,,,,,,,,,,,,,,,,,,,,,,,,,,,,,,,,,,,,,,,,,,,,,,,,,,,,,,,,,,,,,,,,,,,,,,,,,,,,,,,,,,,,,,,,,,,,,,,,,,,,,,,,,,,,,,,,
,,,,,,,,,,,,,,,,,,,,,,,,,,,,,,,,,,,,,,,,,,,,,,,,,,,,,,,,,,,,,,,,,,,,,,,,,,,,,,,,,,,,,,,,,,,,,,,,,,,,,,,,,,,,,,,,,,,,,,,,,,,,,,,,,,,,,,,,,
,,,,,,,,,,,,,,,,,,,,,,,,,,,,,,,,,,,,,,,,,,,,,,,,,,,,,,,,,,,,,,,,,,,,,,,,,,,,,,,,,,,,,,,,,,,,,,,,,,,,,,,,,,,,,,,,,,,,,,,,,,,,,,,,,,,,,,,,,
,,,,,,,,,,,,,,,,,,,,,,,,,,,,,,,,,,,,,,,,,,,,,,,,,,,,,,,,,,,,,,,,,,,,,,,,,,,,,,,,,,,,,,,,,,,,,,,,,,,,,,,,,,,,,,,,,,,,,,,,,,,,,,,,,,,,,,,,,
,,,,,,,,,,,,,,,,,,,,,,,,,,,,,,,,,,,,,,,,,,,,,,,,,,,,,,,,,,,,,,,,,,,,,,,,,,,,,,,,,,,,,,,,,,,,,,,,,,,,,,,,,,,,,,,,,,,,,,,,,,,,,,,,,,,,,,,,,
,,,,,,,,,,,,,,,,,,,,,,,,,,,,,,,,,,,,,,,,,,,,,,,,,,,,,,,,,,,,,,,,,,,,,,,,,,,,,,,,,,,,,,,,,,,,,,,,,,,,,,,,,,,,,,,,,,,,,,,,,,,,,,,,,,,,,,,,,
,,,,,,,,,,,,,,,,,,,,,,,,,,,,,,,,,,,,,,,,,,,,,,,,,,,,,,,,,,,,,,,,,,,,,,,,,,,,,,,,,,,,,,,,,,,,,,,,,,,,,,,,,,,,,,,,,,,,,,,,,,,,,,,,,,,,,,,,,
,,,,,,,,,,,,,,,,,,,,,,,,,,,,,,,,,,,,,,,,,,,,,,,,,,,,,,,,,,,,,,,,,,,,,,,,,,,,,,,,,,,,,,,,,,,,,,,,,,,,,,,,,,,,,,,,,,,,,,,,,,,,,,,,,,,,,,,,,
,,,,,,,,,,,,,,,,,,,,,,,,,,,,,,,,,,,,,,,,,,,,,,,,,,,,,,,,,,,,,,,,,,,,,,,,,,,,,,,,,,,,,,,,,,,,,,,,,,,,,,,,,,,,,,,,,,,,,,,,,,,,,,,,,,,,,,,,,
,,,,,,,,,,,,,,,,,,,,,,,,,,,,,,,,,,,,,,,,,,,,,,,,,,,,,,,,,,,,,,,,,,,,,,,,,,,,,,,,,,,,,,,,,,,,,,,,,,,,,,,,,,,,,,,,,,,,,,,,,,,,,,,,,,,,,,,,,
,,,,,,,,,,,,,,,,,,,,,,,,,,,,,,,,,,,,,,,,,,,,,,,,,,,,,,,,,,,,,,,,,,,,,,,,,,,,,,,,,,,,,,,,,,,,,,,,,,,,,,,,,,,,,,,,,,,,,,,,,,,,,,,,,,,,,,,,,
,,,,,,,,,,,,,,,,,,,,,,,,,,,,,,,,,,,,,,,,,,,,,,,,,,,,,,,,,,,,,,,,,,,,,,,,,,,,,,,,,,,,,,,,,,,,,,,,,,,,,,,,,,,,,,,,,,,,,,,,,,,,,,,,,,,,,,,,,
,,,,,,,,,,,,,,,,,,,,,,,,,,,,,,,,,,,,,,,,,,,,,,,,,,,,,,,,,,,,,,,,,,,,,,,,,,,,,,,,,,,,,,,,,,,,,,,,,,,,,,,,,,,,,,,,,,,,,,,,,,,,,,,,,,,,,,,,,
,,,,,,,,,,,,,,,,,,,,,,,,,,,,,,,,,,,,,,,,,,,,,,,,,,,,,,,,,,,,,,,,,,,,,,,,,,,,,,,,,,,,,,,,,,,,,,,,,,,,,,,,,,,,,,,,,,,,,,,,,,,,,,,,,,,,,,,,,
,,,,,,,,,,,,,,,,,,,,,,,,,,,,,,,,,,,,,,,,,,,,,,,,,,,,,,,,,,,,,,,,,,,,,,,,,,,,,,,,,,,,,,,,,,,,,,,,,,,,,,,,,,,,,,,,,,,,,,,,,,,,,,,,,,,,,,,,,
,,,,,,,,,,,,,,,,,,,,,,,,,,,,,,,,,,,,,,,,,,,,,,,,,,,,,,,,,,,,,,,,,,,,,,,,,,,,,,,,,,,,,,,,,,,,,,,,,,,,,,,,,,,,,,,,,,,,,,,,,,,,,,,,,,,,,,,,,
,,,,,,,,,,,,,,,,,,,,,,,,,,,,,,,,,,,,,,,,,,,,,,,,,,,,,,,,,,,,,,,,,,,,,,,,,,,,,,,,,,,,,,,,,,,,,,,,,,,,,,,,,,,,,,,,,,,,,,,,,,,,,,,,,,,,,,,,,
,,,,,,,,,,,,,,,,,,,,,,,,,,,,,,,,,,,,,,,,,,,,,,,,,,,,,,,,,,,,,,,,,,,,,,,,,,,,,,,,,,,,,,,,,,,,,,,,,,,,,,,,,,,,,,,,,,,,,,,,,,,,,,,,,,,,,,,,,
,,,,,,,,,,,,,,,,,,,,,,,,,,,,,,,,,,,,,,,,,,,,,,,,,,,,,,,,,,,,,,,,,,,,,,,,,,,,,,,,,,,,,,,,,,,,,,,,,,,,,,,,,,,,,,,,,,,,,,,,,,,,,,,,,,,,,,,,,
,,,,,,,,,,,,,,,,,,,,,,,,,,,,,,,,,,,,,,,,,,,,,,,,,,,,,,,,,,,,,,,,,,,,,,,,,,,,,,,,,,,,,,,,,,,,,,,,,,,,,,,,,,,,,,,,,,,,,,,,,,,,,,,,,,,,,,,,,
,,,,,,,,,,,,,,,,,,,,,,,,,,,,,,,,,,,,,,,,,,,,,,,,,,,,,,,,,,,,,,,,,,,,,,,,,,,,,,,,,,,,,,,,,,,,,,,,,,,,,,,,,,,,,,,,,,,,,,,,,,,,,,,,,,,,,,,,,
,,,,,,,,,,,,,,,,,,,,,,,,,,,,,,,,,,,,,,,,,,,,,,,,,,,,,,,,,,,,,,,,,,,,,,,,,,,,,,,,,,,,,,,,,,,,,,,,,,,,,,,,,,,,,,,,,,,,,,,,,,,,,,,,,,,,,,,,,
,,,,,,,,,,,,,,,,,,,,,,,,,,,,,,,,,,,,,,,,,,,,,,,,,,,,,,,,,,,,,,,,,,,,,,,,,,,,,,,,,,,,,,,,,,,,,,,,,,,,,,,,,,,,,,,,,,,,,,,,,,,,,,,,,,,,,,,,,
,,,,,,,,,,,,,,,,,,,,,,,,,,,,,,,,,,,,,,,,,,,,,,,,,,,,,,,,,,,,,,,,,,,,,,,,,,,,,,,,,,,,,,,,,,,,,,,,,,,,,,,,,,,,,,,,,,,,,,,,,,,,,,,,,,,,,,,,,
,,,,,,,,,,,,,,,,,,,,,,,,,,,,,,,,,,,,,,,,,,,,,,,,,,,,,,,,,,,,,,,,,,,,,,,,,,,,,,,,,,,,,,,,,,,,,,,,,,,,,,,,,,,,,,,,,,,,,,,,,,,,,,,,,,,,,,,,,
,,,,,,,,,,,,,,,,,,,,,,,,,,,,,,,,,,,,,,,,,,,,,,,,,,,,,,,,,,,,,,,,,,,,,,,,,,,,,,,,,,,,,,,,,,,,,,,,,,,,,,,,,,,,,,,,,,,,,,,,,,,,,,,,,,,,,,,,,
,,,,,,,,,,,,,,,,,,,,,,,,,,,,,,,,,,,,,,,,,,,,,,,,,,,,,,,,,,,,,,,,,,,,,,,,,,,,,,,,,,,,,,,,,,,,,,,,,,,,,,,,,,,,,,,,,,,,,,,,,,,,,,,,,,,,,,,,,
,,,,,,,,,,,,,,,,,,,,,,,,,,,,,,,,,,,,,,,,,,,,,,,,,,,,,,,,,,,,,,,,,,,,,,,,,,,,,,,,,,,,,,,,,,,,,,,,,,,,,,,,,,,,,,,,,,,,,,,,,,,,,,,,,,,,,,,,,
,,,,,,,,,,,,,,,,,,,,,,,,,,,,,,,,,,,,,,,,,,,,,,,,,,,,,,,,,,,,,,,,,,,,,,,,,,,,,,,,,,,,,,,,,,,,,,,,,,,,,,,,,,,,,,,,,,,,,,,,,,,,,,,,,,,,,,,,,
,,,,,,,,,,,,,,,,,,,,,,,,,,,,,,,,,,,,,,,,,,,,,,,,,,,,,,,,,,,,,,,,,,,,,,,,,,,,,,,,,,,,,,,,,,,,,,,,,,,,,,,,,,,,,,,,,,,,,,,,,,,,,,,,,,,,,,,,,
,,,,,,,,,,,,,,,,,,,,,,,,,,,,,,,,,,,,,,,,,,,,,,,,,,,,,,,,,,,,,,,,,,,,,,,,,,,,,,,,,,,,,,,,,,,,,,,,,,,,,,,,,,,,,,,,,,,,,,,,,,,,,,,,,,,,,,,,,
,,,,,,,,,,,,,,,,,,,,,,,,,,,,,,,,,,,,,,,,,,,,,,,,,,,,,,,,,,,,,,,,,,,,,,,,,,,,,,,,,,,,,,,,,,,,,,,,,,,,,,,,,,,,,,,,,,,,,,,,,,,,,,,,,,,,,,,,,
,,,,,,,,,,,,,,,,,,,,,,,,,,,,,,,,,,,,,,,,,,,,,,,,,,,,,,,,,,,,,,,,,,,,,,,,,,,,,,,,,,,,,,,,,,,,,,,,,,,,,,,,,,,,,,,,,,,,,,,,,,,,,,,,,,,,,,,,,
,,,,,,,,,,,,,,,,,,,,,,,,,,,,,,,,,,,,,,,,,,,,,,,,,,,,,,,,,,,,,,,,,,,,,,,,,,,,,,,,,,,,,,,,,,,,,,,,,,,,,,,,,,,,,,,,,,,,,,,,,,,,,,,,,,,,,,,,,
,,,,,,,,,,,,,,,,,,,,,,,,,,,,,,,,,,,,,,,,,,,,,,,,,,,,,,,,,,,,,,,,,,,,,,,,,,,,,,,,,,,,,,,,,,,,,,,,,,,,,,,,,,,,,,,,,,,,,,,,,,,,,,,,,,,,,,,,,
,,,,,,,,,,,,,,,,,,,,,,,,,,,,,,,,,,,,,,,,,,,,,,,,,,,,,,,,,,,,,,,,,,,,,,,,,,,,,,,,,,,,,,,,,,,,,,,,,,,,,,,,,,,,,,,,,,,,,,,,,,,,,,,,,,,,,,,,,
,,,,,,,,,,,,,,,,,,,,,,,,,,,,,,,,,,,,,,,,,,,,,,,,,,,,,,,,,,,,,,,,,,,,,,,,,,,,,,,,,,,,,,,,,,,,,,,,,,,,,,,,,,,,,,,,,,,,,,,,,,,,,,,,,,,,,,,,,
,,,,,,,,,,,,,,,,,,,,,,,,,,,,,,,,,,,,,,,,,,,,,,,,,,,,,,,,,,,,,,,,,,,,,,,,,,,,,,,,,,,,,,,,,,,,,,,,,,,,,,,,,,,,,,,,,,,,,,,,,,,,,,,,,,,,,,,,,
,,,,,,,,,,,,,,,,,,,,,,,,,,,,,,,,,,,,,,,,,,,,,,,,,,,,,,,,,,,,,,,,,,,,,,,,,,,,,,,,,,,,,,,,,,,,,,,,,,,,,,,,,,,,,,,,,,,,,,,,,,,,,,,,,,,,,,,,,
,,,,,,,,,,,,,,,,,,,,,,,,,,,,,,,,,,,,,,,,,,,,,,,,,,,,,,,,,,,,,,,,,,,,,,,,,,,,,,,,,,,,,,,,,,,,,,,,,,,,,,,,,,,,,,,,,,,,,,,,,,,,,,,,,,,,,,,,,
,,,,,,,,,,,,,,,,,,,,,,,,,,,,,,,,,,,,,,,,,,,,,,,,,,,,,,,,,,,,,,,,,,,,,,,,,,,,,,,,,,,,,,,,,,,,,,,,,,,,,,,,,,,,,,,,,,,,,,,,,,,,,,,,,,,,,,,,,
,,,,,,,,,,,,,,,,,,,,,,,,,,,,,,,,,,,,,,,,,,,,,,,,,,,,,,,,,,,,,,,,,,,,,,,,,,,,,,,,,,,,,,,,,,,,,,,,,,,,,,,,,,,,,,,,,,,,,,,,,,,,,,,,,,,,,,,,,
,,,,,,,,,,,,,,,,,,,,,,,,,,,,,,,,,,,,,,,,,,,,,,,,,,,,,,,,,,,,,,,,,,,,,,,,,,,,,,,,,,,,,,,,,,,,,,,,,,,,,,,,,,,,,,,,,,,,,,,,,,,,,,,,,,,,,,,,,
,,,,,,,,,,,,,,,,,,,,,,,,,,,,,,,,,,,,,,,,,,,,,,,,,,,,,,,,,,,,,,,,,,,,,,,,,,,,,,,,,,,,,,,,,,,,,,,,,,,,,,,,,,,,,,,,,,,,,,,,,,,,,,,,,,,,,,,,,
,,,,,,,,,,,,,,,,,,,,,,,,,,,,,,,,,,,,,,,,,,,,,,,,,,,,,,,,,,,,,,,,,,,,,,,,,,,,,,,,,,,,,,,,,,,,,,,,,,,,,,,,,,,,,,,,,,,,,,,,,,,,,,,,,,,,,,,,,
,,,,,,,,,,,,,,,,,,,,,,,,,,,,,,,,,,,,,,,,,,,,,,,,,,,,,,,,,,,,,,,,,,,,,,,,,,,,,,,,,,,,,,,,,,,,,,,,,,,,,,,,,,,,,,,,,,,,,,,,,,,,,,,,,,,,,,,,,
,,,,,,,,,,,,,,,,,,,,,,,,,,,,,,,,,,,,,,,,,,,,,,,,,,,,,,,,,,,,,,,,,,,,,,,,,,,,,,,,,,,,,,,,,,,,,,,,,,,,,,,,,,,,,,,,,,,,,,,,,,,,,,,,,,,,,,,,,
,,,,,,,,,,,,,,,,,,,,,,,,,,,,,,,,,,,,,,,,,,,,,,,,,,,,,,,,,,,,,,,,,,,,,,,,,,,,,,,,,,,,,,,,,,,,,,,,,,,,,,,,,,,,,,,,,,,,,,,,,,,,,,,,,,,,,,,,,
,,,,,,,,,,,,,,,,,,,,,,,,,,,,,,,,,,,,,,,,,,,,,,,,,,,,,,,,,,,,,,,,,,,,,,,,,,,,,,,,,,,,,,,,,,,,,,,,,,,,,,,,,,,,,,,,,,,,,,,,,,,,,,,,,,,,,,,,,
,,,,,,,,,,,,,,,,,,,,,,,,,,,,,,,,,,,,,,,,,,,,,,,,,,,,,,,,,,,,,,,,,,,,,,,,,,,,,,,,,,,,,,,,,,,,,,,,,,,,,,,,,,,,,,,,,,,,,,,,,,,,,,,,,,,,,,,,,
,,,,,,,,,,,,,,,,,,,,,,,,,,,,,,,,,,,,,,,,,,,,,,,,,,,,,,,,,,,,,,,,,,,,,,,,,,,,,,,,,,,,,,,,,,,,,,,,,,,,,,,,,,,,,,,,,,,,,,,,,,,,,,,,,,,,,,,,,
,,,,,,,,,,,,,,,,,,,,,,,,,,,,,,,,,,,,,,,,,,,,,,,,,,,,,,,,,,,,,,,,,,,,,,,,,,,,,,,,,,,,,,,,,,,,,,,,,,,,,,,,,,,,,,,,,,,,,,,,,,,,,,,,,,,,,,,,,
,,,,,,,,,,,,,,,,,,,,,,,,,,,,,,,,,,,,,,,,,,,,,,,,,,,,,,,,,,,,,,,,,,,,,,,,,,,,,,,,,,,,,,,,,,,,,,,,,,,,,,,,,,,,,,,,,,,,,,,,,,,,,,,,,,,,,,,,,
,,,,,,,,,,,,,,,,,,,,,,,,,,,,,,,,,,,,,,,,,,,,,,,,,,,,,,,,,,,,,,,,,,,,,,,,,,,,,,,,,,,,,,,,,,,,,,,,,,,,,,,,,,,,,,,,,,,,,,,,,,,,,,,,,,,,,,,,,
,,,,,,,,,,,,,,,,,,,,,,,,,,,,,,,,,,,,,,,,,,,,,,,,,,,,,,,,,,,,,,,,,,,,,,,,,,,,,,,,,,,,,,,,,,,,,,,,,,,,,,,,,,,,,,,,,,,,,,,,,,,,,,,,,,,,,,,,,
,,,,,,,,,,,,,,,,,,,,,,,,,,,,,,,,,,,,,,,,,,,,,,,,,,,,,,,,,,,,,,,,,,,,,,,,,,,,,,,,,,,,,,,,,,,,,,,,,,,,,,,,,,,,,,,,,,,,,,,,,,,,,,,,,,,,,,,,,
,,,,,,,,,,,,,,,,,,,,,,,,,,,,,,,,,,,,,,,,,,,,,,,,,,,,,,,,,,,,,,,,,,,,,,,,,,,,,,,,,,,,,,,,,,,,,,,,,,,,,,,,,,,,,,,,,,,,,,,,,,,,,,,,,,,,,,,,,
,,,,,,,,,,,,,,,,,,,,,,,,,,,,,,,,,,,,,,,,,,,,,,,,,,,,,,,,,,,,,,,,,,,,,,,,,,,,,,,,,,,,,,,,,,,,,,,,,,,,,,,,,,,,,,,,,,,,,,,,,,,,,,,,,,,,,,,,,
,,,,,,,,,,,,,,,,,,,,,,,,,,,,,,,,,,,,,,,,,,,,,,,,,,,,,,,,,,,,,,,,,,,,,,,,,,,,,,,,,,,,,,,,,,,,,,,,,,,,,,,,,,,,,,,,,,,,,,,,,,,,,,,,,,,,,,,,,
,,,,,,,,,,,,,,,,,,,,,,,,,,,,,,,,,,,,,,,,,,,,,,,,,,,,,,,,,,,,,,,,,,,,,,,,,,,,,,,,,,,,,,,,,,,,,,,,,,,,,,,,,,,,,,,,,,,,,,,,,,,,,,,,,,,,,,,,,
,,,,,,,,,,,,,,,,,,,,,,,,,,,,,,,,,,,,,,,,,,,,,,,,,,,,,,,,,,,,,,,,,,,,,,,,,,,,,,,,,,,,,,,,,,,,,,,,,,,,,,,,,,,,,,,,,,,,,,,,,,,,,,,,,,,,,,,,,
,,,,,,,,,,,,,,,,,,,,,,,,,,,,,,,,,,,,,,,,,,,,,,,,,,,,,,,,,,,,,,,,,,,,,,,,,,,,,,,,,,,,,,,,,,,,,,,,,,,,,,,,,,,,,,,,,,,,,,,,,,,,,,,,,,,,,,,,,
,,,,,,,,,,,,,,,,,,,,,,,,,,,,,,,,,,,,,,,,,,,,,,,,,,,,,,,,,,,,,,,,,,,,,,,,,,,,,,,,,,,,,,,,,,,,,,,,,,,,,,,,,,,,,,,,,,,,,,,,,,,,,,,,,,,,,,,,,
,,,,,,,,,,,,,,,,,,,,,,,,,,,,,,,,,,,,,,,,,,,,,,,,,,,,,,,,,,,,,,,,,,,,,,,,,,,,,,,,,,,,,,,,,,,,,,,,,,,,,,,,,,,,,,,,,,,,,,,,,,,,,,,,,,,,,,,,,
,,,,,,,,,,,,,,,,,,,,,,,,,,,,,,,,,,,,,,,,,,,,,,,,,,,,,,,,,,,,,,,,,,,,,,,,,,,,,,,,,,,,,,,,,,,,,,,,,,,,,,,,,,,,,,,,,,,,,,,,,,,,,,,,,,,,,,,,,
,,,,,,,,,,,,,,,,,,,,,,,,,,,,,,,,,,,,,,,,,,,,,,,,,,,,,,,,,,,,,,,,,,,,,,,,,,,,,,,,,,,,,,,,,,,,,,,,,,,,,,,,,,,,,,,,,,,,,,,,,,,,,,,,,,,,,,,,,
,,,,,,,,,,,,,,,,,,,,,,,,,,,,,,,,,,,,,,,,,,,,,,,,,,,,,,,,,,,,,,,,,,,,,,,,,,,,,,,,,,,,,,,,,,,,,,,,,,,,,,,,,,,,,,,,,,,,,,,,,,,,,,,,,,,,,,,,,
,,,,,,,,,,,,,,,,,,,,,,,,,,,,,,,,,,,,,,,,,,,,,,,,,,,,,,,,,,,,,,,,,,,,,,,,,,,,,,,,,,,,,,,,,,,,,,,,,,,,,,,,,,,,,,,,,,,,,,,,,,,,,,,,,,,,,,,,,
,,,,,,,,,,,,,,,,,,,,,,,,,,,,,,,,,,,,,,,,,,,,,,,,,,,,,,,,,,,,,,,,,,,,,,,,,,,,,,,,,,,,,,,,,,,,,,,,,,,,,,,,,,,,,,,,,,,,,,,,,,,,,,,,,,,,,,,,,
,,,,,,,,,,,,,,,,,,,,,,,,,,,,,,,,,,,,,,,,,,,,,,,,,,,,,,,,,,,,,,,,,,,,,,,,,,,,,,,,,,,,,,,,,,,,,,,,,,,,,,,,,,,,,,,,,,,,,,,,,,,,,,,,,,,,,,,,,
,,,,,,,,,,,,,,,,,,,,,,,,,,,,,,,,,,,,,,,,,,,,,,,,,,,,,,,,,,,,,,,,,,,,,,,,,,,,,,,,,,,,,,,,,,,,,,,,,,,,,,,,,,,,,,,,,,,,,,,,,,,,,,,,,,,,,,,,,
,,,,,,,,,,,,,,,,,,,,,,,,,,,,,,,,,,,,,,,,,,,,,,,,,,,,,,,,,,,,,,,,,,,,,,,,,,,,,,,,,,,,,,,,,,,,,,,,,,,,,,,,,,,,,,,,,,,,,,,,,,,,,,,,,,,,,,,,,
,,,,,,,,,,,,,,,,,,,,,,,,,,,,,,,,,,,,,,,,,,,,,,,,,,,,,,,,,,,,,,,,,,,,,,,,,,,,,,,,,,,,,,,,,,,,,,,,,,,,,,,,,,,,,,,,,,,,,,,,,,,,,,,,,,,,,,,,,
,,,,,,,,,,,,,,,,,,,,,,,,,,,,,,,,,,,,,,,,,,,,,,,,,,,,,,,,,,,,,,,,,,,,,,,,,,,,,,,,,,,,,,,,,,,,,,,,,,,,,,,,,,,,,,,,,,,,,,,,,,,,,,,,,,,,,,,,,
,,,,,,,,,,,,,,,,,,,,,,,,,,,,,,,,,,,,,,,,,,,,,,,,,,,,,,,,,,,,,,,,,,,,,,,,,,,,,,,,,,,,,,,,,,,,,,,,,,,,,,,,,,,,,,,,,,,,,,,,,,,,,,,,,,,,,,,,,
,,,,,,,,,,,,,,,,,,,,,,,,,,,,,,,,,,,,,,,,,,,,,,,,,,,,,,,,,,,,,,,,,,,,,,,,,,,,,,,,,,,,,,,,,,,,,,,,,,,,,,,,,,,,,,,,,,,,,,,,,,,,,,,,,,,,,,,,,
,,,,,,,,,,,,,,,,,,,,,,,,,,,,,,,,,,,,,,,,,,,,,,,,,,,,,,,,,,,,,,,,,,,,,,,,,,,,,,,,,,,,,,,,,,,,,,,,,,,,,,,,,,,,,,,,,,,,,,,,,,,,,,,,,,,,,,,,,
,,,,,,,,,,,,,,,,,,,,,,,,,,,,,,,,,,,,,,,,,,,,,,,,,,,,,,,,,,,,,,,,,,,,,,,,,,,,,,,,,,,,,,,,,,,,,,,,,,,,,,,,,,,,,,,,,,,,,,,,,,,,,,,,,,,,,,,,,
,,,,,,,,,,,,,,,,,,,,,,,,,,,,,,,,,,,,,,,,,,,,,,,,,,,,,,,,,,,,,,,,,,,,,,,,,,,,,,,,,,,,,,,,,,,,,,,,,,,,,,,,,,,,,,,,,,,,,,,,,,,,,,,,,,,,,,,,,
,,,,,,,,,,,,,,,,,,,,,,,,,,,,,,,,,,,,,,,,,,,,,,,,,,,,,,,,,,,,,,,,,,,,,,,,,,,,,,,,,,,,,,,,,,,,,,,,,,,,,,,,,,,,,,,,,,,,,,,,,,,,,,,,,,,,,,,,,
,,,,,,,,,,,,,,,,,,,,,,,,,,,,,,,,,,,,,,,,,,,,,,,,,,,,,,,,,,,,,,,,,,,,,,,,,,,,,,,,,,,,,,,,,,,,,,,,,,,,,,,,,,,,,,,,,,,,,,,,,,,,,,,,,,,,,,,,,
,,,,,,,,,,,,,,,,,,,,,,,,,,,,,,,,,,,,,,,,,,,,,,,,,,,,,,,,,,,,,,,,,,,,,,,,,,,,,,,,,,,,,,,,,,,,,,,,,,,,,,,,,,,,,,,,,,,,,,,,,,,,,,,,,,,,,,,,,
,,,,,,,,,,,,,,,,,,,,,,,,,,,,,,,,,,,,,,,,,,,,,,,,,,,,,,,,,,,,,,,,,,,,,,,,,,,,,,,,,,,,,,,,,,,,,,,,,,,,,,,,,,,,,,,,,,,,,,,,,,,,,,,,,,,,,,,,,
,,,,,,,,,,,,,,,,,,,,,,,,,,,,,,,,,,,,,,,,,,,,,,,,,,,,,,,,,,,,,,,,,,,,,,,,,,,,,,,,,,,,,,,,,,,,,,,,,,,,,,,,,,,,,,,,,,,,,,,,,,,,,,,,,,,,,,,,,
,,,,,,,,,,,,,,,,,,,,,,,,,,,,,,,,,,,,,,,,,,,,,,,,,,,,,,,,,,,,,,,,,,,,,,,,,,,,,,,,,,,,,,,,,,,,,,,,,,,,,,,,,,,,,,,,,,,,,,,,,,,,,,,,,,,,,,,,,
,,,,,,,,,,,,,,,,,,,,,,,,,,,,,,,,,,,,,,,,,,,,,,,,,,,,,,,,,,,,,,,,,,,,,,,,,,,,,,,,,,,,,,,,,,,,,,,,,,,,,,,,,,,,,,,,,,,,,,,,,,,,,,,,,,,,,,,,,
,,,,,,,,,,,,,,,,,,,,,,,,,,,,,,,,,,,,,,,,,,,,,,,,,,,,,,,,,,,,,,,,,,,,,,,,,,,,,,,,,,,,,,,,,,,,,,,,,,,,,,,,,,,,,,,,,,,,,,,,,,,,,,,,,,,,,,,,,
,,,,,,,,,,,,,,,,,,,,,,,,,,,,,,,,,,,,,,,,,,,,,,,,,,,,,,,,,,,,,,,,,,,,,,,,,,,,,,,,,,,,,,,,,,,,,,,,,,,,,,,,,,,,,,,,,,,,,,,,,,,,,,,,,,,,,,,,,
,,,,,,,,,,,,,,,,,,,,,,,,,,,,,,,,,,,,,,,,,,,,,,,,,,,,,,,,,,,,,,,,,,,,,,,,,,,,,,,,,,,,,,,,,,,,,,,,,,,,,,,,,,,,,,,,,,,,,,,,,,,,,,,,,,,,,,,,,
,,,,,,,,,,,,,,,,,,,,,,,,,,,,,,,,,,,,,,,,,,,,,,,,,,,,,,,,,,,,,,,,,,,,,,,,,,,,,,,,,,,,,,,,,,,,,,,,,,,,,,,,,,,,,,,,,,,,,,,,,,,,,,,,,,,,,,,,,
,,,,,,,,,,,,,,,,,,,,,,,,,,,,,,,,,,,,,,,,,,,,,,,,,,,,,,,,,,,,,,,,,,,,,,,,,,,,,,,,,,,,,,,,,,,,,,,,,,,,,,,,,,,,,,,,,,,,,,,,,,,,,,,,,,,,,,,,,
,,,,,,,,,,,,,,,,,,,,,,,,,,,,,,,,,,,,,,,,,,,,,,,,,,,,,,,,,,,,,,,,,,,,,,,,,,,,,,,,,,,,,,,,,,,,,,,,,,,,,,,,,,,,,,,,,,,,,,,,,,,,,,,,,,,,,,,,,
,,,,,,,,,,,,,,,,,,,,,,,,,,,,,,,,,,,,,,,,,,,,,,,,,,,,,,,,,,,,,,,,,,,,,,,,,,,,,,,,,,,,,,,,,,,,,,,,,,,,,,,,,,,,,,,,,,,,,,,,,,,,,,,,,,,,,,,,,
,,,,,,,,,,,,,,,,,,,,,,,,,,,,,,,,,,,,,,,,,,,,,,,,,,,,,,,,,,,,,,,,,,,,,,,,,,,,,,,,,,,,,,,,,,,,,,,,,,,,,,,,,,,,,,,,,,,,,,,,,,,,,,,,,,,,,,,,,
,,,,,,,,,,,,,,,,,,,,,,,,,,,,,,,,,,,,,,,,,,,,,,,,,,,,,,,,,,,,,,,,,,,,,,,,,,,,,,,,,,,,,,,,,,,,,,,,,,,,,,,,,,,,,,,,,,,,,,,,,,,,,,,,,,,,,,,,,
,,,,,,,,,,,,,,,,,,,,,,,,,,,,,,,,,,,,,,,,,,,,,,,,,,,,,,,,,,,,,,,,,,,,,,,,,,,,,,,,,,,,,,,,,,,,,,,,,,,,,,,,,,,,,,,,,,,,,,,,,,,,,,,,,,,,,,,,,
,,,,,,,,,,,,,,,,,,,,,,,,,,,,,,,,,,,,,,,,,,,,,,,,,,,,,,,,,,,,,,,,,,,,,,,,,,,,,,,,,,,,,,,,,,,,,,,,,,,,,,,,,,,,,,,,,,,,,,,,,,,,,,,,,,,,,,,,,
,,,,,,,,,,,,,,,,,,,,,,,,,,,,,,,,,,,,,,,,,,,,,,,,,,,,,,,,,,,,,,,,,,,,,,,,,,,,,,,,,,,,,,,,,,,,,,,,,,,,,,,,,,,,,,,,,,,,,,,,,,,,,,,,,,,,,,,,,
,,,,,,,,,,,,,,,,,,,,,,,,,,,,,,,,,,,,,,,,,,,,,,,,,,,,,,,,,,,,,,,,,,,,,,,,,,,,,,,,,,,,,,,,,,,,,,,,,,,,,,,,,,,,,,,,,,,,,,,,,,,,,,,,,,,,,,,,,
,,,,,,,,,,,,,,,,,,,,,,,,,,,,,,,,,,,,,,,,,,,,,,,,,,,,,,,,,,,,,,,,,,,,,,,,,,,,,,,,,,,,,,,,,,,,,,,,,,,,,,,,,,,,,,,,,,,,,,,,,,,,,,,,,,,,,,,,,
,,,,,,,,,,,,,,,,,,,,,,,,,,,,,,,,,,,,,,,,,,,,,,,,,,,,,,,,,,,,,,,,,,,,,,,,,,,,,,,,,,,,,,,,,,,,,,,,,,,,,,,,,,,,,,,,,,,,,,,,,,,,,,,,,,,,,,,,,
,,,,,,,,,,,,,,,,,,,,,,,,,,,,,,,,,,,,,,,,,,,,,,,,,,,,,,,,,,,,,,,,,,,,,,,,,,,,,,,,,,,,,,,,,,,,,,,,,,,,,,,,,,,,,,,,,,,,,,,,,,,,,,,,,,,,,,,,,
,,,,,,,,,,,,,,,,,,,,,,,,,,,,,,,,,,,,,,,,,,,,,,,,,,,,,,,,,,,,,,,,,,,,,,,,,,,,,,,,,,,,,,,,,,,,,,,,,,,,,,,,,,,,,,,,,,,,,,,,,,,,,,,,,,,,,,,,,
,,,,,,,,,,,,,,,,,,,,,,,,,,,,,,,,,,,,,,,,,,,,,,,,,,,,,,,,,,,,,,,,,,,,,,,,,,,,,,,,,,,,,,,,,,,,,,,,,,,,,,,,,,,,,,,,,,,,,,,,,,,,,,,,,,,,,,,,,
,,,,,,,,,,,,,,,,,,,,,,,,,,,,,,,,,,,,,,,,,,,,,,,,,,,,,,,,,,,,,,,,,,,,,,,,,,,,,,,,,,,,,,,,,,,,,,,,,,,,,,,,,,,,,,,,,,,,,,,,,,,,,,,,,,,,,,,,,
,,,,,,,,,,,,,,,,,,,,,,,,,,,,,,,,,,,,,,,,,,,,,,,,,,,,,,,,,,,,,,,,,,,,,,,,,,,,,,,,,,,,,,,,,,,,,,,,,,,,,,,,,,,,,,,,,,,,,,,,,,,,,,,,,,,,,,,,,
,,,,,,,,,,,,,,,,,,,,,,,,,,,,,,,,,,,,,,,,,,,,,,,,,,,,,,,,,,,,,,,,,,,,,,,,,,,,,,,,,,,,,,,,,,,,,,,,,,,,,,,,,,,,,,,,,,,,,,,,,,,,,,,,,,,,,,,,,
,,,,,,,,,,,,,,,,,,,,,,,,,,,,,,,,,,,,,,,,,,,,,,,,,,,,,,,,,,,,,,,,,,,,,,,,,,,,,,,,,,,,,,,,,,,,,,,,,,,,,,,,,,,,,,,,,,,,,,,,,,,,,,,,,,,,,,,,,
,,,,,,,,,,,,,,,,,,,,,,,,,,,,,,,,,,,,,,,,,,,,,,,,,,,,,,,,,,,,,,,,,,,,,,,,,,,,,,,,,,,,,,,,,,,,,,,,,,,,,,,,,,,,,,,,,,,,,,,,,,,,,,,,,,,,,,,,,
,,,,,,,,,,,,,,,,,,,,,,,,,,,,,,,,,,,,,,,,,,,,,,,,,,,,,,,,,,,,,,,,,,,,,,,,,,,,,,,,,,,,,,,,,,,,,,,,,,,,,,,,,,,,,,,,,,,,,,,,,,,,,,,,,,,,,,,,,
,,,,,,,,,,,,,,,,,,,,,,,,,,,,,,,,,,,,,,,,,,,,,,,,,,,,,,,,,,,,,,,,,,,,,,,,,,,,,,,,,,,,,,,,,,,,,,,,,,,,,,,,,,,,,,,,,,,,,,,,,,,,,,,,,,,,,,,,,
,,,,,,,,,,,,,,,,,,,,,,,,,,,,,,,,,,,,,,,,,,,,,,,,,,,,,,,,,,,,,,,,,,,,,,,,,,,,,,,,,,,,,,,,,,,,,,,,,,,,,,,,,,,,,,,,,,,,,,,,,,,,,,,,,,,,,,,,,
,,,,,,,,,,,,,,,,,,,,,,,,,,,,,,,,,,,,,,,,,,,,,,,,,,,,,,,,,,,,,,,,,,,,,,,,,,,,,,,,,,,,,,,,,,,,,,,,,,,,,,,,,,,,,,,,,,,,,,,,,,,,,,,,,,,,,,,,,
,,,,,,,,,,,,,,,,,,,,,,,,,,,,,,,,,,,,,,,,,,,,,,,,,,,,,,,,,,,,,,,,,,,,,,,,,,,,,,,,,,,,,,,,,,,,,,,,,,,,,,,,,,,,,,,,,,,,,,,,,,,,,,,,,,,,,,,,,
,,,,,,,,,,,,,,,,,,,,,,,,,,,,,,,,,,,,,,,,,,,,,,,,,,,,,,,,,,,,,,,,,,,,,,,,,,,,,,,,,,,,,,,,,,,,,,,,,,,,,,,,,,,,,,,,,,,,,,,,,,,,,,,,,,,,,,,,,
,,,,,,,,,,,,,,,,,,,,,,,,,,,,,,,,,,,,,,,,,,,,,,,,,,,,,,,,,,,,,,,,,,,,,,,,,,,,,,,,,,,,,,,,,,,,,,,,,,,,,,,,,,,,,,,,,,,,,,,,,,,,,,,,,,,,,,,,,
,,,,,,,,,,,,,,,,,,,,,,,,,,,,,,,,,,,,,,,,,,,,,,,,,,,,,,,,,,,,,,,,,,,,,,,,,,,,,,,,,,,,,,,,,,,,,,,,,,,,,,,,,,,,,,,,,,,,,,,,,,,,,,,,,,,,,,,,,
,,,,,,,,,,,,,,,,,,,,,,,,,,,,,,,,,,,,,,,,,,,,,,,,,,,,,,,,,,,,,,,,,,,,,,,,,,,,,,,,,,,,,,,,,,,,,,,,,,,,,,,,,,,,,,,,,,,,,,,,,,,,,,,,,,,,,,,,,
,,,,,,,,,,,,,,,,,,,,,,,,,,,,,,,,,,,,,,,,,,,,,,,,,,,,,,,,,,,,,,,,,,,,,,,,,,,,,,,,,,,,,,,,,,,,,,,,,,,,,,,,,,,,,,,,,,,,,,,,,,,,,,,,,,,,,,,,,
,,,,,,,,,,,,,,,,,,,,,,,,,,,,,,,,,,,,,,,,,,,,,,,,,,,,,,,,,,,,,,,,,,,,,,,,,,,,,,,,,,,,,,,,,,,,,,,,,,,,,,,,,,,,,,,,,,,,,,,,,,,,,,,,,,,,,,,,,
,,,,,,,,,,,,,,,,,,,,,,,,,,,,,,,,,,,,,,,,,,,,,,,,,,,,,,,,,,,,,,,,,,,,,,,,,,,,,,,,,,,,,,,,,,,,,,,,,,,,,,,,,,,,,,,,,,,,,,,,,,,,,,,,,,,,,,,,,
,,,,,,,,,,,,,,,,,,,,,,,,,,,,,,,,,,,,,,,,,,,,,,,,,,,,,,,,,,,,,,,,,,,,,,,,,,,,,,,,,,,,,,,,,,,,,,,,,,,,,,,,,,,,,,,,,,,,,,,,,,,,,,,,,,,,,,,,,
,,,,,,,,,,,,,,,,,,,,,,,,,,,,,,,,,,,,,,,,,,,,,,,,,,,,,,,,,,,,,,,,,,,,,,,,,,,,,,,,,,,,,,,,,,,,,,,,,,,,,,,,,,,,,,,,,,,,,,,,,,,,,,,,,,,,,,,,,
,,,,,,,,,,,,,,,,,,,,,,,,,,,,,,,,,,,,,,,,,,,,,,,,,,,,,,,,,,,,,,,,,,,,,,,,,,,,,,,,,,,,,,,,,,,,,,,,,,,,,,,,,,,,,,,,,,,,,,,,,,,,,,,,,,,,,,,,,
,,,,,,,,,,,,,,,,,,,,,,,,,,,,,,,,,,,,,,,,,,,,,,,,,,,,,,,,,,,,,,,,,,,,,,,,,,,,,,,,,,,,,,,,,,,,,,,,,,,,,,,,,,,,,,,,,,,,,,,,,,,,,,,,,,,,,,,,,
,,,,,,,,,,,,,,,,,,,,,,,,,,,,,,,,,,,,,,,,,,,,,,,,,,,,,,,,,,,,,,,,,,,,,,,,,,,,,,,,,,,,,,,,,,,,,,,,,,,,,,,,,,,,,,,,,,,,,,,,,,,,,,,,,,,,,,,,,
,,,,,,,,,,,,,,,,,,,,,,,,,,,,,,,,,,,,,,,,,,,,,,,,,,,,,,,,,,,,,,,,,,,,,,,,,,,,,,,,,,,,,,,,,,,,,,,,,,,,,,,,,,,,,,,,,,,,,,,,,,,,,,,,,,,,,,,,,
,,,,,,,,,,,,,,,,,,,,,,,,,,,,,,,,,,,,,,,,,,,,,,,,,,,,,,,,,,,,,,,,,,,,,,,,,,,,,,,,,,,,,,,,,,,,,,,,,,,,,,,,,,,,,,,,,,,,,,,,,,,,,,,,,,,,,,,,,
,,,,,,,,,,,,,,,,,,,,,,,,,,,,,,,,,,,,,,,,,,,,,,,,,,,,,,,,,,,,,,,,,,,,,,,,,,,,,,,,,,,,,,,,,,,,,,,,,,,,,,,,,,,,,,,,,,,,,,,,,,,,,,,,,,,,,,,,,
,,,,,,,,,,,,,,,,,,,,,,,,,,,,,,,,,,,,,,,,,,,,,,,,,,,,,,,,,,,,,,,,,,,,,,,,,,,,,,,,,,,,,,,,,,,,,,,,,,,,,,,,,,,,,,,,,,,,,,,,,,,,,,,,,,,,,,,,,
,,,,,,,,,,,,,,,,,,,,,,,,,,,,,,,,,,,,,,,,,,,,,,,,,,,,,,,,,,,,,,,,,,,,,,,,,,,,,,,,,,,,,,,,,,,,,,,,,,,,,,,,,,,,,,,,,,,,,,,,,,,,,,,,,,,,,,,,,
,,,,,,,,,,,,,,,,,,,,,,,,,,,,,,,,,,,,,,,,,,,,,,,,,,,,,,,,,,,,,,,,,,,,,,,,,,,,,,,,,,,,,,,,,,,,,,,,,,,,,,,,,,,,,,,,,,,,,,,,,,,,,,,,,,,,,,,,,
,,,,,,,,,,,,,,,,,,,,,,,,,,,,,,,,,,,,,,,,,,,,,,,,,,,,,,,,,,,,,,,,,,,,,,,,,,,,,,,,,,,,,,,,,,,,,,,,,,,,,,,,,,,,,,,,,,,,,,,,,,,,,,,,,,,,,,,,,
,,,,,,,,,,,,,,,,,,,,,,,,,,,,,,,,,,,,,,,,,,,,,,,,,,,,,,,,,,,,,,,,,,,,,,,,,,,,,,,,,,,,,,,,,,,,,,,,,,,,,,,,,,,,,,,,,,,,,,,,,,,,,,,,,,,,,,,,,
,,,,,,,,,,,,,,,,,,,,,,,,,,,,,,,,,,,,,,,,,,,,,,,,,,,,,,,,,,,,,,,,,,,,,,,,,,,,,,,,,,,,,,,,,,,,,,,,,,,,,,,,,,,,,,,,,,,,,,,,,,,,,,,,,,,,,,,,,
,,,,,,,,,,,,,,,,,,,,,,,,,,,,,,,,,,,,,,,,,,,,,,,,,,,,,,,,,,,,,,,,,,,,,,,,,,,,,,,,,,,,,,,,,,,,,,,,,,,,,,,,,,,,,,,,,,,,,,,,,,,,,,,,,,,,,,,,,
,,,,,,,,,,,,,,,,,,,,,,,,,,,,,,,,,,,,,,,,,,,,,,,,,,,,,,,,,,,,,,,,,,,,,,,,,,,,,,,,,,,,,,,,,,,,,,,,,,,,,,,,,,,,,,,,,,,,,,,,,,,,,,,,,,,,,,,,,
,,,,,,,,,,,,,,,,,,,,,,,,,,,,,,,,,,,,,,,,,,,,,,,,,,,,,,,,,,,,,,,,,,,,,,,,,,,,,,,,,,,,,,,,,,,,,,,,,,,,,,,,,,,,,,,,,,,,,,,,,,,,,,,,,,,,,,,,,
,,,,,,,,,,,,,,,,,,,,,,,,,,,,,,,,,,,,,,,,,,,,,,,,,,,,,,,,,,,,,,,,,,,,,,,,,,,,,,,,,,,,,,,,,,,,,,,,,,,,,,,,,,,,,,,,,,,,,,,,,,,,,,,,,,,,,,,,,
,,,,,,,,,,,,,,,,,,,,,,,,,,,,,,,,,,,,,,,,,,,,,,,,,,,,,,,,,,,,,,,,,,,,,,,,,,,,,,,,,,,,,,,,,,,,,,,,,,,,,,,,,,,,,,,,,,,,,,,,,,,,,,,,,,,,,,,,,
,,,,,,,,,,,,,,,,,,,,,,,,,,,,,,,,,,,,,,,,,,,,,,,,,,,,,,,,,,,,,,,,,,,,,,,,,,,,,,,,,,,,,,,,,,,,,,,,,,,,,,,,,,,,,,,,,,,,,,,,,,,,,,,,,,,,,,,,,
,,,,,,,,,,,,,,,,,,,,,,,,,,,,,,,,,,,,,,,,,,,,,,,,,,,,,,,,,,,,,,,,,,,,,,,,,,,,,,,,,,,,,,,,,,,,,,,,,,,,,,,,,,,,,,,,,,,,,,,,,,,,,,,,,,,,,,,,,
,,,,,,,,,,,,,,,,,,,,,,,,,,,,,,,,,,,,,,,,,,,,,,,,,,,,,,,,,,,,,,,,,,,,,,,,,,,,,,,,,,,,,,,,,,,,,,,,,,,,,,,,,,,,,,,,,,,,,,,,,,,,,,,,,,,,,,,,,
,,,,,,,,,,,,,,,,,,,,,,,,,,,,,,,,,,,,,,,,,,,,,,,,,,,,,,,,,,,,,,,,,,,,,,,,,,,,,,,,,,,,,,,,,,,,,,,,,,,,,,,,,,,,,,,,,,,,,,,,,,,,,,,,,,,,,,,,,
,,,,,,,,,,,,,,,,,,,,,,,,,,,,,,,,,,,,,,,,,,,,,,,,,,,,,,,,,,,,,,,,,,,,,,,,,,,,,,,,,,,,,,,,,,,,,,,,,,,,,,,,,,,,,,,,,,,,,,,,,,,,,,,,,,,,,,,,,
,,,,,,,,,,,,,,,,,,,,,,,,,,,,,,,,,,,,,,,,,,,,,,,,,,,,,,,,,,,,,,,,,,,,,,,,,,,,,,,,,,,,,,,,,,,,,,,,,,,,,,,,,,,,,,,,,,,,,,,,,,,,,,,,,,,,,,,,,
,,,,,,,,,,,,,,,,,,,,,,,,,,,,,,,,,,,,,,,,,,,,,,,,,,,,,,,,,,,,,,,,,,,,,,,,,,,,,,,,,,,,,,,,,,,,,,,,,,,,,,,,,,,,,,,,,,,,,,,,,,,,,,,,,,,,,,,,,
,,,,,,,,,,,,,,,,,,,,,,,,,,,,,,,,,,,,,,,,,,,,,,,,,,,,,,,,,,,,,,,,,,,,,,,,,,,,,,,,,,,,,,,,,,,,,,,,,,,,,,,,,,,,,,,,,,,,,,,,,,,,,,,,,,,,,,,,,
,,,,,,,,,,,,,,,,,,,,,,,,,,,,,,,,,,,,,,,,,,,,,,,,,,,,,,,,,,,,,,,,,,,,,,,,,,,,,,,,,,,,,,,,,,,,,,,,,,,,,,,,,,,,,,,,,,,,,,,,,,,,,,,,,,,,,,,,,
,,,,,,,,,,,,,,,,,,,,,,,,,,,,,,,,,,,,,,,,,,,,,,,,,,,,,,,,,,,,,,,,,,,,,,,,,,,,,,,,,,,,,,,,,,,,,,,,,,,,,,,,,,,,,,,,,,,,,,,,,,,,,,,,,,,,,,,,,
,,,,,,,,,,,,,,,,,,,,,,,,,,,,,,,,,,,,,,,,,,,,,,,,,,,,,,,,,,,,,,,,,,,,,,,,,,,,,,,,,,,,,,,,,,,,,,,,,,,,,,,,,,,,,,,,,,,,,,,,,,,,,,,,,,,,,,,,,
,,,,,,,,,,,,,,,,,,,,,,,,,,,,,,,,,,,,,,,,,,,,,,,,,,,,,,,,,,,,,,,,,,,,,,,,,,,,,,,,,,,,,,,,,,,,,,,,,,,,,,,,,,,,,,,,,,,,,,,,,,,,,,,,,,,,,,,,,
,,,,,,,,,,,,,,,,,,,,,,,,,,,,,,,,,,,,,,,,,,,,,,,,,,,,,,,,,,,,,,,,,,,,,,,,,,,,,,,,,,,,,,,,,,,,,,,,,,,,,,,,,,,,,,,,,,,,,,,,,,,,,,,,,,,,,,,,,
,,,,,,,,,,,,,,,,,,,,,,,,,,,,,,,,,,,,,,,,,,,,,,,,,,,,,,,,,,,,,,,,,,,,,,,,,,,,,,,,,,,,,,,,,,,,,,,,,,,,,,,,,,,,,,,,,,,,,,,,,,,,,,,,,,,,,,,,,
,,,,,,,,,,,,,,,,,,,,,,,,,,,,,,,,,,,,,,,,,,,,,,,,,,,,,,,,,,,,,,,,,,,,,,,,,,,,,,,,,,,,,,,,,,,,,,,,,,,,,,,,,,,,,,,,,,,,,,,,,,,,,,,,,,,,,,,,,
,,,,,,,,,,,,,,,,,,,,,,,,,,,,,,,,,,,,,,,,,,,,,,,,,,,,,,,,,,,,,,,,,,,,,,,,,,,,,,,,,,,,,,,,,,,,,,,,,,,,,,,,,,,,,,,,,,,,,,,,,,,,,,,,,,,,,,,,,
,,,,,,,,,,,,,,,,,,,,,,,,,,,,,,,,,,,,,,,,,,,,,,,,,,,,,,,,,,,,,,,,,,,,,,,,,,,,,,,,,,,,,,,,,,,,,,,,,,,,,,,,,,,,,,,,,,,,,,,,,,,,,,,,,,,,,,,,,
,,,,,,,,,,,,,,,,,,,,,,,,,,,,,,,,,,,,,,,,,,,,,,,,,,,,,,,,,,,,,,,,,,,,,,,,,,,,,,,,,,,,,,,,,,,,,,,,,,,,,,,,,,,,,,,,,,,,,,,,,,,,,,,,,,,,,,,,,
,,,,,,,,,,,,,,,,,,,,,,,,,,,,,,,,,,,,,,,,,,,,,,,,,,,,,,,,,,,,,,,,,,,,,,,,,,,,,,,,,,,,,,,,,,,,,,,,,,,,,,,,,,,,,,,,,,,,,,,,,,,,,,,,,,,,,,,,,
,,,,,,,,,,,,,,,,,,,,,,,,,,,,,,,,,,,,,,,,,,,,,,,,,,,,,,,,,,,,,,,,,,,,,,,,,,,,,,,,,,,,,,,,,,,,,,,,,,,,,,,,,,,,,,,,,,,,,,,,,,,,,,,,,,,,,,,,,
,,,,,,,,,,,,,,,,,,,,,,,,,,,,,,,,,,,,,,,,,,,,,,,,,,,,,,,,,,,,,,,,,,,,,,,,,,,,,,,,,,,,,,,,,,,,,,,,,,,,,,,,,,,,,,,,,,,,,,,,,,,,,,,,,,,,,,,,,
,,,,,,,,,,,,,,,,,,,,,,,,,,,,,,,,,,,,,,,,,,,,,,,,,,,,,,,,,,,,,,,,,,,,,,,,,,,,,,,,,,,,,,,,,,,,,,,,,,,,,,,,,,,,,,,,,,,,,,,,,,,,,,,,,,,,,,,,,
,,,,,,,,,,,,,,,,,,,,,,,,,,,,,,,,,,,,,,,,,,,,,,,,,,,,,,,,,,,,,,,,,,,,,,,,,,,,,,,,,,,,,,,,,,,,,,,,,,,,,,,,,,,,,,,,,,,,,,,,,,,,,,,,,,,,,,,,,
,,,,,,,,,,,,,,,,,,,,,,,,,,,,,,,,,,,,,,,,,,,,,,,,,,,,,,,,,,,,,,,,,,,,,,,,,,,,,,,,,,,,,,,,,,,,,,,,,,,,,,,,,,,,,,,,,,,,,,,,,,,,,,,,,,,,,,,,,
,,,,,,,,,,,,,,,,,,,,,,,,,,,,,,,,,,,,,,,,,,,,,,,,,,,,,,,,,,,,,,,,,,,,,,,,,,,,,,,,,,,,,,,,,,,,,,,,,,,,,,,,,,,,,,,,,,,,,,,,,,,,,,,,,,,,,,,,,
,,,,,,,,,,,,,,,,,,,,,,,,,,,,,,,,,,,,,,,,,,,,,,,,,,,,,,,,,,,,,,,,,,,,,,,,,,,,,,,,,,,,,,,,,,,,,,,,,,,,,,,,,,,,,,,,,,,,,,,,,,,,,,,,,,,,,,,,,
,,,,,,,,,,,,,,,,,,,,,,,,,,,,,,,,,,,,,,,,,,,,,,,,,,,,,,,,,,,,,,,,,,,,,,,,,,,,,,,,,,,,,,,,,,,,,,,,,,,,,,,,,,,,,,,,,,,,,,,,,,,,,,,,,,,,,,,,,
,,,,,,,,,,,,,,,,,,,,,,,,,,,,,,,,,,,,,,,,,,,,,,,,,,,,,,,,,,,,,,,,,,,,,,,,,,,,,,,,,,,,,,,,,,,,,,,,,,,,,,,,,,,,,,,,,,,,,,,,,,,,,,,,,,,,,,,,,
,,,,,,,,,,,,,,,,,,,,,,,,,,,,,,,,,,,,,,,,,,,,,,,,,,,,,,,,,,,,,,,,,,,,,,,,,,,,,,,,,,,,,,,,,,,,,,,,,,,,,,,,,,,,,,,,,,,,,,,,,,,,,,,,,,,,,,,,,
,,,,,,,,,,,,,,,,,,,,,,,,,,,,,,,,,,,,,,,,,,,,,,,,,,,,,,,,,,,,,,,,,,,,,,,,,,,,,,,,,,,,,,,,,,,,,,,,,,,,,,,,,,,,,,,,,,,,,,,,,,,,,,,,,,,,,,,,,
,,,,,,,,,,,,,,,,,,,,,,,,,,,,,,,,,,,,,,,,,,,,,,,,,,,,,,,,,,,,,,,,,,,,,,,,,,,,,,,,,,,,,,,,,,,,,,,,,,,,,,,,,,,,,,,,,,,,,,,,,,,,,,,,,,,,,,,,,
,,,,,,,,,,,,,,,,,,,,,,,,,,,,,,,,,,,,,,,,,,,,,,,,,,,,,,,,,,,,,,,,,,,,,,,,,,,,,,,,,,,,,,,,,,,,,,,,,,,,,,,,,,,,,,,,,,,,,,,,,,,,,,,,,,,,,,,,,
,,,,,,,,,,,,,,,,,,,,,,,,,,,,,,,,,,,,,,,,,,,,,,,,,,,,,,,,,,,,,,,,,,,,,,,,,,,,,,,,,,,,,,,,,,,,,,,,,,,,,,,,,,,,,,,,,,,,,,,,,,,,,,,,,,,,,,,,,
,,,,,,,,,,,,,,,,,,,,,,,,,,,,,,,,,,,,,,,,,,,,,,,,,,,,,,,,,,,,,,,,,,,,,,,,,,,,,,,,,,,,,,,,,,,,,,,,,,,,,,,,,,,,,,,,,,,,,,,,,,,,,,,,,,,,,,,,,
,,,,,,,,,,,,,,,,,,,,,,,,,,,,,,,,,,,,,,,,,,,,,,,,,,,,,,,,,,,,,,,,,,,,,,,,,,,,,,,,,,,,,,,,,,,,,,,,,,,,,,,,,,,,,,,,,,,,,,,,,,,,,,,,,,,,,,,,,
,,,,,,,,,,,,,,,,,,,,,,,,,,,,,,,,,,,,,,,,,,,,,,,,,,,,,,,,,,,,,,,,,,,,,,,,,,,,,,,,,,,,,,,,,,,,,,,,,,,,,,,,,,,,,,,,,,,,,,,,,,,,,,,,,,,,,,,,,
,,,,,,,,,,,,,,,,,,,,,,,,,,,,,,,,,,,,,,,,,,,,,,,,,,,,,,,,,,,,,,,,,,,,,,,,,,,,,,,,,,,,,,,,,,,,,,,,,,,,,,,,,,,,,,,,,,,,,,,,,,,,,,,,,,,,,,,,,
