,,,,,,,,,,,,,,,,                                                                      TIME TABLE JULY TO DEC 2026,,,,,,,,,,,,,,,,,,,,,,,,,,,,,,,,,,,,,,,,,,,,,,,,,,,,,,,,,,,,,,,,,,,,,,,,,,,,,,,,,,,,,,,,,,,,,,,,,,,,,,,,,,,C,,,,,,,,,,,,,,,,,,,,,,,,,,,,
,,,,,,,,,,,,,,,,,,,,,,,SECOND YEAR -B,,,,,,,,,,,,,,,,,,,,,,,,,,,,,,,,,,,,,,,,,,,,,,,,,,,,,,,,,,,,,,,,,,,,,,,,,,,,,,,,,,,,,,,,,,,,,,,,,,,,,,,,,,,,,,,,,,,,,,,,,,,,,,,,
,,BRANCH,,COMPUTER ENGG,,,,,,,,,,,,,,,,COMPUTER ENGG,,,,,,,,,,COMPUTER ENGG,,,,,,,,,,COMPUTER ENGG,,,,,,,,,,COMPUTER ENGG,,,,,,,,,,COMPUTER ENGG,,,,,,,,,,COMPUTER ENGG,,,,,,,,,,COE LEET STUDENTS,,,,COPC LEET ,,,,,,,,,,COMPUTER SCIENCE AND ENGG,,,,,,,,,,,,,,,,,,,,COMPUTER SCIENCE AND ENGG,,,,,,,,,,AI AND MACHINE LEARNING,,,,,,,,AI AND MACHINE LEARNING,,,,,,,,,,COMPUTER SCIENCE AND BUSINESS SYSTEMS,,,,,,,,,
,,LECTURE,,2C1,,,,,,,,,,,,,,,,2C2,,,,,,,,,,2C3,,,,,,,,,,2C4,,,,,,,,,,2C5,,,,,,,,,,2C6,,,,,,,,,,2C7,,,,,,,,,,2C8,,,,,,,,,,,,,,2Q1,,,,,,,,,,2Q2,,,,,,,,,,2Q3,,,,,,,,,,2X1,,,,,,,,2X2,,,,,,,,,,2R1,,,,,,,,,
,,TUTORIAL,,2C11,,2C12,,2C13,,2C14,,2C15,,2C16,,2C17,,2C18,,2C21,,2C22,,2C23,,2C24,,2C25,,2C31,,2C32,,2C33,,2C34,,2C35,,2C41,,2C42,,2C43,,2C44,,2C45,,2C51,,2C52,,2C53,,2C54,,2C55,,2C61,,2C62,,2C63,,2C64,,2C65,,2C71,,2C72,,2C73,,2C74,,2C75,,2C81,,2C82,,2Q41,,2Q42,,,,,,,,2Q11,,2Q12,,2Q13,,2Q14,,2Q15,,2Q21,,2Q22,,2Q23,,2Q24,,2Q25,,2Q31,,2Q32,,2Q33,,2Q34,,2Q35,,2X11,,2X12,,2X13,,2X14,,2X21,,2X22,,2X23,,2X24,,2X25,,2R11,,2R12,,2R13,,,,,
DAY,SR NO,PRACTICAL,HOURS,2C1A,,2C1B,,2C1C,,2C1D,,2C1E,,2C1F,,2C1G,,2C1H,,2C2A,,2C2B,,2C2C,,2C2D,,2C2E,,2C3A,,2C3B,,2C3C,,2C3D,,2C3E,,2C4A,,2C4B,,2C4C,,2C4D,,2C4E,,2C5A,,2C5B,,2C5C,,2C5D,,2C5E,,2C6A,,2C6B,,2C6C,,2C6D,,2C6E,,2C7A,,2C7B,,2C7C,,2C7D,,2C7E,,2C8A,,2C8B,,2Q4A,,2Q4B,,2 UOQ,,2 UNSW,,2 TCD,,2Q1A,,2Q1B,,2Q1C,,2Q1D,,2Q1E,,2Q2A,,2Q2B,,2Q2C,,2Q2D,,2Q2E,,2Q3A,,2Q3B,,2Q3C,,2Q3D,,2Q3E,,2X1A,,2X1B,,2X1C,,2X1D,,2X2A,,2X2B,,2X2C,,2X2D,,2X2E,,2R1A,,2R1B,,2R1C,,DAY,SR NO,HOURS,DAY
,,,,,,,,,,,,,,,,,,,,,,,,,,,,,,,,,,,,,,,,,,,,,,,,,,,,,,,,,,,,,,,,,,,,,,,,,,,,,,,,,,,,,,,,,,,,,,,,,,,,,,,,,,,,,,,,,,,,,,,,,,,,,,,,,,,,,,,,,,,,,,,,,,,,,,,
,1,,8:00 AM,,,,,,,,,,,,,,,,,UTA016P,,UTA018P,,UCS303P,,,,,,UCS301L,,,,,,,,,,,,UTA016 P,,,,,,,,,,,,,,,,,,UMA021P,,UTA018P,,UMA021P,,UCS301P,,UTA016P,,UTA018L,,,,,,,,,,,,,,,,,,,,,,,,,,,,,,,,UCS301P,,UCS303L,,,,,,,,,,,,UMA021P,,,,,,,,UCS303P,,UCS303P,,UCS301P,,,,,,,,,,,,,,,,,,,,,1,8:00 AM,
M,,,,,,,,,,,,,,,,,,,,F314/B204,,PL-4(L011),,DBMS2(L207),,,,,,LT301,,,,,,,,,KAP,,,B204/F314,,,,,,,,,,,,,,,,,,NA-1(G203),,PL-5(L208),,NA-2(G204),,DS-1(L004),,C212/F315,,LT302,,,,,,,,,SBH,,,,,,,,,,,,,,,,,,,,,,,DS-2(L005),,LT303,,,,,,,,,JDN,,,FIST(G307),,,,,,,,SS-1(L201),,SS-2(L202),,L003,,,,,,,,,,,,,,,,,,,,M,,,M
,2,,8:50:AM ,,,,,,,,,,,,,,,,,LAB,,LAB,,LAB,,,,,,UCS405L,,,,,,,,,,,,LAB,,,,,,,,,,,,UCS405T,,UCS405T,,,,LAB,,LAB,,LAB,,LAB,,LAB,,UCS303L,,,,,,,,,,,,,,,,,,,,,,,,,,,,,,,,LAB,,UCS301L,,,,,,,,,,,,LAB,,,,,,,,LAB,,LAB,,LAB,,,,,,,,,,,,,,UCT301T,,,,,,,2,8:50:AM ,
O,,,,,,,,,,,,,,,,,,,,DKS/RF8,,YAD-RA,,MDY-RA,,,,,,LT301,,,,,,,,,VSL,,,RF8/DKS,,,,,,,,,,,,F110,CHK-RA,F111,SNL-RA,,,TA13,,PTK-RA,,TA26,,SUB,,APC10/AMG,,LT302,,,,,,,,,JDN,,,,,,,,,,,,,,,,,,,,,,,SNH-RA,,LT303,,,,,,,,,KAP,,,RF3,,,,,,,,HRM-RA,,ISR-RA,,YSH-RA,,,,,,,,,,,,,,LP109,AKU,,,,,O,,,O
,3,,9:40: AM ,,,,,,,,,,,,,,,,,,,,,UCS405T,,,,,,UTA018P,,UCS405T,,UMA021P,,,,,,,,,,,,,,UCS301P,,,,,,UCS301P,,UCS301P,,,,UTA018L,,,,,,,,,,UMA021P,,UCS303P,,UCS303P,,UCS303P,,,,UCS303L,,,,,,,,UCS510L,,,,UES017P,,UMA021P,,,,,,,,,,UTA018P,,,,,,UCS303P,,,,,,,,,,,,,,,,,,,,,,UAI301L,,,,,,,,,,UCT301L,,,,,,,3,9:40: AM ,
N,,,,,,,,,,,,,,,,,,,,,,,,F111,SNL-RA,,,,,PL-4(L011),,F110,CHK-RA,FIST(G307),,,,,,,,,,,,,,L003,,,,,,DS-1(L004),,DS-2(L005),,,,LT301,,,,,,,,,SRR,NEW(G309),,SS-1(L201),,SS-2(L202),,DBMS-2(L207),,,,E205,,,,,,,ASN,LT102,YAD,,,SM(W123),,PG(G201),,,,,,,,,,PL-5(L208),,,,,,DBMS1(L206),,,,,,,,,,,,,,,,,,,,,,LT401,,,,,,,,,HAR,LP109,,,,,AKU,N,,,N
,4,,10:30: AM,UCS405T,,,,,,,,,,,,,,,,,,,,,,,,,,LAB,,,,LAB,,,,,,,,,,,,,,LAB,,,,,,LAB,,LAB,,,,UCS303L,,,,,,,,,,LAB,,LAB,,LAB,,LAB,,,,UMA021L,,,,,,,,,,,,LAB,,LAB,,,,,,,,,,LAB,,,,,,LAB,,,,UCS405T,,,,,,,,,,,,,,,,,,,,,,,,,,,,UCTXX2L,,,,,,,4,10:30: AM,
D,,,,F110,JAS,,,,,,,,,,,,,,,,,,,,,,,,,TUS-JF,,,,TA37,,,,,,,,,,,,,,KRK-RA,,,,,,RMT,,SIK,,,,LT301,,,,,,,,,VAP,TA27,,MJU,,SHI,,ABN-RA,,,,E205,,,,,,,AJD,,,,,SSK,,TA4,,,,,,,,,,GUR-JF,,,,,,BAN-RA,,,,F111,NAA,,,,,,,,,,,,,,,,,,,,,,,,,,,LP109,,,,,VIN,D,,,D
,5,,11:20 AM,UTA018L,,,,,,,,,,,,,,,,,,,,,,,,,,,,,,,,,,,,UMA021L,,,,,,,,,,UCS301L,,,,,,,,,,,,,,UCS405T,,,,,,UCS405T,,,,,,,,,,UCS405L,,,,,,,,UTA018L,,UTA018L,,UTA018L,,UMA021L,,,,,,,,,,,,,,,,,,,,UMA021P,,UCS303P,,UCS301P,,,,UCS301P,,,,,,,,,,UCS303P,,UMA021P,,UCS301P,,UTA016P,,UCS301P,,UCT203L,,,,,,,5,11:20 AM,
A,,,,LT102,,,,,,,,,,,,,,,SRR,,,,,,,,,,,,,,,,,,,,,LT301,,,,,,,,,MER,LT402,,,,,,,,,VSH,,,,,F111,NAA,,,,,F110,JAS,,,,,,,,,E205,,,,,,,ADT,LT102,SRR,LT102,SRR,LT102,SRR,LT401,,,,,,,,,BHU,,,,,,,,,,,NA1(G203),,DBMS-2(L207),,DS-1(L004),,,,DS-2(L005),,,,,,,,,,DBMS-1(L206),,G204(NA2),,L003,,F314/B204,,L003,,LP109,,,,,RIR,A,,,A
,6,,12:10 PM,UMA021L,,,,,,,,,,,,,,,,,,,,,,,,,,,,,,,,,,,,UTA018L,,,,,,,,,,UMA021L,,,,,,,,,,,,,,,,,,,,,,,,,,,,,,UCS301L,,,,,,,,UMA021L,,UMA021L,,UMA021L,,UCS301L,,,,,,,,,,,,,,,,,,,,LAB,,LAB,,LAB,,,,LAB,,,,,,,,,,LAB,,LAB,,LAB,,LAB,,LAB,,UCTXX1L,,,,,,,6,12:10 PM,
Y,,,,LT102,,,,,,,,,,,,,,,MH,,,,,,,,,,,,,,,,,,,,,LT301,,,,,,,,,SBH,LT402,,,,,,,,,AK,,,,,,,,,,,,,,,,,,,,,E205,,,,,,,MNP,LT102,MH,LT102,MH,LT102,MH,LT401,,,,,,,,,TBH,,,,,,,,,,,TA31,,JHS-RA,,AKU,,,,JOT,,,,,,,,,,MDP-RA,,TA28,,ANK-RA,,SPS/APC15,,KAPIL TOMAR,,LP109,,,,,ASM,Y,,,Y
,7,,1:00 PM,,,,,,,,,,,,,,,,,UCS320L,,,,,,,,,,UTA018L,,,,,,,,,,,,,,,,,,,,,,,,,,,,,,UCS405L,,,,,,,,,,UCS320L,,,,,,,,,,,,,,,,,,,,,,,,,,,,,,,,,,UCS320L,,,,,,,,,,,,,,,,,,,,UCS301L,,,,,,,,,,,,,,,,,,,,,,,,,7,1:00 PM,
,,,,,,,,,,,,,,,,,,,,LT403,ALTERNATE FROM SECOND WEEK,,,,,,,,JPK,LT401,,,,,,,,,NEG,,,,,,,,,,,,,,,,,,,,,LT301,,,,,,,,,RVK,LT402,ALTERNATE FROM FIRST WEEK,,,,,,,,SAMVSH,,,,,,,,,,,,,,,,,,,,,,,,,LT302,ALTERNATE FROM SECOND WEEK,,,,,,,,SAM,,,,,,,,,,,LT303,,,,,,,SIK,,,,,,,,,,,,,,,,,,,,
,8,,1:50 PM,,,,,UTA016P,,UTA016P,,,,,,,,,,UCS301L,,,,,,,,,,UMA021L,,,,,,,,,,,,,,,,,,,,UCS301P,,UCS301P,,,,UCS303P,,,,UMA021L,,,,,,,,,,UCS405L,,,,,,,,,,,,UCS303P,,UCS303P,,,,UTA036P,,UTA036P,,UTA036P,,UTA018P,,,,UTA016P,,UTA016P,,,,UTA018L,,,,,,,,,,,,,,,,,,,,UCS303L,,,,,,,,UCS301P,,UAI301P,,,,,,,,,,,,UCTXX3P,,,8,1:50 PM,
,,,,,,,,F314/B204,,F315/C212,,,,,,,,,,LT403,,,,,,,,,RMT,LT401,,,,,,,,,PRO,,,,,,,,,,,DS-1(L004),,DS-2(L005),,,,SS-1(L201),,,,LT301,,,,,,,,,VK,LT402,,,,,,,,,ADT,,,SS-2(L202),,DBMS-2(L207),,,,ACTIVITY SAPACE 2,,ACTIVITY SAPACE 2,,ACTIVITY SAPACE 2,,PL-5(L208),,,,B204/F314,,C212/F315,,,,LT302,,,,,,,,,NEG,,,,,,,,,,,LT303,,,,,,,SHD,L003,,ED2(L209),,,,,,,,,,,,CG2(L430),,,,,
,9,,2:40 PM,,,,,LAB,,LAB,,UCS405T,,UCS405T,,,,,,UTA018L,,,,,,,,,,UCS303L,,,,,,,,,,,,,,,,,,,,LAB,,LAB,,,,LAB,,,,UCS301L,,,,,,,,,,UCS301L,,,,,,,,,,,,LAB,,LAB,,,,LAB,,LAB,,LAB,,LAB,,,,LAB,,LAB,,,,UMA021L,,,,,,,,,,,,,,,,,,,,UMA021L,,,,,,,,LAB,,LAB,,,,,,,,,,,,LAB,,,9,2:40 PM,
,,,,,,,,KL/AMJ,,VKS/RF5,,F110,CHK-RA,F111,RVK,,,,,LT403,,,,,,,,,SES,LT401,,,,,,,,,VAP,,,,,,,,,,,TBH,,SNH-RA,,,,MDY-RA,,,,LT301,,,,,,,,,MNP,LT402,,,,,,,,,HAS,,,SHI,,HRM-RA,,,,VPR/SK,,VPR/SK,,VPR/SK,,DEM,,,,AMJ/KL,,RF5/VKS,,,,LT302,,,,,,,,,AJD,,,,,,,,,,,LT303,,,,,,,MH,YSH-RA,,VBH,,,,,,,,,,,,SHS,,,,,
,10,,3:30 PM,,,,,,,,,UCS668P,,UCS301P,,,,,,UCS405T,,,,,,,,,,,,,,,,,,,,UCS303P,,,,,,,,,,UCS303L,,,,,,,,,,,,,,,,,,,,,,,,,,UTA016P,,UTA016P,,,,,,,,,,UCS301P,,,,UCS301P,,UCS405L,,,,,,,,,,,,,,UTA016P,,UTA016P,,UCS405T,,UCS301L,,,,,,,,,,,,,,,,UCS303P,,UMA021L,,,,,,,,,,UXTXX2P,,UCT203P,,UHU012P,,,10,3:30 PM,
,,,,,,,,,,,,DS-1(L004),,DS-2(L005),,,,,,F110,CHK-RA,,,,,,,,,,,,,,,,,,,SS2(L202),,,,,,,,,,LT402,,,,,,,,,RHL,,,,,,,,,,,,,,,,,B204/F314,,C202/F315,,,,,,,,,,L003,,,,L003,,LT401,,,,,,,,,JAS,,,,,F314/B204,,F315/C212,,F111,RVK,LT301,,,,,,,,,JOT,,,,,,,SS-1(L201),,LT303,,,,,,,,,PRO,SE1(L104),,NS2(L103),,E101,,,,,
,11,,4:20 PM,,,,,,,,,LAB,,LAB,,,,,,,,,,,,,,,,,,,,,,,,,,LAB,,,,,,,,,,UTA018L,,,,,,,,,,,,,,,,,,,,,,,,,,LAB,,LAB,,,,,,,,,,LAB,,,,LAB,,UTA018L,,,,,,,,,,,,,,LAB,,LAB,,,,UCS303L,,,,,,,,,,,,,,,,LAB,,,,,,,,,,,,LAB,,LAB,,SPK,,,11,4:20 PM,
,,,,,,,,,,,,JHB,,GVR,,,,,,,,,,,,,,,,,,,,,,,,,,BAN-RA,,,,,,,,,,LT402,,,,,,,,,LVD,,,,,,,,,,,,,,,,,APC10/DKJ,,APC15/AMG,,,,,,,,,,ANK-RA,,,,ANK-RA,,LT401,,,,,,,,,SES,,,,,DKJ/APC10,,AMG/APC15,,,,LT301,,,,,,,,,NDH,,,,,,,ASN,,,,,,,,,,,,VIN,,RIR,,,,,,,
,12,,5:10 PM,UTA016L,,,,,,,,,,,,,,,,,,,,,,,,,,UTA016L,,,,,,,,,,,,,,,,,,,,,,,,,,,,,,,,,,,,,,,,,,,,,,,,,,,,UTA016L,,,,,,,,,,,,UTA016L,,,,,,,,,,,,,,,,,,,,,,,,,,,,,,,,,,,,,,UTA016L,,,,,,,,,,,,,,,,,12,5:10 PM,
,,,,LT103/LP101,,,,,,,,,,,,,,,KL/DG,,,,,,,,,,,LP101/LT103,,,,,,,,,DG/KL,,,,,,,,,,,,,,,,,,,,,,,,,,,,,,,,,,,,,,,,,,,LT103/LP101,,,,,KL/DG,,,,,,,LP101/LT103,,,,,,,,,DG/KL,,,,,,,,,,,,,,,,,,,,,,,,,,,,,LT103/LP101,,,,,,,,,KL/DG,,,,,,,,,,
,13,,6:00 PM,,,,,,,,,,,,,,,,,,,,,,,,,,,,,,,,,,,,,,,,,,,,,,,,,,,,,,,,,,,,,,,,,,,,,,,,,,,,,,,,,,,,,,,,,,,,,,,,,,,,,,,,,,,,,,,,,,,,,,,,,,,,,,,,,,,,,,,,,,,,,,,,,,13,6:00 PM,
,,,,,,,,,,,,,,,,,,,,,,,,,,,,,,,,,,,,,,,,,,,,,,,,,,,,,,,,,,,,,,,,,,,,,,,,,,,,,,,,,,,,,,,,,,,,,,,,,,,,,,,,,,,,,,,,,,,,,,,,,,,,,,,,,,,,,,,,,,,,,,,,,,,,,,,
,14,,6:50 PM,,,,,,,,,,,,,,,,,,,,,,,,,,,,,,,,,,,,,,,,,,,,,,,,,,,,,,,,,,,,,,,,,,,,,,,,,,,,,,,,,,,,,,,,,,,,,,,,,,,,,,,,,,,,,,,,,,,,,,,,,,,,,,,,,,,,,,,,,,,,,,,,,,14,6:50 PM,
,,,,,,,,,,,,,,,,,,,,,,,,,,,,,,,,,,,,,,,,,,,,,,,,,,,,,,,,,,,,,,,,,,,,,,,,,,,,,,,,,,,,,,,,,,,,,,,,,,,,,,,,,,,,,,,,,,,,,,,,,,,,,,,,,,,,,,,,,,,,,,,,,,,,,,,
,1,,8:00 AM,UMA021P,,UMA021P,,UCS303P,,UCS303P,,UTA018P,,,,UMA021P,,,,UTA018L,,,,,,,,,,,,,,,,,,UCS301P,,UTA018L,,,,,,,,,,,,UCS303P,,,,UTA016P,,,,UCS405L,,,,,,,,,,,,,,,,,,,,,,,,UTA016P,,,,UCS510L,,UMA021P,,,,,,,,UTA018P,,UTA018P,,,,,,,,,,,,,,UTA018L,,,,,,,,,,UCS301P,,,,,,,,,,,,,,,,,,,,,,UCT203P,,,1,8:00 AM,
T,,,,NA-1(G203),,NA-2(G204),,SS-2(L202),,DBMS-2(L207),,DBMS-1(L206),,,,PG(G201),,,,LT403,,,,,,,,,SES,,,,,,,,,DS-1(L004),,LT301,,,,,,,,,SBH,,,SS-1(L201),,,,C212/F315,,,,LT302,,,,,,,,,RVK,,,,,,,,,,,,,,,F315/C212,,,,LT102,YAD,FIST(G307),,,,,,,,PL4(L011),,PL5(L208),,,,,,,,,,,,,,LT303,,,,,,,,,LVD,DS-2(L005),,,,,,,,,,,,,,,,,,,,,,LL(L003),,T,,,T
,2,,8:50 AM,LAB,,LAB,,LAB,,LAB,,LAB,,,,LAB,,UCS405T,,UMA021L,,,,,,,,,,,,,,,,,,LAB,,UCS301L,,,,,,,,,,,,LAB,,,,LAB,,,,UMA021L,,,,,,,,,,,,,,,,,,,,,,,,LAB,,,,,,LAB,,,,,,,,LAB,,LAB,,UCS405T,,,,,,,,,,,,UCS405L,,,,,,,,,,LAB,,,,,,,,,,,,,,,,,,,,UCT301T,,LAB,,,2,8:50 AM,
U,,,,TA1,,RA4,,HRM-RA,,ISR-RA,,GUK-RA,,,,TA3,,F110,JAS,LT403,,,,,,,,,SPN,,,,,,,,,SNH-RA,,LT301,,,,,,,,,SUB,,,MDY-RA,,,,APC1/GTS,,,,LT302,,,,,,,,,VK,,,,,,,,,,,,,,,GTS/APC1,,,,,,RF2,,,,,,,,GUR-JF,,YAD-RA,,F111,CHK-RA,,,,,,,,,,,LT303,,,,,,,,,NNA,KRK-RA,,,,,,,,,,,,,,,,,,,,LP109,AKU,GYT-RA,,U,,,U
,3,,9:40 AM,UCS303L,,,,,,,,,,,,,,,,UCS301P,,UCS301P,,,,,,UCS301P,,,,,,,,UMA021P,,,,UMA021P,,,,UCS303P,,,,,,,,UMA021P,,,,,,,,UTA018P,,,,UTA018P,,,,UMA021P,,,,,,,,,,,,,,,,,,,,UCS303L,,UCS303L,,,,UTA018L,,,,,,,,,,,,,,,,,,UMA021P,,,,UCS405T,,UCS405T,,UCS303P,,UCS303P,,,,,,,,,,UAI302P,,,,,,,,UAI302P,,UCT301L,,,,,,,3,9:40 AM,
E,,,,LT102,,,,,,,,,,,,,,,GAS,DS1(L004),,DS2(L005),,,,,,DBMS1(L206),,,,,,,,NA-2(G204),,,,PG(G201),,,,DBMS-2(L207),,,,,,,,FIST(G307),,,,,,,,PL-4(L011),,,,PL-5(L208),,,,NA1(G203),,,,,,,,,,,,,,,,,,,,LT102,GAS,LT102,GAS,,,LT301,,,,,,,,,SES,,,,,,,,,NEW(G309),,,,F110,JAS,F111,ADT,SS-1(L201),,SS-2(L202),,,,,,,,,,AI(L307),,,,,,,,ED1(L101),,LP109,,,,,AKU,E,,,E
,4,,10:30 AM,UCS301L,,,,,,,,,,,,,,,,LAB,,LAB,,,,,,LAB,,,,,,,,LAB,,,,LAB,,,,LAB,,,,,,,,LAB,,,,,,,,LAB,,,,LAB,,,,LAB,,,,,,,,,,,,UCS405T,,,,,,,,UCS301L,,UCS301L,,UCS301L,,UCS303L,,,,,,,,,,UCS405T,,,,,,,,LAB,,,,,,,,LAB,,LAB,,,,,,,,,,ALTERNATE FROM FIRST WEEK,,,,,,,,LAB,,UCTXX2L,,,,,,,4,10:30 AM,
S,,,,LT102,,,,,,,,,,,,,,,SIK,VSH,,JOT,,,,,,YSH-RA,,,,,,,,TA9,,,,AJD,,,,MDP-RA,,,,,,,,FM,,,,,,,,NEG,,,,SRR,,,,TA30,,,,,,,,,,,,F111,ADT,,,,,,,LT102,SIK,LT102,SIK,LT102,SIK,LT301,,,,,,,,,GAS,F110,AAD,,,,,,,RA3,,,,,,,,ABD,,VAP,,,,,,,,,,SAK,,,,,,,,AMR-RA,,LP109,,,,,VIN,S,,,S
,5,,11:20 AM,,,,,UCS301P,,UCS301P,,UTA016P,,UTA016P,,,,UCS303P,,,,,,,,,,,,,,,,,,,,,,,,,,,,,,,,,,,,,,,,,,,,,,,,,,,,,,UMA021P,,,,,,UMA021P,,UTA018P,,UTA018P,,,,UCS303P,,UCS303P,,,,UES017L,,UTA016P,,UMA021P,,UCS303P,,,,UTA016P,,UCS301P,,,,,,,,,,,,,,UMA021P,,UMA021P,,,,,,,,,,,,UCS303L,,,,,,,,,,,,,,,,,5,11:20 AM,
D,,,,,,,,DS-1(L004),,DS-2(L005),,F314/B204,,F315/C212,,,,SS-2(L202),,,,,,,,,,,,,,,,,,,,,,,,,,,,,,,,,,,,,,,,,,,,,,,,,,,,,,NEW(G309),,,,,,FIST(G307),,PL-5(L208),,PL-4(L011),,,,L209,,DBMS-1(L206),,,,F209,KKH,B204/F314,,PG(G201),,DBMS-2(L207),,,,C212/F315,,L003,,,,,,,,,,,,,,NA2(G204),,NA1(G203),,,,,,,,,,,,LT303,,,,,,,,,VBJ,,,,,,,D,,,D
,6,,12:10 PM,,,,,LAB,,LAB,,LAB,,LAB,,,,LAB,,,,,,,,,,,,,,,,,,,,,,,,,,,,,,,,,,,,,,,,,,,,,,,,,,,,,,LAB,,,,,,LAB,,LAB,,LAB,,,,LAB,,LAB,,,,,,LAB,,LAB,,LAB,,UCS405T,,LAB,,LAB,,,,,,,,,,,,,,LAB,,LAB,,,,,,,,,,,,UMA021L,,,,,,,,,,,,,,,,,6,12:10 PM,
A,,,,,,,,SNH-RA,,KAP,,APS/RF4,,NK/RF5,,,,PRC-RA,,,,,,,,,,,,,,,,,,,,,,,,,,,,,,,,,,,,,,,,,,,,,,,,,,,,,,BHU,,,,,,TA26,,JSR-CRA,,SES,,,,NF,,ISR-RA,,,,,,RF4/APS,,TA32,,JDN,,F110,VSL,RF5/NK,,PKV-CRA,,,,,,,,,,,,,,RF2,,RF3,,,,,,,,,,,,LT303,,,,,,,,,PRO,,,,,,,A,,,A
,7,,1:00 PM,,,,,,,,,,,,,,,,,UCS405L,,,,,,,,,,UCS320L,,,,,,,,,,UCS320L,,,,,,,,,,,,,,,,,,,,,,,,,,,,,,,,,,,,,,,,,,,,,,,,,,,,,,,,,,,,,,,,,,UCS405T,,UCS405T,,,,,,,,,,,,,,,,,,,,,,,,,,,,,,,,,,,,,,,,,7,1:00 PM,
Y,,,,,,,,,,,,,,,,,,,,LT303,,,,,,,,,JAS,LT301,FIRST WEEK ONWARDS ALTERNATE WEEK,,,,,,,,JPK,LT302,SECOND WEEK ONWARDS ALTERNATE WEEK,,,,,,,,JPK,,,,,,,,,,,,,,,,,,,,,,,,,,,,,,,,,,,,,,,,,,,,,,,,,,,,,,,,,F110,VSL,F111,AAD,,,,,,,,,,,,,,,,,,,,,,,,,,,,,,,,,,,,,,,Y,,,Y
,8,,1:50 PM,,,,,,,,,,,UTA018P,,,,,,UCS301L,,,,,,,,,,UCS301L,,,,,,,,,,UCS405L,,,,,,,,,,UTA016P,,UTA016P,,UMA021P,,,,UCS303P,,,,,,,,,,,,UCS301P,,,,UMA021P,,UCS301P,,,,UCS405L,,,,,,,,UMA021P,,UCS303P,,UMA021P,,,,,,,,,,,,,,UCS301P,,UTA018P,,,,,,,,,,,,,,,,UAI301P,,UCS301P,,UTA016P,,UTA016P,,UAI301L,,,,,,,,,,UCTXX1P,,,,,,,8,1:50 PM,
,,,,,,,,,,,,,,PL-4(L011),,,,,,LT303,,,,,,,,,RMT,LT301,,,,,,,,,KAP,LT302,,,,,,,,,AAD,B204/F314,,C212/F315,,NA1(G203),,,,DBMS-2(L207),,,,,,,,,,,,SS-2(L202),,,,NEW(G309),,DS-2(L005),,,,E205,,,,,,,ADT,FIST(G307),,SS-1,,FIST(G307),,,,,,,,,,,,,,L003,,PL-5(L208),,,,,,,,,,,,,,,,ED-2(L209),,DS-1(L004),,F314/B204,,F315/C212,,T105,RAH,,,,,,,,,DBMS1(L206),,,,,,,,,
,9,,2:40 PM,,,,,,,,,,,LAB,,,,,,UCS303L,,,,,,,,,,UCS303L,,,,,,,,,,UCS303L,,,,,,,,,,LAB,,LAB,,LAB,,,,LAB,,,,,,,,,,,,LAB,,UCS405T,,LAB,,LAB,,,,UTA018L,,,,,,,,LAB,,LAB,,LAB,,,,UCS405T,,,,,,,,,,LAB,,LAB,,,,,,,,,,,,,,,,LAB,,LAB,,LAB,,LAB,,,,,,,,,,,,LAB,,,,,,,9,2:40 PM,
,,,,,,,,,,,,,,GUK-RA,,,,,,LT303,,,,,,,,,ASN,LT301,,,,,,,,,VAP,LT302,,,,,,,,,SHD,APC1/DKS,,AMJ/ASL,,BHU,,,,MDY-RA,,,,,,,,,,,,HRM-RA,,F110,NAD-RA,SPNP,,KRK-RA,,,,E205,,,,,,,HAS,AJD,,RHL,,AJD,,,,F111,CHK-RA,,,,,,,,,RAJ,,NEG,,,,,,,,,,,,,,,,ASK,,JOT,,DKS/APC1,,ASL/AMJ,,,,,,,,,,,,ASM,,,,,,,,,
,10,,3:30 PM,UTA016P,,UTA016P,,,,,,,,,,,,,,,,,,,,UCS303P,,UCS405T,,UTA016P,,UTA016P,,UCS301P,,UCS301P,,,,,,,,,,,,,,UMA021L,,,,,,,,,,,,,,,,,,,,UCS405L,,,,,,,,,,UMA021P,,,,,,UMA021P,,,,UCS301P,,,,,,UTA018P,,,,UCS303P,,UTA018P,,,,,,,,UCS405T,,,,,,,,,,,,,,,,UMA021P,,UCS303P,,UAI301P,,,,,,,,,,,,,,UHU012P,,UCTXX2P,,,10,3:30 PM,
,,,,F314/B204,,F315/C212,,,,,,,,,,,,,,,,,,,,SS2(L202),,F111,CHK-RA,B204/F314,,C212/F315,,DS-1(L004),,DS-2(L005),,,,,,,,,,,,,,LT301,,,,,,,,,AK,,,,,,,,,,,LT303,,,,,,,,,ADT,NA1(G203),,,,,,NA2(G204),,,,L003,,,,,,PL5(L208),,,,SS-2,,PL4(L011),,,,,,,,F110,NAD-RA,,,,,,,,,,,,,,,PG(G201),,SS-1(L201),,ED2(L209),,,,,,,,,,,,,,E101,,SE1(L104),,,,,
,11,,4:20 PM,LAB,,LAB,,,,,,,,,,,,,,,,,,,,LAB,,,,LAB,,LAB,,LAB,,LAB,,,,,,,,,,,,,,UCS320L,,,,,,,,,,,,,,,,,,,,UCS303L,,,,,,,,,,LAB,,,,,,LAB,,,,LAB,,,,,,LAB,,,,LAB,,LAB,,,,,,,,,,,,,,,,,,,,,,,,LAB,,LAB,,LAB,,,,,,,,,,,,,,SPK,,LAB,,,11,4:20 PM,
,,,,VG/RF6,,DKJ/DG,,,,,,,,,,,,,,,,,,,,ASN,,,,RF6/VG,,/DKJ,,VSH,,KAP,,,,,,,,,,,,,,LT301,ALTERNATE FROM FIRST WEEK,,,,,,,,SAM,,,,,,,,,,,LT303,,,,,,,,,JDN,MH,,,,,,TA19,,,,YSH-RA,,,,,,HSP,,,,SHV,,DEM,,,,,,,,,,,,,,,,,,,,,,,,TA28,,SHD,,VBH,,,,,,,,,,,,,,,,VIN,,,,,
,12,,5:10 PM,,,,,,,,,,,,,,,,,,,,,,,,,,,,,,,,,,,,,,,,,,,,,,,,,,,,,,,,,,,,,,,,,,,,,,,,,,,,,,,,,,,,,,,,,,,,,,,,,,,,,,,,,,,,,,,,,,,,,,,,,,,,,,,,,,,,,,,,,,,,,,,,,,12,5:10 PM,
,,,,,,,,,,,,,,,,,,,,,,,,,,,,,,,,,,,,,,,,,,,,,,,,,,,,,,,,,,,,,,,,,,,,,,,,,,,,,,,,,,,,,,,,,,,,,,,,,,,,,,,,,,,,,,,,,,,,,,,,,,,,,,,,,,,,,,,,,,,,,,,,,,,,,,,
,13,,6:00 PM,,,,,,,,,,,,,,,,,,,,,,,,,,,,,,,,,,,,,,,,,,,,,,,,,,,,,,,,,,,,,,,,,,,,,,,,,,,,,,,,,,,,,,,,,,,,,,,,,,,,,,,,,,,,,,,,,,,,,,,,,,,,,,,,,,,,,,,,,,,,,,,,,,13,6:00 PM,
,,,,,,,,,,,,,,,,,,,,,,,,,,,,,,,,,,,,,,,,,,,,,,,,,,,,,,,,,,,,,,,,,,,,,,,,,,,,,,,,,,,,,,,,,,,,,,,,,,,,,,,,,,,,,,,,,,,,,,,,,,,,,,,,,,,,,,,,,,,,,,,,,,,,,,,
,14,,6:50 PM,,,,,,,,,,,,,,,,,,,,,,,,,,,,,,,,,,,,,,,,,,,,,,,,,,,,,,,,,,,,,,,,,,,,,,,,,,,,,,,,,,,,,,,,,,,,,,,,,,,,,,,,,,,,,,,,,,,,,,,,,,,,,,,,,,,,,,,,,,,,,,,,,,14,6:50 PM,
,,,,,,,,,,,,,,,,,,,,,,,,,,,,,,,,,,,,,,,,,,,,,,,,,,,,,,,,,,,,,,,,,,,,,,,,,,,,,,,,,,,,,,,,,,,,,,,,,,,,,,,,,,,,,,,,,,,,,,,,,,,,,,,,,,,,,,,,,,,,,,,,,,,,,,,
,1,,8:00 AM,FIRST WEEK ONWARDS ALTERNATE WEEK ,,,,,,,,,,,,,,,,UCS301P,,UTA016P,,UCS301P,,UCS301P,,UMA021P,,UCS303P,,,,UTA018P,,,,UTA018P,,UCS303L,,,,,,,,,,UCS303L,,,,,,,,,,,,,,,,,,,,,,,,UTA016P,,,,,,,,,,,,UTA016P,,UCS405T,,UCS405T,,UCS405T,,UCS320L,,,,,,,,,,UCS301L,,,,,,,,,,UCS405L,,,,,,,,,,,,,,UAI301P,,,,,,,,UAI302P,,UAI302P,,UTA016P,,,,UCTXX3P,,,,,1,8:00 AM,
W,,,,LT102,,,,,,,,,,,,,,,JPK,SS2(L202),,F314/B204,,DS19L004),,DS2(L005),,NEW(G309),,SS-1(L201),,,,PL-4(L011),,,,PL5(L208),,LT302,,,,,,,,,SHD,LT402,,,,,,,,,RHL,,,,,,,,,,,,,,,B204/F314,,,,,,,,,,,,F303/C212,,F110,NAD-RA,F110,NAD-RA,F110,NAD-RA,LT301,,SECOND WEEK ONWARDS ALTERNATE WEEK,,,,,,,JPK,LT401,,,,,,,,,KAP,LT403,,,,,,,,,NNA,,,,,PL3(L010),,,,,,,,AI(L307),,AI(L307),,C212/F303,,,,CG2(L430),,,,W,,,W
,2,,8:50 AM,UTA018L,,,,,,,,,,,,,,,,LAB,,LAB,,LAB,,LAB,,LAB,,LAB,,,,LAB,,UCS405T,,LAB,,UTA018L,,,,,,,,,,UCS405L,,,,,,,,,,,,,,,,,,,,,,,,LAB,,,,,,,,UCS405T,,,,LAB,,UTA018L,,UTA018L,,UTA018L,,UTA018L,,,,,,,,,,UCS405L,,,,,,,,,,UMA021L,,,,,,,,,,,,,,LAB,,,,,,,,ALTERNATE FROM FIRST WEEK,,ALTERNATE FROM SECOND WEEK,,LAB,,,,LAB,,UCT301L,,,2,8:50 AM,
E,,,,LT102,,,,,,,,,,,,,,,SRR,BAN-RA,,APS/APC10,,MNP,,SHU-RA,,FM,,ISR-RA,,,,MAL-RF,,F111,NAD-RA,TUS-JF,,LT302,,,,,,,,,SBH,LT402,,,,,,,,,NNA,,,,,,,,,,,,,,,APC10/APS,,,,,,,,F110,ADT,,,AG/,,LT102,SRR,LT102,SRR,LT102,SRR,LT301,,,,,,,,,SES,LT401,,,,,,,,,RVK,LT403,,,,,,,,,SPNP,,,,,VRN-CRA,,,,,,,,SAK,,SAK,,/AG,,,,SHS,,LP109,AKU,E,,,E
,3,,9:40 AM,UTA018P,,UCS301P,,UMA021P,,UMA021P,,,,,,,,,,UCS301P,,UCS301P,,,,UCS405T,,,,UCS303L,,,,,,,,,,UMA021L,,,,,,,,,,,,,,,,,,UTA018P,,,,,,,,,,,,,,,,UTA018P,,,,,,UCS301L,,,,,,,,UTA036P,,UTA036P,,UTA036P,,UCS303P,,UCS301P,,UMA021P,,UCS303P,,UMA021P,,,,,,,,,,,,UTA018P,,UTA018P,,,,,,,,,,,,,,,,,,,,,,,,,,UCT301L,,,,,,,3,9:40 AM,
D,,,,ED2(L209),,DS-1(L004),,NA-2(G204),,PG(G201),,,,,,,,,,DS1(L004),,DS2(L005),,,,F110,ADT,,,LT301,,,,,,,,,VAP,LT302,,,,,,,,,MER,,,,,,,,,PL-3(L010),,,,,,,,,,,,,,,,DBMS-2(L207),,,,,,E205,,,,,,,MNP,ACTIVITY SPACE 2,,ACTIVITY SPACE 2,,ACTIVITY SPACE 2,,SS-2(L202),,DS2(L005),,FIST(G307),,SS-1(L201),,NEW(G309),,,,,,,,,,,,PL-4(L011),,PL-5(L208),,,,,,,,,,,,,,,,,,,,,,,,,,LP109,,,,,AKU,D,,,D
,4,,10:30 AM,LAB,,LAB,,LAB,,LAB,,,,,,,,,,LAB,,LAB,,,,,,,,UCS405L,,,,,,,,,,UCS405L,,,,,,,,,,,,,,,,,,LAB,,,,,,,,,,,,,,,,LAB,,UCS405T,,UCS405T,,UCS303L,,,,,,,,LAB,,LAB,,LAB,,LAB,,LAB,,LAB,,LAB,,LAB,,,,,,,,,,,,LAB,,LAB,,,,,,,,,,,,,,,,,,,,,,,,,,UCTXX2L,,,,,,,4,10:30 AM,
N,,,,GUR-JF,,DKA-RA,,TA4,,PRO,,,,,,,,,,VSH,,JOT,,,,,,,,LT301,,,,,,,,,VSL,LT302,,,,,,,,,AAD,,,,,,,,,GUK-RA,,,,,,,,,,,,,,,,YAD-RA,,F110,SNL-RA,F111,CHK-RA,E205,,,,,,,ASN,VPR/SPP,,VPR/SPP,,VPR/SPP,,GAS,,TBH,,TA6,,RHL,,TA7,,,,,,,,,,,,HAS,,PRY-JF,,,,,,,,,,,,,,,,,,,,,,,,,,LP109,,,,,VIN,N,,,N
,5,,11:20 AM,,,,,,,,,,,,,,,,,UCS301L,,,,,,,,,,,,UTA018P,,UTA016P,,UTA016P,,UMA021P,,UCS301P,,UCS303P,,UTA018P,,UCS405T,,UCS303P,,,,,,,,,,,,UMA021L,,,,,,,,,,,,,,,,UMA021P,,UCS301P,,UMA021L,,,,,,,,,,,,UES017L,,UCS301L,,,,,,,,,,,,,,UMA021P,,,,,,UTA016P,,UTA016P,,,,,,,,,,,,,,,,,,,,,,,,,,UCT203L,,,,,,,5,11:20 AM,
E,,,,,,,,,,,,,,,,,,,,LT302,,,,,,,,,RMT,,,PL-4(L011),,B204/F314,,C212/F315,,PG(G201),,DS-1(L004),,SS-1(L201),,PL-5(L208),,F110,SNL-RA,SS-2(L202),,,,,,,,,,,,LT303,,,,,,,,,VK,,,,,,,FIST(G307),,DS-2(L005),,E205,,,,,,,AJD,,,,,F209,KKH,LT301,,,,,,,,,TBH,,,,,NEW(G309),,,,,,F314/B204,,F315/C202,,,,,,,,,,,,,,,,,,,,,,,,,,LP109,,,,,RIR,E,,,E
,6,,12:10 PM,,,,,,,,,,,,,,,,,UMA021L,,,,,,,,,,,,LAB,,LAB,,LAB,,LAB,,LAB,,LAB,,LAB,,,,LAB,,,,,,,,,,,,UCS301L,,,,,,,,,,,,,,,,LAB,,LAB,,UTA018L,,,,,,,,UTA036L,,UTA036L,,UTA036L,,UMA021L,,,,,,,,,,,,,,LAB,,,,,,LAB,,LAB,,,,,,,,,,,,,,,,,,,,,,,,,,UCTXX1L,,,,,,,6,12:10 PM,
S,,,,,,,,,,,,,,,,,,,,LT302,,,,,,,,,SPN,,,SRR,,AMJ/SUD,,RF7/MDM,,RA3,,KRK-RA,,GAS,,SFL-RA,,,,MDY-RA,,,,,,,,,,,,LT303,,,,,,,,,MNP,,,,,,,TA12,,YSH,,E205,,,,,,,HAS,ACTIVITY SPACE 2,SK/SPP,ACTIVITY SPACE 2,SK/SPP,ACTIVITY SPACE 2,SK/SPP,LT301,,,,,,,,,BHU,,,,,MH,,,,,,SUD/AMJ,,MDM/RF7,,,,,,,,,,,,,,,,,,,,,,,,,,LP109,,,,,ASM,S,,,S
,7,,1:00 PM,,,,,UCS405T,,,,,,,,,,,,,,,,,,,,,,,,,,,,,,,,,,,,,,,,,,UCS301L,,,,,,,,,,,,,,,,,,,,,,,,,,,,,,,,,,,,,,,,,,,,,,,,,,,,,,,,,,,,,,,,,,,,,,UCS405T,,,,UAI301L,,,,,,,,UAI301L,,,,,,,,,,,,,,,,,7,1:00 PM,
D,,,,,,,,F110,AAD,,,,,,,,,,,,,,,,,,,,,,,,,,,,,,,,,,,,,,,,,LT301,,,,,,,,,VSH,,,,,,,,,,,,,,,,,,,,,,,,,,,,,,,,,,,,,,,,,,,,,,,,,,,,,,,,,,,,,F111,VSL,,,LT302,,,,,,,ASK,LT303,,,,,,,,,HAR,,,,,,,D,,,D
,8,,1:50 PM,UCS301L,,,,,,,,,,,,,,,,,,,,,,,,,,,,,,,,,,,,,,UMA021P,,,,UTA016P,,UTA016P,,UTA018L,,,,,,,,,,,,UMA021P,,UCS301P,,,,,,UCS301P,,UCS301P,,,,,,,,,,,,,,,,UCS301L,,UCS301L,,UCS301L,,,,,,,,,,,,UCS303P,,UTA018P,,,,UMA021P,,UCS303P,,UCS303P,,,,UTA016P,,UTA016P,,UTA018P,,UCS303L,,,,,,,,UCS301L,,,,,,,,,,,,UCTXX1P,,,,,8,1:50 PM,
A,,,,LT102,,,,,,,,,,,,,,,SIK,,,,,,,,,,,,,,,,,,,,,,,PG(G201),,,,B204/F313,,C212/F315,,LT301,,,,,,,,,LVD,,,FIST(G307),,L003,,,,,,DS-1(L004),,DS-2(L005),,,,,,,,,,,,,,,,LT101,SIK,LT101,SIK,LT101,SIK,,,,,,,,,,,SS-2(L202),,PL-4(L011),,,,NEW(G309),,SS-1(L201),,DBMS-2(L207),,,,F314/B204,,F315/C212,,PL-5(L208),,LT302,,,,,,,SHD,LT303,,,,,,,,,JOT,,,DBMS1(L206),,,,A,,,A
,9,,2:40 PM,UCS405L,,,,,,,,,,,,,,,,,,,,,,,,,,,,,,,,,,,,,,LAB,,,,LAB,,LAB,,UMA021L,,,,,,,,,,UCS405T,,LAB,,LAB,,,,,,LAB,,LAB,,UCS405T,,,,,,,,,,,,,,UCS405L,,UCS405L,,UCS405L,,,,,,,,,,,,LAB,,LAB,,,,LAB,,LAB,,LAB,,,,LAB,,LAB,,LAB,,UCS301L,,,,,,,,UCS303L,,,,,,,,,,,,LAB,,,,,9,2:40 PM,
Y,,,,LT102,,,,,,,,,,,,,,,AAD,,,,,,,,,,,,,,,,,,,,,,,SPNP,,,,AMJ/NK,,PF2/PKC,,LT301,,,,,,,,,AK,F110,NAD-RA,MER,,SHU-RA,,,,,,TBH,,RMT,,F111,VSL,,,,,,,,,,,,,LT102,AAD,LT102,AAD,LT102,AAD,,,,,,,,,,,BAN-RA,,MAL-RF,,,,TA30,,ISR-RA,,ABD,,,,NK/AMJ,,PKC/PF2,,TUS-JF,,LT302,,,,,,,SIK,LT303,,,,,,,,,VBJ,,,ASM,,,,Y,,,Y
,10,,3:30 PM,,,UCS405T,,,,,,UCS303P,,UCS303P,,UTA018P,,UTA018P,,,,,,,,,,,,UMA021L,,,,,,,,,,,,,,,,,,UCS405T,,,,,,,,,,,,UTA018L,,,,,,,,,,UMA021L,,,,,,,,,,UCS301P,,UCS301P,,UTA018P,,,,UTA018P,,,,UTA018P,,,,,,,,,,UCS303P,,UMA021L,,,,,,,,,,,,,,,,,,UMA021P,,,,,,,,,,UTA016P,,UCS301P,,UTA016P,,UMA021P,,,,UCT203P,,,,,,,10,3:30 PM,
,,,,,,F111,VSL,,,,,SS-1(L201),,SS-2(L202),,DBMS-1(L206),,PL-4(L011),,,,,,,,,,,,LT301,,,,,,,,,PRO,,,,,,,,,F110,NNA,,,,,,,,,,,LT302,,,,,,,,,SRR,LT303,,,,,,,,,BHU,DS-1(L004),,DS-2(L005),,ED-2(L209),,,,PL-5(L208),,,,PL-5(L208),,,,,,,,,,DBMS2(L207),,LT402,,,,,,,,,AJD,,,,,,,,,FIST(G307),,,,,,,,,,F314/B204,,L003,,F315/C212,,NA2/G204,,,,NS2(L103),,,,,,,,,
,11,,4:20 PM,,,,,,,,,LAB,,LAB,,LAB,,LAB,,UTA016L,,,,,,,,,,UTA018L,,,,,,,,,,UTA016L,,,,,,,,,,UTA016L,,,,,,,,,,UCS303L,,,,,,,,,,UCS301L,,,,,,,,,,LAB,,LAB,,LAB,,,,LAB,,,,LAB,,,,,,,,,,LAB,,UCS303L,,,,,,,,,,,,,,,,,,LAB,,UTA016L,,,,,,,,LAB,,LAB,,LAB,,LAB,,,,LAB,,,,,,,11,4:20 PM,
,,,,,,,,,,,,VAP,,NDH,,PRY-JF,,SES,,LT101/LT102,,,,,,,,,/DG,LT301,,,,,,,,,NEG,LT102/LT101,,,,,,,,,DG,LT102/LT101,,,,,,,,,DG/,LT302,ALTERNATE FROM SECOND WEEK,,,,,,,,VAP,LT303,,,,,,,,,VSH,MNP,,GVR,,YAD-RA,,,,LVD,,,,LVD,,,,,,,,,,HRM-RA,,LT402,,,,,,,,,JDN,,,,,,,,,TA22,,LT101/LT102,,,,,,,/DG,VG/APC15,,DKA-RA,,VKH/APC10,,TA32,,,,RIR,,,,,,,,,
,12,,5:10 PM,,,,,,,,,,,,,,,,,,,,,,,,,,,,,,,,,,,,,,,,,,,,,,,,,,,,,,,,,,,,,,,,,,,,,,,,,,,,,,,,,,,,,,,UHU050L,,,,,,,,,,,,,,,,,,,,,,,,,,,,,,,,,,,,,,,,,,,,,,,,,,,,,,,,,,,12,5:10 PM,
,,,,,,,,,,,,,,,,,,,,,,,,,,,,,,,,,,,,,,,,,,,,,,,,,,,,,,,,,,,,,,,,,,,,,,,,,,,,,,,,,,,,,,,,,,LP101,PKN,,,,,,,,,,,,,,,,,,,,,,,,,,,,,,,,,,,,,,,,,,,,,,,,,,,,,,,,,,,,
,13,,6:00 PM,,,,,,,,,,,,,,,,,,,,,,,,,,,,,,,,,,,,,,,,,,,,,,,,,,,,,,,,,,,,,,,,,,,,,,,,,,,,,,,,,,,,,,,,,,,,,,,,,,,,,,,,,,,,,,,,,,,,,,,,,,,,,,,,,,,,,,,,,,,,,,,,,,13,6:00 PM,
,,,,,,,,,,,,,,,,,,,,,,,,,,,,,,,,,,,,,,,,,,,,,,,,,,,,,,,,,,,,,,,,,,,,,,,,,,,,,,,,,,,,,,,,,,,,,,,,,,,,,,,,,,,,,,,,,,,,,,,,,,,,,,,,,,,,,,,,,,,,,,,,,,,,,,,
,14,,6:50 PM,,,,,,,,,,,,,,,,,,,,,,,,,,,,,,,,,,,,,,,,,,,,,,,,,,,,,,,,,,,,,,,,,,,,,,,,,,,,,,,,,,,,,,,,,,,,,,,,,,,,,,,,,,,,,,,,,,,,,,,,,,,,,,,,,,,,,,,,,,,,,,,,,,14,6:50 PM,
,,,,,,,,,,,,,,,,,,,,,,,,,,,,,,,,,,,,,,,,,,,,,,,,,,,,,,,,,,,,,,,,,,,,,,,,,,,,,,,,,,,,,,,,,,,,,,,,,,,,,,,,,,,,,,,,,,,,,,,,,,,,,,,,,,,,,,,,,,,,,,,,,,,,,,,
,1,,8:00 AM,,,,,,,,,,,,,UCS303P,,,,UCS303L,,,,,,,,,,,,,,,,UCS303P,,,,,,,,,,,,,,UCS405L,,,,,,,,,,UTA016P,,UTA016P,,UCS303P,,,,UCS301P,,UCS303L,,,,,,,,,,UCS303P,,,,UMA021P,,UTA018P,,UTA036L,,UTA036L,,UTA036L,,,,,,,,,,,,UTA016P,,UTA016P,,UCS301P,,UTA018P,,UTA018P,,UCS303L,,,,,,,,,,UMA021L,,,,,,,,UMA021L,,,,,,,,,,UHUXX2L,,,,,,,1,8:00 AM,
T,,,,,,,,,,,,,,,,SS-1(L201),,,,LT403,,,,,,,,,ASN,,,,,,,DBMS-2(L207),,,,,,,,,,,,,,LT302,,,,,,,,,VSH,B204/F314,,C212/F315,,SS-2(L202),,,,DS-1(L004),,LT301,,,,,,,,,JDN,DBMS-1(L206),,,,PG(G-201),,L003,,ACTIVITY SPACE 2,VPR/SPP,ACTIVITY SPACE 2,VPR/SPP,ACTIVITY SPACE 2,VPR/SPP,,,,,,,,,,,F314/B204,,F315/C212,,DS-2(L005),,PL-4(L011),,PL-5(L208),,LT401,,,,,,,,,NDH,LT402,,,,,,,MH,LT303,,,,,,,,,PRO,LP105,,,,,RR,T,,,T
,2,,8:50 AM,,,,,,,,,,,,,LAB,,,,UCS405L,,,,,,,,,,UCS405T,,,,UCS405T,,LAB,,,,,,,,,,,,,,UCS303L,,,,,,,,,,LAB,,LAB,,LAB,,,,LAB,,UMA021L,,,,,,,,,,LAB,,,,LAB,,LAB,,,,,,,,,,,,,,,,,,LAB,,LAB,,LAB,,LAB,,LAB,,UTA018L,,,,,,,,,,UAI301L,,,,,,,,UCS301L,,,,,,,,,,UHUXX2L,,,,,,,2,8:50 AM,
H,,,,,,,,,,,,,,,,ABN-RA,,,,LT403,,,,,,,,,JAS,F110,VSL,,,F111,RVK,PRC-RA,,,,,,,,,,,,,,LT302,,,,,,,,,NAA,APC71SPS,,PF2/SRV,,ABD,,,,MNP,,LT301,,,,,,,,,BHU,BAN-RA,,,,TA14,,MADHU YADAV,,,,,,,,,,,,,,,,,,SPS/APC1,,SRV/PF2,,DKA-RA,,PRY-JF,,HSP,,LT401,,,,,,,,,LVD,LT402,,,,,,,ASK,LT303,,,,,,,,,JOT,LP105,,,,,RR,H,,,H
,3,,9:40 AM,,,,,,,,,,,,,UCS405T,,,,UTA018P,,,,UMA021P,,UMA021P,,,,UMA021P,,UCS303P,,UCS303P,,UTA018P,,UTA016P,,UTA016P,,,,,,UMA021P,,,,UTA018L,,,,,,,,,,,,UCS301P,,,,,,,,UTA018L,,,,,,,,,,UCS301L,,,,,,,,,,,,,,,,,,,,,,,,,,,,,,,,UTA016P,,,,UCS301P,,UCS303P,,UCS301P,,,,UTA016P,,,,,,,,,,UCS303P,,,,,,,,UCTXX3P,,UCTXX2P,,,,,3,9:40 AM,
U,,,,,,,,,,,,,,,,F111,RVK,,,PL4(L011),,,,NA1(G201),,NEW(G309),,,,FIST(G307),,SS-1(L201),,SS-2(L202),,PL-5(L208,,B204/F314,,C212/F315,,,,,,NA-2(G204),,,,LT302,,,,,,,,,LVD,,,L003,,,,,,,,LT301,,,,,,,,,SBH,E205,,,,,,,MNP,,,,,,,,,,,,,,,,,,,,,,,,,F314/B204,,,,DS-2(L005),,DBMS-2(L207),,DS-1(L004),,,,F315/C212,,,,,,,,,,DBMS1(L206),,,,,,,,CG2(L430),,SE1(L104),,,,U,,,U
,4,,10:30 AM,,,,,,,,,,,,,,,,,LAB,,,,LAB,,LAB,,,,LAB,,LAB,,LAB,,LAB,,LAB,,LAB,,,,,,LAB,,,,,,,,,,,,UCS405T,,,,LAB,,,,,,,,,,,,,,,,,,UMA021L,,,,,,,,,,,,UES017L,,,,,,,,,,,,,,,,,,,,LAB,,,,LAB,,LAB,,LAB,,,,LAB,,,,,,,,,,LAB,,,,,,,,LAB,,LAB,,,,,4,10:30 AM,
R,,,,,,,,,,,,,,,,,,,,SFL-RA,,,,MH,,TA29,,,,TA6,,SHD,,GAS,,NT1,,RF8/AA,,RF10/RKS,,,,,,VK,,,,,,,,,,,,F110,JAS,,,GYT-RA,,,,,,,,,,,,,,,,,,E205,,,,,,,AJD,,,,,F111,KKH,,,,,,,,,,,,,,,,,,,AA/RF8,,,,TBH,,JHS-RA,,SUG,,,,RKS/RF10,,,,,,,,,,MDP-RA,,,,,,,,SHS,,SHR,,,,R,,,R
,5,,11:20 AM,UCS303P,,,,,,,,UCS301P,,,,,,,,,,,,UTA018P,,,,UTA016P,,,,,,,,,,,,,,,,,,UCS301P,,,,UTA018P,,,,,,,,UMA021P,,,,UCS405T,,,,UMA021P,,,,,,,,,,,,,,UCS303L,,,,,,,,,,UTA018P,,UES017T,,UCS301P,,,,,,,,,,,,,,,,,,,,,,,,,,,,,,UMA021P,,,,,,,,,,,,,,UCS301P,,,,,,,,,,,5,11:20 AM,
S,,,,SS-2(L202),,,,,,,,CIS(L301),,,,,,,,,,,,PL4(L011),,,,F206/C212,,,,,,,,,,,,,,,,,,DS-1(L004),,,,PL-5(L208),,,,,,,,PG(G201),,,,F110,AAD,,,FIST(G307),,,,,,,,,,,,,,E205,,,,,,,ASN,,,ED2(L209),,F111,KKH,L003,,,,,,,,,,,,,,,,,,,,,,,,,,,,,,NEW(G309),,,,,,,,,,,,,,DS2(L005),,,,,,,,,,S,,,S
,6,,12:10 PM,LAB,,,,,,,,LAB,,,,,,,,,,,,LAB,,,,LAB,,,,,,,,,,,,,,,,,,LAB,,,,LAB,,,,,,,,LAB,,,,,,,,LAB,,,,,,,,,,,,,,UCS320L,,,,,,,,,,LAB,,UES009L,,LAB,,,,,,,,,,,,,,,,,,,,,,,,,,,,,,LAB,,,,,,,,,,,,,,LAB,,,,,,,,,,,6,12:10 PM,
D,,,,ABN-RA,,,,,,,,KRK-RA,,,,,,,,,,,,PRY-JF,,,,SRV/APC10,,,,,,,,,,,,,,,,,,RMT,,,,TUS-JF,,,,,,,,TA29,,,,,,,,SPNP,,,,,,,,,,,,,,E205,ALTERNATE FROM SECOND WEEK,,,,,,JPK,,,GUR-JF,,F207,HSC,TBH,,,,,,,,,,,,,,,,,,,,,,,,,,,,,,TA27,,,,,,,,,,,,,,KAP,,,,,,,,,,D,,,D
,7,,1:00 PM,,,,,,,,,,,,,,,,,,,UCS405T,,,,,,,,,,,,,,,,,,,,,,,,,,,,,,,,,,,,,,,,,,,,,,,,,,,,,,,,,,,,,,,,,,,,,,,,,,,,UCS405T,,,,,,UTA018L,,,,,,,,,,UCS405L,,,,,,,,,,,,,,,,,,,,,,,,,,,,UHU012L,,,,,,,7,1:00 PM,
A,,,,,,,,,,,,,,,,,,,,,,F111,VSL,,,,,,,,,,,,,,,,,,,,,,,,,,,,,,,,,,,,,,,,,,,,,,,,,,,,,,,,,,,,,,,,,,,,,,,,,,,F110,JAS,,,,,LT303,,,,,,,,,NEG,LT302,,,,,,,,,NNA,,,,,,,,,,,,,,,,,,,E101,,,,,SPK,A,,,A
,8,,1:50 PM,UMA021L,,,,,,,,,,,,,,,,,,UCS303P,,,,,,,,,,,,,,,,,,,,UCS301P,,UCS301P,,UTA018P,,UMA021P,,,,,,UTA016P,,UTA018P,,,,UCS303P,,,,,,,,,,,,,,,,,,UTA018P,,,,,,,,,,UMA021L,,UMA021L,,UMA021L,,UCS301L,,,,,,,,,,UCS405L,,,,,,,,,,UMA021L,,,,,,,,,,,,UTA016P,,UMA021P,,,,,,,,UMA021P,,,,UCS303P,,UCTXX1L,,,,,,,8,1:50 PM,
Y,,,,LT102,,,,,,,,,,,,,,,MH,,,SS2(L202),,,,,,,,,,,,,,,,,,,,DS-1(L004),,DS-2(L005),,PL-4(L011),,FIST(G307),,,,,,C212/F315,,ED2(L209),,,,SS-1(L201),,,,,,,,,,,,,,,,,,PL-5(L208),,,,,,,,,,LT102,MH,LT102,MH,LT102,MH,LT301,,,,,,,,,TBH,LT303,,,,,,,,,RVK,LT302,,,,,,,,,SPNP,,,F315/C212,,MEW(G309),,,,,,,,NA2(G204),,,,L107,,E101,,,,,ASM,Y,,,Y
,9,,2:40 PM,UCS405L,,,,,,,,,,,,,,,,,,LAB,,,,,,,,,,,,,,,,,,,,LAB,,LAB,,LAB,,LAB,,,,,,LAB,,LAB,,,,LAB,,,,,,UCS405T,,UCS405T,,,,,,,,,,LAB,,,,,,,,,,UCS405L,,UCS405L,,UCS405L,,UMA021L,,,,,,,,,,UCS301L,,,,,,,,,,UCS303L,,,,,,,,,,,,LAB,,LAB,,,,,,,,LAB,,,,LAB,,UCTXX3L,,,,,,,9,2:40 PM,
,,,,LT102,,,,,,,,,,,,,,,AAD,,,JDN,,,,,,,,,,,,,,,,,,,,SIK,,DKA-RA,,SFL-RA,,TA13,,,,,,DG/DG,,MDY-RA,,,,PRC-RA,,,,,,F110,VSL,F111,NAD-RA,,,,,,,,,LVD,,,,,,,,,,LT102,AAD,LT102,AAD,LT102,AAD,LT301,,,,,,,,,BHU,LT303,,,,,,,,,KAP,LT302,,,,,,,,,JOT,,,DG/DG,,AJD,,,,,,,,RA6,,,,NF,,E101,,,,,SHS,,,,
,10,,3:30 PM,UTA018L,,,,,,,,,,,,,,,,,,,,UTA016P,,UTA016P,,,,,,,,,,,,UCS405T,,UCS301L,,,,,,,,,,,,,,,,,,,,UCS301L,,,,,,,,,,UTA016P,,UTA016P,,,,,,,,,,,,,,,,UTA018L,,UTA018L,,UTA018L,,UCS303L,,,,,,,,,,,,UCS303P,,UCS303P,,UCS301P,,UCS301P,,UCS301P,,,,UTA018P,,UTA018P,,UCS405T,,,,UAI302P,,,,UAI302P,,UAI301P,,,,,,,,,,UHU012P,,,,UCTXX1P,,,10,3:30 PM,
,,,,LT102,,,,,,,,,,,,,,,SRR,,,,,F314/B204,,F315/C212,,,,,,,,,,,,F111,NAD-RA,LT302,,,,,,,,,SUB,,,,,,,,,,,LT303,,,,,,,,,MNP,B204/F314,,C212/F315,,,,,,,,,,,,,,,,LT102,SRR,LT102,SRR,LT102,SRR,LT301,,,,,,,,,GAS,,,SS-1(L201),,SS-2(L202),,DS-1(L004),,DS-2(L005),,L003,,,,PL-4(L011),,PL-5(L208),,F110,VSL,,,AI(L307),,,,AI(L307),,ED2(L209),,,,,,,,,,C309,,,,DBMS2(L207),,,,,
,11,,4:20 PM,UCS303L,,,,,,,,,,,,,,,,,,,,LAB,,LAB,,,,,,,,,,,,,,UCS303L,,,,,,,,,,,,,,,,,,,,UTA018L,,,,,,,,,,LAB,,LAB,,,,,,,,,,,,,,,,UCS303L,,UCS303L,,UES009T,,UCS405L,,,,,,,,,,,,LAB,,LAB,,LAB,,LAB,,LAB,,,,LAB,,LAB,,,,,,ALTERNATE FROM FIRST WEEK,,,,ALTERNATE FROM SECOND WEEK,,LAB,,,,,,,,,,LAB,,,,LAB,,,11,4:20 PM,
,,,,LT102,,,,,,,,,,,,,,,GAS,,,,,SUD/APC6,,NRJ/APC1,,,,,,,,,,,,,,LT302,,,,,,,,,SHD,,,,,,,,,,,LT303,,,,,,,,,SRR,APC6/SUD,,APC1/NRJ,,,,,,,,,,,,,,,,LT102,GAS,LT102,GAS,LP109,RSF4,LT301,,,,,,,,,JAS,,,RHL,,MJU,,RMT,,GVR,,GYT-RA,,,,SBH,,NEG,,,,,,SAK,,,,SAK,,VBH,,,,,,,,,,SPK,,,,ASM,,,,,
,12,,5:10 PM,,,,,,,,,,,,,,,,,,,,,,,,,,,,,,,,,,,,,,,,,,,,,,,,,,,,,,,,,,,,,,,,,,,,,,,,,,,,,,,,,,,,,UTA036P,,UTA036P,,UTA036P,,,,,,,,,,,,,,,,,,,,,,,,,,,,,,,,,,,,,,,,,,,,,,,,,,,,,,,,,12,5:10 PM,
,,,,,,,,,,,,,,,,,,,,,,,,,,,,,,,,,,,,,,,,,,,,,,,,,,,,,,,,,,,,,,,,,,,,,,,,,,,,,,,,,,,,,,,,ACTIVITY SAPACE 2,,ACTIVITY SAPACE 2,,ACTIVITY SAPACE 2,,,,,,,,,,,,,,,,,,,,,,,,,,,,,,,,,,,,,,,,,,,,,,,,,,,,,,,,,,,
,13,,6:00 PM,,,,,,,,,,,,,,,,,,,,,,,,,,,,,,,,,,,,,,,,,,,,,,,,,,,,,,,,,,,,,,,,,,,,,,,,,,,,,,,,,,,,,LAB,,LAB,,LAB,,,,,,,,,,,,,,,,,,,,,,,,,,,,,,,,,,,,,,,,,,,,,,,,,,,,,,,,,13,6:00 PM,
,,,,,,,,,,,,,,,,,,,,,,,,,,,,,,,,,,,,,,,,,,,,,,,,,,,,,,,,,,,,,,,,,,,,,,,,,,,,,,,,,,,,,,,,VPR/SK,,VPR/SK,,VPR/SK,,,,,,,,,,,,,,,,,,,,,,,,,,,,,,,,,,,,,,,,,,,,,,,,,,,,,,,,,,,
,14,,6:50 PM,,,,,,,,,,,,,,,,,,,,,,,,,,,,,,,,,,,,,,,,,,,,,,,,,,,,,,,,,,,,,,,,,,,,,,,,,,,,,,,,,,,,,,,,,,,,,,,,,,,,,,,,,,,,,,,,,,,,,,,,,,,,,,,,,,,,,,,,,,,,,,,,,,14,6:50 PM,
,,,,,,,,,,,,,,,,,,,,,,,,,,,,,,,,,,,,,,,,,,,,,,,,,,,,,,,,,,,,,,,,,,,,,,,,,,,,,,,,,,,,,,,,,,,,,,,,,,,,,,,,,,,,,,,,,,,,,,,,,,,,,,,,,,,,,,,,,,,,,,,,,,,,,,,
,1,,8:00 AM,,,,,UTA018P,,UTA018P,,UMA021P,,,,,,UMA021P,,,,,,,,,,UTA018P,,UCS405L,,,,,,,,,,,,,,UTA016P,,,,,,,,,,,,,,,,,,,,,,UCS303P,,UCS303P,,,,,,UCS301P,,,,UCS303P,,,,,,,,,,,,,,,,,,UTA016P,,UCS301P,,UCS301P,,,,UMA021P,,UMA021P,,,,,,,,,,,,,,,,UTA016P,,UCS303L,,,,,,,,,,,,,,UCS303P,,,,,,,,,,,1,8:00 AM,
F,,,,,,,,PL-4(L011),,PL-5(L208),,NA-1(G203),,,,,,PG(G201),,,,,,,,,,IS2(L409),,LT302,,,,,,,,,VSL,,,,,C212/F315,,,,,,,,,,,,,,,,,,,,,,DBMS-2(L207),,ED2(L209),,,,,,L003,,,,SS-2(L202),,,,,,,,,,,,,,,,,,B204/F314,,DS-2(L005),,DS1(L004),,,,FIST(G307),,NEW(G309),,,,,,,,,,,,,,,,F314/B204,,LT301,,,,,,,SHD,,,,,,,SS-1(L201),,,,,,,,,,F,,,F
,2,,8:50 AM,,,,,LAB,,LAB,,LAB,,,,,,LAB,,,,,,,,,,LAB,,UTA018L,,,,,,,,,,,,,,LAB,,,,,,,,,,,,,,,,,,,,,,LAB,,LAB,,,,,,LAB,,,,LAB,,,,,,,,,,UCS510L,,,,,,UCS405T,,LAB,,LAB,,LAB,,,,LAB,,LAB,,,,,,,,,,,,,,,,LAB,,UCS303L,,,,,,,,,,,,,,LAB,,,,,,,,,,,2,8:50 AM,
R,,,,,,,,GUK-RA,,PRY-JF,,TA1,,,,,,TA2,,,,,,,,,,TUS-JF,,LT302,,,,,,,,,NEG,,,,,RF7/AMG,,,,,,,,,,,,,,,,,,,,,,JDN,,ABN-RA,,,,,,ANK-RA,,,,MDP-RA,,,,,,,,,,LT102,YAD,,,,,F110,ADT,RF6/AA,,GYT-RA,,PKV-CRA,,,,VK,,TA31,,,,,,,,,,,,,,,,AA/RF6,,LT301,,,,,,,ASK,,,,,,,NDH,,,,,,,,,,R,,,R
,3,,9:40 AM,UCS303L,,,,,,,,,,,,,,,,UMA021P,,UMA021P,,,,,,UCS303P,,UCS301P,,UCS301P,,,,,,UCS303P,,UTA018P,,,,UCS405T,,,,,,,,,,,,,,,,UCS301P,,UCS303P,,,,UTA018P,,UTA018P,,UMA021L,,,,,,,,,,,,,,,,,,UCS303L,,UCS303L,,UES009L,,UCS405L,,,,,,,,,,UCS303L,,,,,,,,,,,,,,,,,,,,UAI302P,,UAI301P,,UAI302P,,UMA021P,,,,,,UCS303P,,,,UAI301P,,UHUXX2P,,,,,,,3,9:40 AM,
I,,,,LT102,,,,,,,,,,,,,,,GAS,FIST(G307),,NEW(G309),,,,,,SS1(L201),,DS-1(L004),,DS-2(L005),,,,,,SS-2(L202),,PL-5(L208),,,,F110,ADT,,,,,,,,,,,,,,,L003,,DBMS-2(L207),,,,PL-3(L010),,PL-4(L011),,LT302,,,,,,,,,BHU,,,,,,,,,LT102,GAS,LT102,GAS,LP109,HSC,LT301,,,,,,,,,JAS,LT303,,,,,,,,,JDN,,,,,,,,,,,AI(L307),,ED2(L209),,AI(L307),,N2(G204),,,,,,DBMS1(L206),,,,L003,,E202,,,,,,I,,,I
,4,,10:30 AM,UCS405L,,,,,,,,,,,,,,,,LAB,,LAB,,,,,,LAB,,LAB,,LAB,,,,,,LAB,,LAB,,UCS405T,,,,,,,,UCS405T,,,,,,,,,,LAB,,LAB,,,,LAB,,LAB,,UTA018L,,,,,,,,,,,,,,UCS405T,,,,UCS405L,,UCS405L,,UCS405L,,UCS303L,,,,,,,,,,UMA021L,,,,,,,,,,,,,,,,,,,,ALTERNATE FROM FIRST WEEK,,LAB,,ALTERNATE FROM SECOND WEEK,,LAB,,,,,,LAB,,,,LAB,,RR,,,,,,,4,10:30 AM,
D,,,,LT102,,,,,,,,,,,,,,,AAD,RA4,,TA22,,,,,,SHI,,SHU-RA,,KAP,,,,,,ASN,,SES,,F111,NNA,,,,,,,F110,AAD,,,,,,,,,SUB,,VAP,,,,GUR-JF,,HAS,,LT302,,,,,,,,,SBH,,,,,F109,,,NAD-RA,LT102,AAD,LT102,AAD,LT102,AAD,LT301,,,,,,,,,GAS,LT303,,,,,,,,,AJD,,,,,,,,,,,SAK,,VRN-CRA,,SAK,,TA33,,,,,,PRC-RA,,,,VIBHUTI SHARMA,,,,,,,,D,,,D
,5,,11:20 AM,UCS301P,,UTA018P,,,,,,,,UMA021P,,UTA016P,,UTA016P,,,,,,,,UTA018P,,,,UCS301L,,,,,,,,,,,,,,,,,,,,UCS303P,,,,UTA018P,,,,UTA016P,,,,,,,,,,,,UCS405L,,,,,,,,,,UTA016P,,UMA021P,,UCS301P,,UCS301P,,,,,,,,,,UCS303P,,,,UMA021P,,,,UTA018L,,,,,,,,,,,,,,,,,,,,UMA021L,,,,,,,,,,,,,,,,,,UCT203L,,,,,,,5,11:20 AM,
A,,,,DS-1(L004),,PL-3(L010),,,,,,,,PG(G201),,F314/B204,,F315/C212,,,,,,,,L003,,,,LT301,,,,,,,,,KAP,,,,,,,,,,,DBMS-2(L207),,,,PL-5(L208),,,,C212/F315,,,,,,,,,,,,LT302,,,,,,,,,ADT,B204/F314,,NEW(G309),,DS2(L005),,L003,,,,,,,,,,SS2(L202),,,,FIST(G307),,,,LT303,,,,,,,,,NEG,,,,,,,,,,,LT403,,,,,,,MH,,,,,,,,,,,LP109,,,,,RIR,A,,,A
,6,,12:10 PM,LAB,,LAB,,,,,,,,LAB,,LAB,,LAB,,,,,,,,LAB,,,,UMA021L,,,,,,,,,,,,,,,,,,,,LAB,,,,LAB,,,,LAB,,,,,,,,,,,,UCS301L,,,,,,,,,,LAB,,LAB,,LAB,,LAB,,,,,,,,,,LAB,,,,LAB,,,,UCS405L,,,,,,,,,,,,,,,,,,,,UCS301L,,,,,,,,,,,,,,,,,,UCTXX3L,,,,,,,6,12:10 PM,
Y,,,,SNH-RA,,NT1,,,,,,,,TA3,,NRJ/RF4,,DG/RF3,,,,,,,,SES,,,,LT301,,,,,,,,,PRO,,,,,,,,,,,ABN-RA,,,,PTK-RA,,,,RF3/DG,,,,,,,,,,,,LT302,,,,,,,,,VSH,RF4/NRJ,,BHU,,DKA-RA,,SURABHI SHARMA,,,,,,,,,,MJU,,,,TA9,,,,LT303,,,,,,,,,RVK,,,,,,,,,,,LT403,,,,,,,SIK,,,,,,,,,,,LP109,,,,,ASH,Y,,,Y
,7,,1:00 PM,,,,,,,,,,,,,,,,,,,,,,,,,,,,,,,,,,,,,UCS405L,,,,,,,,,,,,UCS405T,,,,,,,,UCS405L,,,,,,,,,,,,,,,,,,,,,,,,,,,,,,UCS320L,,,,,,,,,,,,,,,,,,,,,,,,UCS320L,,,,,,,,,,,,,,,,,,UCS303L,,,,,,,,,,,,,,,,,7,1:00 PM,
,,,,,,,,,,,,,,,,,,,,,,,,,,,,,,,,,,,,,,,,LT301,,,,,,,,,AAD,,,F110,NNA,,,,,,,LT303,,,,,,,,,RVK,,,,,,,,,,,,,,,,,,,,,LT302,SAM,,,,,,,,,,,,,,,,,,,,,,,LT302,"ALTERNATE FRO, SECOND WEEK",,,,,,,,SAM,,,,,,,,,LT402,VBJ,,,,,,,,,,,,,,,,,,
,8,,1:50 PM,UCS301L,,,,,,,,,,,,,,,,UTA018L,,,,,,,,,,,,UMA021P,,,,,,,,UMA021L,,,,,,,,,,UMA021P,,UTA018P,,UCS303P,,UMA021P,,UCS301P,,UCS303L,,,,,,,,,,UTA018P,,UTA018P,,,,UTA018P,,,,UCS405L,,,,,,,,UCS301L,,UCS301L,,UCS301L,,,,,,,,,,,,,,,,,,,,,,UCS303L,,,,,,,,,,,,,,,,UCS301P,,UCS301L,,,,,,,,,,,,,,,,,8,1:50 PM,
,,,,LT102,,,,,,,,,,,,,,,SIK,LT403,,,,,,,,,SES,,,FIST(G307),,,,,,,,LT301,,,,,,,,,MER,NA-2(G204),,PL-3(L010),,SS-1(L201),,PG(G201),,DS-1(L004),,LT303,,,,,,,,,VAP,PL-4(L011),,PL-5(L208),,,,PL-2(L008),,,,E205,,,,,,,ADT,LT102,SIK,LT102,SIK,LT102,SIK,,,,,,,,,,,,,,,,,,,,,LT302,,,,,,,,,NDH,,,,,,,DS-2(L005),,LT402,JOT,,,,,,,,,,,,,,,,,,
,9,,2:40 PM,UMA021L,,,,,,,,,,,,,,,,UMA021L,,,,,,,,,,,,LAB,,,,,,,,UCS301L,,,,,,,,,,LAB,,LAB,,LAB,,LAB,,LAB,,UCS320L,,,,,,,,,,LAB,,LAB,,,,LAB,,,,UTA018L,,,,,,,,UMA021L,,UMA021L,,UMA021L,,,,,,,,,,,,,,,,,,,,,,UMA021L,,,,,,,,,,,,,,,,LAB,,,,,,,,,,,,,,,,,,,9,2:40 PM,
,,,,LT102,,,,,,,,,,,,,,,MH,LT403,,,,,,,,,SDN,,,TA7,,,,,,,,LT301,,,,,,,,,SUB,TA12,,GUK-RA,,MDP-RA,,PRO,,PKV-RA,,LT303,,,,ALTERNATE FROM SECOND WEEK,,,,,VSL,SBH,,LVD,,,,PRY-JF,,,,E205,,,,,,,HAS,LT102,MH,LT102,MH,LT102,MH,,,,,,,,,,,,,,,,,,,,,LT302,,,,,,,,,SPNP,,,,,,,HYT-RA,,,,,,,,,,,,,,,,,,,,,
,10,,3:30 PM,,,UCS303P,,,,UCS405T,,,,,,UCS301P,,UCS301P,,UCS303L,,,,,,,,,,,,,,,,,,,,UCS405T,,UTA018P,,UMA021P,,UCS303P,,UTA018P,,UCS303L,,,,,,,,,,,,,,UTA016P,,UTA016P,,,,,,,,,,,,,,,,UTA016P,,,,,,UTA036P,,UTA036P,,UTA036P,,,,,,,,,,,,,,,,,,,,,,UCS301L,,,,,,,,,,,,,,,,,,UMA021P,,UTA016P,,UAI301P,,UAI301P,,UMA021P,,UHUXX2L,,,,,,,10,3:30 PM,
,,,,,,SS-1(L201),,,,F111,JAS,,,,,DS-19L004),,DS-2(L005),,LT403,,,,,,,,,ASN,,,,,,,,,,,F110,NAD-RA,PL-5(L208),,NA1(G203),,SS-2(L202),,PL-3(L010),,LT301,,,,,,,,,RHL,,,,,B204/F314,,C212/F315,,,,,,,,,,,,,,,,F314/B204,,,,,,ACTIVITY SPACE 2,,ACTIVITY SPACE 2,,ACTIVITY SPACE 2,,,,,,,,,,,,,,,,,,,,,,LT302,,,,,,,,,JOT,,,,,,,,,FIST(G307),,F315(C212),,PL-4(L011),,ED2(L209),,NS2(L103),,LP108,,,,,RR,,,,
,11,,4:20 PM,,,LAB,,,,,,,,,,LAB,,LAB,,UCS405L,,,,,,,,,,,,,,,,,,,,,,LAV,,LAB,,LAB,,LAB,,UCS405L,,,,,,,,,,,,,,LAB,,LAB,,,,,,,,,,,,,,,,LAB,,,,,,LAB,,LAB,,LAB,,,,,,,,,,,,,,,,,,,,,,UTA018L,,,,,,,,,,,,,,,,,,LAB,,LAB,,LAB,,LAB,,LAB,,,,,,,,,11,4:20 PM,
,,,,,,SHD,,,,,,,,,,VSH,,SHU-RA,,LT403,,,,,,,,,JAS,,,,,,,,,,,,,MAL-RA,,TA32,,PRC-RA,,GUR-JF,,LT301,,,,,,,,,NNA,,,,,APC-6/SPS,,APC-1/VKS,,,,,,,,,,,,,,,,SPS/APC6,,,,,,SK/SPP,,SK/SPP,,SK/SPP,,,,,,,,,,,,,,,,,,,,,,LT302,,,,,,,,,LVD,,,,,,,,,RA6,,VKS/APC1,,VBH,,VRN-CRA,,TA42,,,,,,,,,,,
,12,,5:10 PM,,,,,,,,,,,,,,,,,,,,,,,,,,,,,,,,,,,,,,,,,,,,,,,,,,,,,,,,,UTA016L,,,,,,,,,,,,,,,,,,,,,,,,,,,,,,,,,,,,,,,,,,,,UTA016L,,,,,,,,,,,,,,,,,,,,,,,,,,,,,,,,,,,,,,,,,,,,,12,5:10 PM,
,,,,,,,,,,,,,,,,,,,,,,,,,,,,,,,,,,,,,,,,,,,,,,,,,,,,,,,,,,,,LP102/LP101,,,,,,,,,,,,,,,,,,,,,AMJ/GTS,,,,,,,,,,,,,,,,,,,,,,,LP101/LP102,,,,,,,,,,,,,,,,,,,GTS/AMJ,,,,,,,,,,,,,,,,,,,,,,,,,,,,
,13,,6:00 PM,,,,,,,,,,,,,,,,,,,,,,,,,,,,,,,,,,,,,,,,,,,,,,,,,,,,,,,,,,,,,,,,,,,,,,,,,,,,,,,,,,,,,,,,,,,,,,,,,,,,,,,,,,,,,,,,,,,,,,,,,,,,,,,,,,,,,,,,,,,,,,,,,,13,6:00 PM,
,,,,,,,,,,,,,,,,,,,,,,,,,,,,,,,,,,,,,,,,,,,,,,,,,,,,,,,,,,,,,,,,,,,,,,,,,,,,,,,,,,,,,,,,,,,,,,,,,,,,,,,,,,,,,,,,,,,,,,,,,,,,,,,,,,,,,,,,,,,,,,,,,,,,,,,
,14,,6:50 PM,,,,,,,,,,,,,,,,,,,,,,,,,,,,,,,,,,,,,,,,,,,,,,,,,,,,,,,,,,,,,,,,,,,,,,,,,,,,,,,,,,,,,,,,,,,,,,,,,,,,,,,,,,,,,,,,,,,,,,,,,,,,,,,,,,,,,,,,,,,,,,,,,,14,6:50 PM,
,,,,,,,,,,,,,,,,,,,,,,,,,,,,,,,,,,,,,,,,,,,,,,,,,,,,,,,,,,,,,,,,,,,,,,,,,,,,,,,,,,,,,,,,,,,,,,,,,,,,,,,,,,,,,,,,,,,,,,,,,,,,,,,,,,,,,,,,,,,,,,,,,,,,,,,
,1,,8:00 AM,,,,,,,,,,,,,,,,,,,,,,,,,,,,,,,,,,,,,,,,,,,,,,,,,,,,,,,,,,,,,,,,,,,,,,,,,,,,,,,,,,,,,,,,,,,,,,,,,,,,,,,,,,,,,,,,,,,,,,,,,,,,,,,,,,,,,,,,,,,,,,,,,,1,8:00 AM,
S,,,,,,,,,,,,,,,,,,,,,,,,,,,,,,,,,,,,,,,,,,,,,,,,,,,,,,,,,,,,,,,,,,,,,,,,,,,,,,,,,,,,,,,,,,,,,,,,,,,,,,,,,,,,,,,,,,,,,,,,,,,,,,,,,,,,,,,,,,,,,,,,,,,,S,,,S
,2,,8:50 AM,,,,,,,,,,,,,,,,,,,,,,,,,,,,,,,,,,,,,,,,,,,,,,,,,,,,,,,,,,,,,,,,,,,,,,,,,,,,,,,,,,,,,,,,,,,,,,,,,,,,,,,,,,,,,,,,,,,,,,,,,,,,,,,,,,,,,,,,,,,,,,,,,,2,8:50 AM,
A,,,,,,,,,,,,,,,,,,,,,,,,,,,,,,,,,,,,,,,,,,,,,,,,,,,,,,,,,,,,,,,,,,,,,,,,,,,,,,,,,,,,,,,,,,,,,,,,,,,,,,,,,,,,,,,,,,,,,,,,,,,,,,,,,,,,,,,,,,,,,,,,,,,,A,,,A
,3,,9:40 AM,,,,,,,,,,,,,,,,,,,,,,,,,,,,,,,,,,,,,,,,,,,,,,,,,,,,,,,,,,,,,,,,,,,,,,,,,,,,,,,,,,,,,,,,,,,,,,,,,,,,,,,,,,,,,,,,,,,,,,,,,,,,,,,,,,,,,,,,,,,,,,,,,,3,9:40 AM,
,,,,,,,,,,,,,,,,,,,,,,,,,,,,,,,,,,,,,,,,,,,,,,,,,,,,,,,,,,,,,,,,,,,,,,,,,,,,,,,,,,,,,,,,,,,,,,,,,,,,,,,,,,,,,,,,,,,,,,,,,,,,,,,,,,,,,,,,,,,,,,,,,,,,,,,
T,4,,10:30 AM,,,,,,,,,,,,,,,,,,,,,,,,,,,,,,,,,,,,,,,,,,,,,,,,,,,,,,,,,,,,,,,,,,,,,,,,,,,,,,,,,,,,,,,,,,,,,,,,,,,,,,,,,,,,,,,,,,,,,,,,,,,,,,,,,,,,,,,,,,,,,,,,,T,4,10:30 AM,T
,,,,,,,,,,,,,,,,,,,,,,,,,,,,,,,,,,,,,,,,,,,,,,,,,,,,,,,,,,,,,,,,,,,,,,,,,,,,,,,,,,,,,,,,,,,,,,,,,,,,,,,,,,,,,,,,,,,,,,,,,,,,,,,,,,,,,,,,,,,,,,,,,,,,,,,
U,5,,11:20 AM,,,,,,,,,,,,,,,,,,,,,,,,,,,,,,,,,,,,,,,,,,,,,,,,,,,,,,,,,,,,,,,,,,,,,,,,,,,,,,,,,,,,,,,,,,,,,,,,,,,,,,,,,,,,,,,,,,,,,,,,,,,,,,,,,,,,,,,,,,,,,,,,,U,5,11:20 AM,U
,,,,,,,,,,,,,,,,,,,,,,,,,,,,,,,,,,,,,,,,,,,,,,,,,,,,,,,,,,,,,,,,,,,,,,,,,,,,,,,,,,,,,,,,,,,,,,,,,,,,,,,,,,,,,,,,,,,,,,,,,,,,,,,,,,,,,,,,,,,,,,,,,,,,,,,
R,6,,12:10 PM,,,,,,,,,,,,,,,,,,,,,,,,,,,,,,,,,,,,,,,,,,,,,,,,,,,,,,,,,,,,,,,,,,,,,,,,,,,,,,,,,,,,,,,,,,,,,,,,,,,,,,,,,,,,,,,,,,,,,,,,,,,,,,,,,,,,,,,,,,,,,,,,,R,6,12:10 PM,R
,,,,,,,,,,,,,,,,,,,,,,,,,,,,,,,,,,,,,,,,,,,,,,,,,,,,,,,,,,,,,,,,,,,,,,,,,,,,,,,,,,,,,,,,,,,,,,,,,,,,,,,,,,,,,,,,,,,,,,,,,,,,,,,,,,,,,,,,,,,,,,,,,,,,,,,
D,7,,1:00 PM,,,,,,,,,,,,,,,,,,,,,,,,,,,,,,,,,,,,,,,,,,,,,,,,,,,,,,,,,,,,,,,,,,,,,,,,,,,,,,,,,,,,,,,,,,,,,,,,,,,,,,,,,,,,,,,,,,,,,,,,,,,,,,,,,,,,,,,,,,,,,,,,,D,7,1:00 PM,D
,,,,,,,,,,,,,,,,,,,,,,,,,,,,,,,,,,,,,,,,,,,,,,,,,,,,,,,,,,,,,,,,,,,,,,,,,,,,,,,,,,,,,,,,,,,,,,,,,,,,,,,,,,,,,,,,,,,,,,,,,,,,,,,,,,,,,,,,,,,,,,,,,,,,,,,
A,8,,1:50 PM,,,,,,,,,,,,,,,,,,,,,,,,,,,,,,,,,,,,,,,,,,,,,,,,,,,,,,,,,,,,,,,,,,,,,,,,,,,,,,,,,,,,,,,,,,,,,,,,,,,,,,,,,,,,,,,,,,,,,,,,,,,,,,,,,,,,,,,,,,,,,,,,,A,8,1:50 PM,A
,,,,,,,,,,,,,,,,,,,,,,,,,,,,,,,,,,,,,,,,,,,,,,,,,,,,,,,,,,,,,,,,,,,,,,,,,,,,,,,,,,,,,,,,,,,,,,,,,,,,,,,,,,,,,,,,,,,,,,,,,,,,,,,,,,,,,,,,,,,,,,,,,,,,,,,
Y,9,,2:40 PM,,,,,,,,,,,,,,,,,,,,,,,,,,,,,,,,,,,,,,,,,,,,,,,,,,,,,,,,,,,,,,,,,,,,,,,,,,,,,,,,,,,,,,,,,,,,,,,,,,,,,,,,,,,,,,,,,,,,,,,,,,,,,,,,,,,,,,,,,,,,,,,,,Y,9,2:40 PM,Y
,,,,,,,,,,,,,,,,,,,,,,,,,,,,,,,,,,,,,,,,,,,,,,,,,,,,,,,,,,,,,,,,,,,,,,,,,,,,,,,,,,,,,,,,,,,,,,,,,,,,,,,,,,,,,,,,,,,,,,,,,,,,,,,,,,,,,,,,,,,,,,,,,,,,,,,
,10,,3:30 PM,,,,,,,,,,,,,,,,,,,,,,,,,,,,,,,,,,,,,,,,,,,,,,,,,,,,,,,,,,,,,,,,,,,,,,,,,,,,,,,,,,,,,,,,,,,,,,,,,,,,,,,,,,,,,,,,,,,,,,,,,,,,,,,,,,,,,,,,,,,,,,,,,,10,3:30 PM,
,,,,,,,,,,,,,,,,,,,,,,,,,,,,,,,,,,,,,,,,,,,,,,,,,,,,,,,,,,,,,,,,,,,,,,,,,,,,,,,,,,,,,,,,,,,,,,,,,,,,,,,,,,,,,,,,,,,,,,,,,,,,,,,,,,,,,,,,,,,,,,,,,,,,,,,
,11,,4:20 PM,,,,,,,,,,,,,,,,,,,,,,,,,,,,,,,,,,,,,,,,,,,,,,,,,,,,,,,,,,,,,,,,,,,,,,,,,,,,,,,,,,,,,,,,,,,,,,,,,,,,,,,,,,,,,,,,,,,,,,,,,,,,,,,,,,,,,,,,,,,,,,,,,,11,4:20 PM,
,,,,,,,,,,,,,,,,,,,,,,,,,,,,,,,,,,,,,,,,,,,,,,,,,,,,,,,,,,,,,,,,,,,,,,,,,,,,,,,,,,,,,,,,,,,,,,,,,,,,,,,,,,,,,,,,,,,,,,,,,,,,,,,,,,,,,,,,,,,,,,,,,,,,,,,
,12,,5:10 PM,,,,,,,,,,,,,,,,,,,,,,,,,,,,,,,,,,,,,,,,,,,,,,,,,,,,,,,,,,,,,,,,,,,,,,,,,,,,,,,,,,,,,,,,,,,,,,,,,,,,,,,,,,,,,,,,,,,,,,,,,,,,,,,,,,,,,,,,,,,,,,,,,,12,5:10 PM,
,,,,,,,,,,,,,,,,,,,,,,,,,,,,,,,,,,,,,,,,,,,,,,,,,,,,,,,,,,,,,,,,,,,,,,,,,,,,,,,,,,,,,,,,,,,,,,,,,,,,,,,,,,,,,,,,,,,,,,,,,,,,,,,,,,,,,,,,,,,,,,,,,,,,,,,
,13,,6:00 PM,,,,,,,,,,,,,,,,,,,,,,,,,,,,,,,,,,,,,,,,,,,,,,,,,,,,,,,,,,,,,,,,,,,,,,,,,,,,,,,,,,,,,,,,,,,,,,,,,,,,,,,,,,,,,,,,,,,,,,,,,,,,,,,,,,,,,,,,,,,,,,,,,,13,6:00 PM,
,,,,,,,,,,,,,,,,,,,,,,,,,,,,,,,,,,,,,,,,,,,,,,,,,,,,,,,,,,,,,,,,,,,,,,,,,,,,,,,,,,,,,,,,,,,,,,,,,,,,,,,,,,,,,,,,,,,,,,,,,,,,,,,,,,,,,,,,,,,,,,,,,,,,,,,
,14,,6:50 PM,,,,,,,,,,,,,,,,,,,,,,,,,,,,,,,,,,,,,,,,,,,,,,,,,,,,,,,,,,,,,,,,,,,,,,,,,,,,,,,,,,,,,,,,,,,,,,,,,,,,,,,,,,,,,,,,,,,,,,,,,,,,,,,,,,,,,,,,,,,,,,,,,,14,6:50 PM,
,,,,,,,,,,,,,,,,,,,,,,,,,,,,,,,,,,,,,,,,,,,,,,,,,,,,,,,,,,,,,,,,,,,,,,,,,,,,,,,,,,,,,,,,,,,,,,,,,,,,,,,,,,,,,,,,,,,,,,,,,,,,,,,,,,,,,,,,,,,,,,,,,,,,,,,
TOTAL,,,,,,,,,,,,,,,,,,,,,,,,,,,,,,,,,,,,,,,,,,,,,,,,,,,,,,,,,,,,,,,,,,,,,,,,,,,,,,,,,,,,,,,,,,,,,,,,,,,,,,,,,,,,,,,,,,,,,,,,,,,,,,,,,,,,,,,,,,,,,,,,,,,,TOTAL,,,TOTAL
HOURS,,,,,,,,,,,,,,,,,,,,,,,,,,,,,,,,,,,,,,,,,,,,,,,,,,,,,,,,,,,,,,,,,,,,,,,,,,,,,,,,,,,,,,,,,,,,,,,,,,,,,,,,,,,,,,,,,,,,,,,,,,,,,,,,,,,,,,,,,,,,,,,,,,,,HOURS,,,HOURS
SIGNATURE,,,,,,,,,,,,,,,,,,,,,,,,,,,,,,,,,,,,,,,,,,,,,,,,,,,,,,,,,,,,,,,,,,,,,,,,,,,,,,,,,,,,,,,,,,,,,,,,,,,,,,,,,,,,,,,,,,,,,,,,,,,,,,,,,,,,,,,,,,,,,,,,,,,,SIGNATURE,,,SIGNATURE
,,,,,,,,,,,,,,,,,,,,,,,,,,,,,,,,,,,,,,,,,,,,,,,,,,,,,,,,,,,,,,,,,,,,,,,,,,,,,,,,,,,,,,,,,,,,,,,,,,,,,,,,,,,,,,,,,,,,,,,,,,,,,,,,,,,,,,,,,,,,,,,,,,,,,,,
,,,,,,,,,,,,,,,,,,,,,,,,,,,,,,,,,,,,,,,,,,,,,,,,,,,,,,,,,,,,,,,,,,,,,,,,,,,,,,,,,,,,,,,,,,,,,,,,,,,,,,,,,,,,,,,,,,,,,,,,,,,,,,,,,,,,,,,,,,,,,,,,,,,,,,,
,,,,,,,,,,,,,,,,,,,,,,,,,,,,,,,,,,,,,,,,,,,,,,,,,,,,,,,,,,,,,,,,,,,,,,,,,,,,,,,,,,,,,,,,,,,,,,,,,,,,,,,,,,,,,,,,,,,,,,,,,,,,,,,,,,,,,,,,,,,,,,,,,,,,,,,
,,,,,,,,,,,,,,,,,,,,,,,,,,,,,,,,,,,,,,,,,,,,,,,,,,,,,,,,,,,,,,,,,,,,,,,,,,,,,,,,,,,,,,,,,,,,,,,,,,,,,,,,,,,,,,,,,,,,,,,,,,,,,,,,,,,,,,,,,,,,,,,,,,,,,,,
,,,,,,,,,,,,,,,,,,,,,,,,,,,,,,,,,,,,,,,,,,,,,,,,,,,,,,,,,,,,,,,,,,,,,,,,,,,,,,,,,,,,,,,,,,,,,,,,,,,,,,,,,,,,,,,,,,,,,,,,,,,,,,,,,,,,,,,,,,,,,,,,,,,,,,,
,,,,,,,,,,,,,,,,,,,,,,,,,,,,,,,,,,,,,,,,,,,,,,,,,,,,,,,,,,,,,,,,,,,,,,,,,,,,,,,,,,,,,,,,,,,,,,,,,,,,,,,,,,,,,,,,,,,,,,,,,,,,,,,,,,,,,,,,,,,,,,,,,,,,,,,
,,,,,,,,,,,,,,,,,,,,,,,,,,,,,,,,,,,,,,,,,,,,,,,,,,,,,,,,,,,,,,,,,,,,,,,,,,,,,,,,,,,,,,,,,,,,,,,,,,,,,,,,,,,,,,,,,,,,,,,,,,,,,,,,,,,,,,,,,,,,,,,,,,,,,,,
,,,,,,,,,,,,,,,,,,,,,,,,,,,,,,,,,,,,,,,,,,,,,,,,,,,,,,,,,,,,,,,,,,,,,,,,,,,,,,,,,,,,,,,,,,,,,,,,,,,,,,,,,,,,,,,,,,,,,,,,,,,,,,,,,,,,,,,,,,,,,,,,,,,,,,,
,,,,,,,,,,,,,,,,,,,,,,,,,,,,,,,,,,,,,,,,,,,,,,,,,,,,,,,,,,,,,,,,,,,,,,,,,,,,,,,,,,,,,,,,,,,,,,,,,,,,,,,,,,,,,,,,,,,,,,,,,,,,,,,,,,,,,,,,,,,,,,,,,,,,,,,
,,,,,,,,,,,,,,,,,,,,,,,,,,,,,,,,,,,,,,,,,,,,,,,,,,,,,,,,,,,,,,,,,,,,,,,,,,,,,,,,,,,,,,,,,,,,,,,,,,,,,,,,,,,,,,,,,,,,,,,,,,,,,,,,,,,,,,,,,,,,,,,,,,,,,,,
,,,,,,,,,,,,,,,,,,,,,,,,,,,,,,,,,,,,,,,,,,,,,,,,,,,,,,,,,,,,,,,,,,,,,,,,,,,,,,,,,,,,,,,,,,,,,,,,,,,,,,,,,,,,,,,,,,,,,,,,,,,,,,,,,,,,,,,,,,,,,,,,,,,,,,,
,,,,,,,,,,,,,,,,,,,,,,,,,,,,,,,,,,,,,,,,,,,,,,,,,,,,,,,,,,,,,,,,,,,,,,,,,,,,,,,,,,,,,,,,,,,,,,,,,,,,,,,,,,,,,,,,,,,,,,,,,,,,,,,,,,,,,,,,,,,,,,,,,,,,,,,
,,,,,,,,,,,,,,,,,,,,,,,,,,,,,,,,,,,,,,,,,,,,,,,,,,,,,,,,,,,,,,,,,,,,,,,,,,,,,,,,,,,,,,,,,,,,,,,,,,,,,,,,,,,,,,,,,,,,,,,,,,,,,,,,,,,,,,,,,,,,,,,,,,,,,,,
,,,,,,,,,,,,,,,,,,,,,,,,,,,,,,,,,,,,,,,,,,,,,,,,,,,,,,,,,,,,,,,,,,,,,,,,,,,,,,,,,,,,,,,,,,,,,,,,,,,,,,,,,,,,,,,,,,,,,,,,,,,,,,,,,,,,,,,,,,,,,,,,,,,,,,,
,,,,,,,,,,,,,,,,,,,,,,,,,,,,,,,,,,,,,,,,,,,,,,,,,,,,,,,,,,,,,,,,,,,,,,,,,,,,,,,,,,,,,,,,,,,,,,,,,,,,,,,,,,,,,,,,,,,,,,,,,,,,,,,,,,,,,,,,,,,,,,,,,,,,,,,
,,,,,,,,,,,,,,,,,,,,,,,,,,,,,,,,,,,,,,,,,,,,,,,,,,,,,,,,,,,,,,,,,,,,,,,,,,,,,,,,,,,,,,,,,,,,,,,,,,,,,,,,,,,,,,,,,,,,,,,,,,,,,,,,,,,,,,,,,,,,,,,,,,,,,,,
,,,,,,,,,,,,,,,,,,,,,,,,,,,,,,,,,,,,,,,,,,,,,,,,,,,,,,,,,,,,,,,,,,,,,,,,,,,,,,,,,,,,,,,,,,,,,,,,,,,,,,,,,,,,,,,,,,,,,,,,,,,,,,,,,,,,,,,,,,,,,,,,,,,,,,,
,,,,,,,,,,,,,,,,,,,,,,,,,,,,,,,,,,,,,,,,,,,,,,,,,,,,,,,,,,,,,,,,,,,,,,,,,,,,,,,,,,,,,,,,,,,,,,,,,,,,,,,,,,,,,,,,,,,,,,,,,,,,,,,,,,,,,,,,,,,,,,,,,,,,,,,
,,,,,,,,,,,,,,,,,,,,,,,,,,,,,,,,,,,,,,,,,,,,,,,,,,,,,,,,,,,,,,,,,,,,,,,,,,,,,,,,,,,,,,,,,,,,,,,,,,,,,,,,,,,,,,,,,,,,,,,,,,,,,,,,,,,,,,,,,,,,,,,,,,,,,,,
,,,,,,,,,,,,,,,,,,,,,,,,,,,,,,,,,,,,,,,,,,,,,,,,,,,,,,,,,,,,,,,,,,,,,,,,,,,,,,,,,,,,,,,,,,,,,,,,,,,,,,,,,,,,,,,,,,,,,,,,,,,,,,,,,,,,,,,,,,,,,,,,,,,,,,,
,,,,,,,,,,,,,,,,,,,,,,,,,,,,,,,,,,,,,,,,,,,,,,,,,,,,,,,,,,,,,,,,,,,,,,,,,,,,,,,,,,,,,,,,,,,,,,,,,,,,,,,,,,,,,,,,,,,,,,,,,,,,,,,,,,,,,,,,,,,,,,,,,,,,,,,
,,,,,,,,,,,,,,,,,,,,,,,,,,,,,,,,,,,,,,,,,,,,,,,,,,,,,,,,,,,,,,,,,,,,,,,,,,,,,,,,,,,,,,,,,,,,,,,,,,,,,,,,,,,,,,,,,,,,,,,,,,,,,,,,,,,,,,,,,,,,,,,,,,,,,,,
,,,,,,,,,,,,,,,,,,,,,,,,,,,,,,,,,,,,,,,,,,,,,,,,,,,,,,,,,,,,,,,,,,,,,,,,,,,,,,,,,,,,,,,,,,,,,,,,,,,,,,,,,,,,,,,,,,,,,,,,,,,,,,,,,,,,,,,,,,,,,,,,,,,,,,,
,,,,,,,,,,,,,,,,,,,,,,,,,,,,,,,,,,,,,,,,,,,,,,,,,,,,,,,,,,,,,,,,,,,,,,,,,,,,,,,,,,,,,,,,,,,,,,,,,,,,,,,,,,,,,,,,,,,,,,,,,,,,,,,,,,,,,,,,,,,,,,,,,,,,,,,
,,,,,,,,,,,,,,,,,,,,,,,,,,,,,,,,,,,,,,,,,,,,,,,,,,,,,,,,,,,,,,,,,,,,,,,,,,,,,,,,,,,,,,,,,,,,,,,,,,,,,,,,,,,,,,,,,,,,,,,,,,,,,,,,,,,,,,,,,,,,,,,,,,,,,,,
,,,,,,,,,,,,,,,,,,,,,,,,,,,,,,,,,,,,,,,,,,,,,,,,,,,,,,,,,,,,,,,,,,,,,,,,,,,,,,,,,,,,,,,,,,,,,,,,,,,,,,,,,,,,,,,,,,,,,,,,,,,,,,,,,,,,,,,,,,,,,,,,,,,,,,,
,,,,,,,,,,,,,,,,,,,,,,,,,,,,,,,,,,,,,,,,,,,,,,,,,,,,,,,,,,,,,,,,,,,,,,,,,,,,,,,,,,,,,,,,,,,,,,,,,,,,,,,,,,,,,,,,,,,,,,,,,,,,,,,,,,,,,,,,,,,,,,,,,,,,,,,
,,,,,,,,,,,,,,,,,,,,,,,,,,,,,,,,,,,,,,,,,,,,,,,,,,,,,,,,,,,,,,,,,,,,,,,,,,,,,,,,,,,,,,,,,,,,,,,,,,,,,,,,,,,,,,,,,,,,,,,,,,,,,,,,,,,,,,,,,,,,,,,,,,,,,,,
,,,,,,,,,,,,,,,,,,,,,,,,,,,,,,,,,,,,,,,,,,,,,,,,,,,,,,,,,,,,,,,,,,,,,,,,,,,,,,,,,,,,,,,,,,,,,,,,,,,,,,,,,,,,,,,,,,,,,,,,,,,,,,,,,,,,,,,,,,,,,,,,,,,,,,,
,,,,,,,,,,,,,,,,,,,,,,,,,,,,,,,,,,,,,,,,,,,,,,,,,,,,,,,,,,,,,,,,,,,,,,,,,,,,,,,,,,,,,,,,,,,,,,,,,,,,,,,,,,,,,,,,,,,,,,,,,,,,,,,,,,,,,,,,,,,,,,,,,,,,,,,
,,,,,,,,,,,,,,,,,,,,,,,,,,,,,,,,,,,,,,,,,,,,,,,,,,,,,,,,,,,,,,,,,,,,,,,,,,,,,,,,,,,,,,,,,,,,,,,,,,,,,,,,,,,,,,,,,,,,,,,,,,,,,,,,,,,,,,,,,,,,,,,,,,,,,,,
,,,,,,,,,,,,,,,,,,,,,,,,,,,,,,,,,,,,,,,,,,,,,,,,,,,,,,,,,,,,,,,,,,,,,,,,,,,,,,,,,,,,,,,,,,,,,,,,,,,,,,,,,,,,,,,,,,,,,,,,,,,,,,,,,,,,,,,,,,,,,,,,,,,,,,,
,,,,,,,,,,,,,,,,,,,,,,,,,,,,,,,,,,,,,,,,,,,,,,,,,,,,,,,,,,,,,,,,,,,,,,,,,,,,,,,,,,,,,,,,,,,,,,,,,,,,,,,,,,,,,,,,,,,,,,,,,,,,,,,,,,,,,,,,,,,,,,,,,,,,,,,
,,,,,,,,,,,,,,,,,,,,,,,,,,,,,,,,,,,,,,,,,,,,,,,,,,,,,,,,,,,,,,,,,,,,,,,,,,,,,,,,,,,,,,,,,,,,,,,,,,,,,,,,,,,,,,,,,,,,,,,,,,,,,,,,,,,,,,,,,,,,,,,,,,,,,,,
,,,,,,,,,,,,,,,,,,,,,,,,,,,,,,,,,,,,,,,,,,,,,,,,,,,,,,,,,,,,,,,,,,,,,,,,,,,,,,,,,,,,,,,,,,,,,,,,,,,,,,,,,,,,,,,,,,,,,,,,,,,,,,,,,,,,,,,,,,,,,,,,,,,,,,,
,,,,,,,,,,,,,,,,,,,,,,,,,,,,,,,,,,,,,,,,,,,,,,,,,,,,,,,,,,,,,,,,,,,,,,,,,,,,,,,,,,,,,,,,,,,,,,,,,,,,,,,,,,,,,,,,,,,,,,,,,,,,,,,,,,,,,,,,,,,,,,,,,,,,,,,
,,,,,,,,,,,,,,,,,,,,,,,,,,,,,,,,,,,,,,,,,,,,,,,,,,,,,,,,,,,,,,,,,,,,,,,,,,,,,,,,,,,,,,,,,,,,,,,,,,,,,,,,,,,,,,,,,,,,,,,,,,,,,,,,,,,,,,,,,,,,,,,,,,,,,,,
,,,,,,,,,,,,,,,,,,,,,,,,,,,,,,,,,,,,,,,,,,,,,,,,,,,,,,,,,,,,,,,,,,,,,,,,,,,,,,,,,,,,,,,,,,,,,,,,,,,,,,,,,,,,,,,,,,,,,,,,,,,,,,,,,,,,,,,,,,,,,,,,,,,,,,,
,,,,,,,,,,,,,,,,,,,,,,,,,,,,,,,,,,,,,,,,,,,,,,,,,,,,,,,,,,,,,,,,,,,,,,,,,,,,,,,,,,,,,,,,,,,,,,,,,,,,,,,,,,,,,,,,,,,,,,,,,,,,,,,,,,,,,,,,,,,,,,,,,,,,,,,
,,,,,,,,,,,,,,,,,,,,,,,,,,,,,,,,,,,,,,,,,,,,,,,,,,,,,,,,,,,,,,,,,,,,,,,,,,,,,,,,,,,,,,,,,,,,,,,,,,,,,,,,,,,,,,,,,,,,,,,,,,,,,,,,,,,,,,,,,,,,,,,,,,,,,,,
,,,,,,,,,,,,,,,,,,,,,,,,,,,,,,,,,,,,,,,,,,,,,,,,,,,,,,,,,,,,,,,,,,,,,,,,,,,,,,,,,,,,,,,,,,,,,,,,,,,,,,,,,,,,,,,,,,,,,,,,,,,,,,,,,,,,,,,,,,,,,,,,,,,,,,,
,,,,,,,,,,,,,,,,,,,,,,,,,,,,,,,,,,,,,,,,,,,,,,,,,,,,,,,,,,,,,,,,,,,,,,,,,,,,,,,,,,,,,,,,,,,,,,,,,,,,,,,,,,,,,,,,,,,,,,,,,,,,,,,,,,,,,,,,,,,,,,,,,,,,,,,
,,,,,,,,,,,,,,,,,,,,,,,,,,,,,,,,,,,,,,,,,,,,,,,,,,,,,,,,,,,,,,,,,,,,,,,,,,,,,,,,,,,,,,,,,,,,,,,,,,,,,,,,,,,,,,,,,,,,,,,,,,,,,,,,,,,,,,,,,,,,,,,,,,,,,,,
,,,,,,,,,,,,,,,,,,,,,,,,,,,,,,,,,,,,,,,,,,,,,,,,,,,,,,,,,,,,,,,,,,,,,,,,,,,,,,,,,,,,,,,,,,,,,,,,,,,,,,,,,,,,,,,,,,,,,,,,,,,,,,,,,,,,,,,,,,,,,,,,,,,,,,,
,,,,,,,,,,,,,,,,,,,,,,,,,,,,,,,,,,,,,,,,,,,,,,,,,,,,,,,,,,,,,,,,,,,,,,,,,,,,,,,,,,,,,,,,,,,,,,,,,,,,,,,,,,,,,,,,,,,,,,,,,,,,,,,,,,,,,,,,,,,,,,,,,,,,,,,
,,,,,,,,,,,,,,,,,,,,,,,,,,,,,,,,,,,,,,,,,,,,,,,,,,,,,,,,,,,,,,,,,,,,,,,,,,,,,,,,,,,,,,,,,,,,,,,,,,,,,,,,,,,,,,,,,,,,,,,,,,,,,,,,,,,,,,,,,,,,,,,,,,,,,,,
,,,,,,,,,,,,,,,,,,,,,,,,,,,,,,,,,,,,,,,,,,,,,,,,,,,,,,,,,,,,,,,,,,,,,,,,,,,,,,,,,,,,,,,,,,,,,,,,,,,,,,,,,,,,,,,,,,,,,,,,,,,,,,,,,,,,,,,,,,,,,,,,,,,,,,,
,,,,,,,,,,,,,,,,,,,,,,,,,,,,,,,,,,,,,,,,,,,,,,,,,,,,,,,,,,,,,,,,,,,,,,,,,,,,,,,,,,,,,,,,,,,,,,,,,,,,,,,,,,,,,,,,,,,,,,,,,,,,,,,,,,,,,,,,,,,,,,,,,,,,,,,
,,,,,,,,,,,,,,,,,,,,,,,,,,,,,,,,,,,,,,,,,,,,,,,,,,,,,,,,,,,,,,,,,,,,,,,,,,,,,,,,,,,,,,,,,,,,,,,,,,,,,,,,,,,,,,,,,,,,,,,,,,,,,,,,,,,,,,,,,,,,,,,,,,,,,,,
,,,,,,,,,,,,,,,,,,,,,,,,,,,,,,,,,,,,,,,,,,,,,,,,,,,,,,,,,,,,,,,,,,,,,,,,,,,,,,,,,,,,,,,,,,,,,,,,,,,,,,,,,,,,,,,,,,,,,,,,,,,,,,,,,,,,,,,,,,,,,,,,,,,,,,,
,,,,,,,,,,,,,,,,,,,,,,,,,,,,,,,,,,,,,,,,,,,,,,,,,,,,,,,,,,,,,,,,,,,,,,,,,,,,,,,,,,,,,,,,,,,,,,,,,,,,,,,,,,,,,,,,,,,,,,,,,,,,,,,,,,,,,,,,,,,,,,,,,,,,,,,
,,,,,,,,,,,,,,,,,,,,,,,,,,,,,,,,,,,,,,,,,,,,,,,,,,,,,,,,,,,,,,,,,,,,,,,,,,,,,,,,,,,,,,,,,,,,,,,,,,,,,,,,,,,,,,,,,,,,,,,,,,,,,,,,,,,,,,,,,,,,,,,,,,,,,,,
,,,,,,,,,,,,,,,,,,,,,,,,,,,,,,,,,,,,,,,,,,,,,,,,,,,,,,,,,,,,,,,,,,,,,,,,,,,,,,,,,,,,,,,,,,,,,,,,,,,,,,,,,,,,,,,,,,,,,,,,,,,,,,,,,,,,,,,,,,,,,,,,,,,,,,,
,,,,,,,,,,,,,,,,,,,,,,,,,,,,,,,,,,,,,,,,,,,,,,,,,,,,,,,,,,,,,,,,,,,,,,,,,,,,,,,,,,,,,,,,,,,,,,,,,,,,,,,,,,,,,,,,,,,,,,,,,,,,,,,,,,,,,,,,,,,,,,,,,,,,,,,
,,,,,,,,,,,,,,,,,,,,,,,,,,,,,,,,,,,,,,,,,,,,,,,,,,,,,,,,,,,,,,,,,,,,,,,,,,,,,,,,,,,,,,,,,,,,,,,,,,,,,,,,,,,,,,,,,,,,,,,,,,,,,,,,,,,,,,,,,,,,,,,,,,,,,,,
,,,,,,,,,,,,,,,,,,,,,,,,,,,,,,,,,,,,,,,,,,,,,,,,,,,,,,,,,,,,,,,,,,,,,,,,,,,,,,,,,,,,,,,,,,,,,,,,,,,,,,,,,,,,,,,,,,,,,,,,,,,,,,,,,,,,,,,,,,,,,,,,,,,,,,,
,,,,,,,,,,,,,,,,,,,,,,,,,,,,,,,,,,,,,,,,,,,,,,,,,,,,,,,,,,,,,,,,,,,,,,,,,,,,,,,,,,,,,,,,,,,,,,,,,,,,,,,,,,,,,,,,,,,,,,,,,,,,,,,,,,,,,,,,,,,,,,,,,,,,,,,
,,,,,,,,,,,,,,,,,,,,,,,,,,,,,,,,,,,,,,,,,,,,,,,,,,,,,,,,,,,,,,,,,,,,,,,,,,,,,,,,,,,,,,,,,,,,,,,,,,,,,,,,,,,,,,,,,,,,,,,,,,,,,,,,,,,,,,,,,,,,,,,,,,,,,,,
,,,,,,,,,,,,,,,,,,,,,,,,,,,,,,,,,,,,,,,,,,,,,,,,,,,,,,,,,,,,,,,,,,,,,,,,,,,,,,,,,,,,,,,,,,,,,,,,,,,,,,,,,,,,,,,,,,,,,,,,,,,,,,,,,,,,,,,,,,,,,,,,,,,,,,,
,,,,,,,,,,,,,,,,,,,,,,,,,,,,,,,,,,,,,,,,,,,,,,,,,,,,,,,,,,,,,,,,,,,,,,,,,,,,,,,,,,,,,,,,,,,,,,,,,,,,,,,,,,,,,,,,,,,,,,,,,,,,,,,,,,,,,,,,,,,,,,,,,,,,,,,
,,,,,,,,,,,,,,,,,,,,,,,,,,,,,,,,,,,,,,,,,,,,,,,,,,,,,,,,,,,,,,,,,,,,,,,,,,,,,,,,,,,,,,,,,,,,,,,,,,,,,,,,,,,,,,,,,,,,,,,,,,,,,,,,,,,,,,,,,,,,,,,,,,,,,,,
,,,,,,,,,,,,,,,,,,,,,,,,,,,,,,,,,,,,,,,,,,,,,,,,,,,,,,,,,,,,,,,,,,,,,,,,,,,,,,,,,,,,,,,,,,,,,,,,,,,,,,,,,,,,,,,,,,,,,,,,,,,,,,,,,,,,,,,,,,,,,,,,,,,,,,,
,,,,,,,,,,,,,,,,,,,,,,,,,,,,,,,,,,,,,,,,,,,,,,,,,,,,,,,,,,,,,,,,,,,,,,,,,,,,,,,,,,,,,,,,,,,,,,,,,,,,,,,,,,,,,,,,,,,,,,,,,,,,,,,,,,,,,,,,,,,,,,,,,,,,,,,
,,,,,,,,,,,,,,,,,,,,,,,,,,,,,,,,,,,,,,,,,,,,,,,,,,,,,,,,,,,,,,,,,,,,,,,,,,,,,,,,,,,,,,,,,,,,,,,,,,,,,,,,,,,,,,,,,,,,,,,,,,,,,,,,,,,,,,,,,,,,,,,,,,,,,,,
,,,,,,,,,,,,,,,,,,,,,,,,,,,,,,,,,,,,,,,,,,,,,,,,,,,,,,,,,,,,,,,,,,,,,,,,,,,,,,,,,,,,,,,,,,,,,,,,,,,,,,,,,,,,,,,,,,,,,,,,,,,,,,,,,,,,,,,,,,,,,,,,,,,,,,,
,,,,,,,,,,,,,,,,,,,,,,,,,,,,,,,,,,,,,,,,,,,,,,,,,,,,,,,,,,,,,,,,,,,,,,,,,,,,,,,,,,,,,,,,,,,,,,,,,,,,,,,,,,,,,,,,,,,,,,,,,,,,,,,,,,,,,,,,,,,,,,,,,,,,,,,
,,,,,,,,,,,,,,,,,,,,,,,,,,,,,,,,,,,,,,,,,,,,,,,,,,,,,,,,,,,,,,,,,,,,,,,,,,,,,,,,,,,,,,,,,,,,,,,,,,,,,,,,,,,,,,,,,,,,,,,,,,,,,,,,,,,,,,,,,,,,,,,,,,,,,,,
,,,,,,,,,,,,,,,,,,,,,,,,,,,,,,,,,,,,,,,,,,,,,,,,,,,,,,,,,,,,,,,,,,,,,,,,,,,,,,,,,,,,,,,,,,,,,,,,,,,,,,,,,,,,,,,,,,,,,,,,,,,,,,,,,,,,,,,,,,,,,,,,,,,,,,,
,,,,,,,,,,,,,,,,,,,,,,,,,,,,,,,,,,,,,,,,,,,,,,,,,,,,,,,,,,,,,,,,,,,,,,,,,,,,,,,,,,,,,,,,,,,,,,,,,,,,,,,,,,,,,,,,,,,,,,,,,,,,,,,,,,,,,,,,,,,,,,,,,,,,,,,
,,,,,,,,,,,,,,,,,,,,,,,,,,,,,,,,,,,,,,,,,,,,,,,,,,,,,,,,,,,,,,,,,,,,,,,,,,,,,,,,,,,,,,,,,,,,,,,,,,,,,,,,,,,,,,,,,,,,,,,,,,,,,,,,,,,,,,,,,,,,,,,,,,,,,,,
,,,,,,,,,,,,,,,,,,,,,,,,,,,,,,,,,,,,,,,,,,,,,,,,,,,,,,,,,,,,,,,,,,,,,,,,,,,,,,,,,,,,,,,,,,,,,,,,,,,,,,,,,,,,,,,,,,,,,,,,,,,,,,,,,,,,,,,,,,,,,,,,,,,,,,,
,,,,,,,,,,,,,,,,,,,,,,,,,,,,,,,,,,,,,,,,,,,,,,,,,,,,,,,,,,,,,,,,,,,,,,,,,,,,,,,,,,,,,,,,,,,,,,,,,,,,,,,,,,,,,,,,,,,,,,,,,,,,,,,,,,,,,,,,,,,,,,,,,,,,,,,
,,,,,,,,,,,,,,,,,,,,,,,,,,,,,,,,,,,,,,,,,,,,,,,,,,,,,,,,,,,,,,,,,,,,,,,,,,,,,,,,,,,,,,,,,,,,,,,,,,,,,,,,,,,,,,,,,,,,,,,,,,,,,,,,,,,,,,,,,,,,,,,,,,,,,,,
,,,,,,,,,,,,,,,,,,,,,,,,,,,,,,,,,,,,,,,,,,,,,,,,,,,,,,,,,,,,,,,,,,,,,,,,,,,,,,,,,,,,,,,,,,,,,,,,,,,,,,,,,,,,,,,,,,,,,,,,,,,,,,,,,,,,,,,,,,,,,,,,,,,,,,,
,,,,,,,,,,,,,,,,,,,,,,,,,,,,,,,,,,,,,,,,,,,,,,,,,,,,,,,,,,,,,,,,,,,,,,,,,,,,,,,,,,,,,,,,,,,,,,,,,,,,,,,,,,,,,,,,,,,,,,,,,,,,,,,,,,,,,,,,,,,,,,,,,,,,,,,
,,,,,,,,,,,,,,,,,,,,,,,,,,,,,,,,,,,,,,,,,,,,,,,,,,,,,,,,,,,,,,,,,,,,,,,,,,,,,,,,,,,,,,,,,,,,,,,,,,,,,,,,,,,,,,,,,,,,,,,,,,,,,,,,,,,,,,,,,,,,,,,,,,,,,,,
,,,,,,,,,,,,,,,,,,,,,,,,,,,,,,,,,,,,,,,,,,,,,,,,,,,,,,,,,,,,,,,,,,,,,,,,,,,,,,,,,,,,,,,,,,,,,,,,,,,,,,,,,,,,,,,,,,,,,,,,,,,,,,,,,,,,,,,,,,,,,,,,,,,,,,,
,,,,,,,,,,,,,,,,,,,,,,,,,,,,,,,,,,,,,,,,,,,,,,,,,,,,,,,,,,,,,,,,,,,,,,,,,,,,,,,,,,,,,,,,,,,,,,,,,,,,,,,,,,,,,,,,,,,,,,,,,,,,,,,,,,,,,,,,,,,,,,,,,,,,,,,
,,,,,,,,,,,,,,,,,,,,,,,,,,,,,,,,,,,,,,,,,,,,,,,,,,,,,,,,,,,,,,,,,,,,,,,,,,,,,,,,,,,,,,,,,,,,,,,,,,,,,,,,,,,,,,,,,,,,,,,,,,,,,,,,,,,,,,,,,,,,,,,,,,,,,,,
,,,,,,,,,,,,,,,,,,,,,,,,,,,,,,,,,,,,,,,,,,,,,,,,,,,,,,,,,,,,,,,,,,,,,,,,,,,,,,,,,,,,,,,,,,,,,,,,,,,,,,,,,,,,,,,,,,,,,,,,,,,,,,,,,,,,,,,,,,,,,,,,,,,,,,,
,,,,,,,,,,,,,,,,,,,,,,,,,,,,,,,,,,,,,,,,,,,,,,,,,,,,,,,,,,,,,,,,,,,,,,,,,,,,,,,,,,,,,,,,,,,,,,,,,,,,,,,,,,,,,,,,,,,,,,,,,,,,,,,,,,,,,,,,,,,,,,,,,,,,,,,
,,,,,,,,,,,,,,,,,,,,,,,,,,,,,,,,,,,,,,,,,,,,,,,,,,,,,,,,,,,,,,,,,,,,,,,,,,,,,,,,,,,,,,,,,,,,,,,,,,,,,,,,,,,,,,,,,,,,,,,,,,,,,,,,,,,,,,,,,,,,,,,,,,,,,,,
,,,,,,,,,,,,,,,,,,,,,,,,,,,,,,,,,,,,,,,,,,,,,,,,,,,,,,,,,,,,,,,,,,,,,,,,,,,,,,,,,,,,,,,,,,,,,,,,,,,,,,,,,,,,,,,,,,,,,,,,,,,,,,,,,,,,,,,,,,,,,,,,,,,,,,,
,,,,,,,,,,,,,,,,,,,,,,,,,,,,,,,,,,,,,,,,,,,,,,,,,,,,,,,,,,,,,,,,,,,,,,,,,,,,,,,,,,,,,,,,,,,,,,,,,,,,,,,,,,,,,,,,,,,,,,,,,,,,,,,,,,,,,,,,,,,,,,,,,,,,,,,
,,,,,,,,,,,,,,,,,,,,,,,,,,,,,,,,,,,,,,,,,,,,,,,,,,,,,,,,,,,,,,,,,,,,,,,,,,,,,,,,,,,,,,,,,,,,,,,,,,,,,,,,,,,,,,,,,,,,,,,,,,,,,,,,,,,,,,,,,,,,,,,,,,,,,,,
,,,,,,,,,,,,,,,,,,,,,,,,,,,,,,,,,,,,,,,,,,,,,,,,,,,,,,,,,,,,,,,,,,,,,,,,,,,,,,,,,,,,,,,,,,,,,,,,,,,,,,,,,,,,,,,,,,,,,,,,,,,,,,,,,,,,,,,,,,,,,,,,,,,,,,,
,,,,,,,,,,,,,,,,,,,,,,,,,,,,,,,,,,,,,,,,,,,,,,,,,,,,,,,,,,,,,,,,,,,,,,,,,,,,,,,,,,,,,,,,,,,,,,,,,,,,,,,,,,,,,,,,,,,,,,,,,,,,,,,,,,,,,,,,,,,,,,,,,,,,,,,
,,,,,,,,,,,,,,,,,,,,,,,,,,,,,,,,,,,,,,,,,,,,,,,,,,,,,,,,,,,,,,,,,,,,,,,,,,,,,,,,,,,,,,,,,,,,,,,,,,,,,,,,,,,,,,,,,,,,,,,,,,,,,,,,,,,,,,,,,,,,,,,,,,,,,,,
,,,,,,,,,,,,,,,,,,,,,,,,,,,,,,,,,,,,,,,,,,,,,,,,,,,,,,,,,,,,,,,,,,,,,,,,,,,,,,,,,,,,,,,,,,,,,,,,,,,,,,,,,,,,,,,,,,,,,,,,,,,,,,,,,,,,,,,,,,,,,,,,,,,,,,,
,,,,,,,,,,,,,,,,,,,,,,,,,,,,,,,,,,,,,,,,,,,,,,,,,,,,,,,,,,,,,,,,,,,,,,,,,,,,,,,,,,,,,,,,,,,,,,,,,,,,,,,,,,,,,,,,,,,,,,,,,,,,,,,,,,,,,,,,,,,,,,,,,,,,,,,
,,,,,,,,,,,,,,,,,,,,,,,,,,,,,,,,,,,,,,,,,,,,,,,,,,,,,,,,,,,,,,,,,,,,,,,,,,,,,,,,,,,,,,,,,,,,,,,,,,,,,,,,,,,,,,,,,,,,,,,,,,,,,,,,,,,,,,,,,,,,,,,,,,,,,,,
,,,,,,,,,,,,,,,,,,,,,,,,,,,,,,,,,,,,,,,,,,,,,,,,,,,,,,,,,,,,,,,,,,,,,,,,,,,,,,,,,,,,,,,,,,,,,,,,,,,,,,,,,,,,,,,,,,,,,,,,,,,,,,,,,,,,,,,,,,,,,,,,,,,,,,,
,,,,,,,,,,,,,,,,,,,,,,,,,,,,,,,,,,,,,,,,,,,,,,,,,,,,,,,,,,,,,,,,,,,,,,,,,,,,,,,,,,,,,,,,,,,,,,,,,,,,,,,,,,,,,,,,,,,,,,,,,,,,,,,,,,,,,,,,,,,,,,,,,,,,,,,
,,,,,,,,,,,,,,,,,,,,,,,,,,,,,,,,,,,,,,,,,,,,,,,,,,,,,,,,,,,,,,,,,,,,,,,,,,,,,,,,,,,,,,,,,,,,,,,,,,,,,,,,,,,,,,,,,,,,,,,,,,,,,,,,,,,,,,,,,,,,,,,,,,,,,,,
,,,,,,,,,,,,,,,,,,,,,,,,,,,,,,,,,,,,,,,,,,,,,,,,,,,,,,,,,,,,,,,,,,,,,,,,,,,,,,,,,,,,,,,,,,,,,,,,,,,,,,,,,,,,,,,,,,,,,,,,,,,,,,,,,,,,,,,,,,,,,,,,,,,,,,,
,,,,,,,,,,,,,,,,,,,,,,,,,,,,,,,,,,,,,,,,,,,,,,,,,,,,,,,,,,,,,,,,,,,,,,,,,,,,,,,,,,,,,,,,,,,,,,,,,,,,,,,,,,,,,,,,,,,,,,,,,,,,,,,,,,,,,,,,,,,,,,,,,,,,,,,
,,,,,,,,,,,,,,,,,,,,,,,,,,,,,,,,,,,,,,,,,,,,,,,,,,,,,,,,,,,,,,,,,,,,,,,,,,,,,,,,,,,,,,,,,,,,,,,,,,,,,,,,,,,,,,,,,,,,,,,,,,,,,,,,,,,,,,,,,,,,,,,,,,,,,,,
,,,,,,,,,,,,,,,,,,,,,,,,,,,,,,,,,,,,,,,,,,,,,,,,,,,,,,,,,,,,,,,,,,,,,,,,,,,,,,,,,,,,,,,,,,,,,,,,,,,,,,,,,,,,,,,,,,,,,,,,,,,,,,,,,,,,,,,,,,,,,,,,,,,,,,,
,,,,,,,,,,,,,,,,,,,,,,,,,,,,,,,,,,,,,,,,,,,,,,,,,,,,,,,,,,,,,,,,,,,,,,,,,,,,,,,,,,,,,,,,,,,,,,,,,,,,,,,,,,,,,,,,,,,,,,,,,,,,,,,,,,,,,,,,,,,,,,,,,,,,,,,
,,,,,,,,,,,,,,,,,,,,,,,,,,,,,,,,,,,,,,,,,,,,,,,,,,,,,,,,,,,,,,,,,,,,,,,,,,,,,,,,,,,,,,,,,,,,,,,,,,,,,,,,,,,,,,,,,,,,,,,,,,,,,,,,,,,,,,,,,,,,,,,,,,,,,,,
,,,,,,,,,,,,,,,,,,,,,,,,,,,,,,,,,,,,,,,,,,,,,,,,,,,,,,,,,,,,,,,,,,,,,,,,,,,,,,,,,,,,,,,,,,,,,,,,,,,,,,,,,,,,,,,,,,,,,,,,,,,,,,,,,,,,,,,,,,,,,,,,,,,,,,,
,,,,,,,,,,,,,,,,,,,,,,,,,,,,,,,,,,,,,,,,,,,,,,,,,,,,,,,,,,,,,,,,,,,,,,,,,,,,,,,,,,,,,,,,,,,,,,,,,,,,,,,,,,,,,,,,,,,,,,,,,,,,,,,,,,,,,,,,,,,,,,,,,,,,,,,
,,,,,,,,,,,,,,,,,,,,,,,,,,,,,,,,,,,,,,,,,,,,,,,,,,,,,,,,,,,,,,,,,,,,,,,,,,,,,,,,,,,,,,,,,,,,,,,,,,,,,,,,,,,,,,,,,,,,,,,,,,,,,,,,,,,,,,,,,,,,,,,,,,,,,,,
,,,,,,,,,,,,,,,,,,,,,,,,,,,,,,,,,,,,,,,,,,,,,,,,,,,,,,,,,,,,,,,,,,,,,,,,,,,,,,,,,,,,,,,,,,,,,,,,,,,,,,,,,,,,,,,,,,,,,,,,,,,,,,,,,,,,,,,,,,,,,,,,,,,,,,,
,,,,,,,,,,,,,,,,,,,,,,,,,,,,,,,,,,,,,,,,,,,,,,,,,,,,,,,,,,,,,,,,,,,,,,,,,,,,,,,,,,,,,,,,,,,,,,,,,,,,,,,,,,,,,,,,,,,,,,,,,,,,,,,,,,,,,,,,,,,,,,,,,,,,,,,
,,,,,,,,,,,,,,,,,,,,,,,,,,,,,,,,,,,,,,,,,,,,,,,,,,,,,,,,,,,,,,,,,,,,,,,,,,,,,,,,,,,,,,,,,,,,,,,,,,,,,,,,,,,,,,,,,,,,,,,,,,,,,,,,,,,,,,,,,,,,,,,,,,,,,,,
,,,,,,,,,,,,,,,,,,,,,,,,,,,,,,,,,,,,,,,,,,,,,,,,,,,,,,,,,,,,,,,,,,,,,,,,,,,,,,,,,,,,,,,,,,,,,,,,,,,,,,,,,,,,,,,,,,,,,,,,,,,,,,,,,,,,,,,,,,,,,,,,,,,,,,,
,,,,,,,,,,,,,,,,,,,,,,,,,,,,,,,,,,,,,,,,,,,,,,,,,,,,,,,,,,,,,,,,,,,,,,,,,,,,,,,,,,,,,,,,,,,,,,,,,,,,,,,,,,,,,,,,,,,,,,,,,,,,,,,,,,,,,,,,,,,,,,,,,,,,,,,
,,,,,,,,,,,,,,,,,,,,,,,,,,,,,,,,,,,,,,,,,,,,,,,,,,,,,,,,,,,,,,,,,,,,,,,,,,,,,,,,,,,,,,,,,,,,,,,,,,,,,,,,,,,,,,,,,,,,,,,,,,,,,,,,,,,,,,,,,,,,,,,,,,,,,,,
,,,,,,,,,,,,,,,,,,,,,,,,,,,,,,,,,,,,,,,,,,,,,,,,,,,,,,,,,,,,,,,,,,,,,,,,,,,,,,,,,,,,,,,,,,,,,,,,,,,,,,,,,,,,,,,,,,,,,,,,,,,,,,,,,,,,,,,,,,,,,,,,,,,,,,,
,,,,,,,,,,,,,,,,,,,,,,,,,,,,,,,,,,,,,,,,,,,,,,,,,,,,,,,,,,,,,,,,,,,,,,,,,,,,,,,,,,,,,,,,,,,,,,,,,,,,,,,,,,,,,,,,,,,,,,,,,,,,,,,,,,,,,,,,,,,,,,,,,,,,,,,
,,,,,,,,,,,,,,,,,,,,,,,,,,,,,,,,,,,,,,,,,,,,,,,,,,,,,,,,,,,,,,,,,,,,,,,,,,,,,,,,,,,,,,,,,,,,,,,,,,,,,,,,,,,,,,,,,,,,,,,,,,,,,,,,,,,,,,,,,,,,,,,,,,,,,,,
,,,,,,,,,,,,,,,,,,,,,,,,,,,,,,,,,,,,,,,,,,,,,,,,,,,,,,,,,,,,,,,,,,,,,,,,,,,,,,,,,,,,,,,,,,,,,,,,,,,,,,,,,,,,,,,,,,,,,,,,,,,,,,,,,,,,,,,,,,,,,,,,,,,,,,,
,,,,,,,,,,,,,,,,,,,,,,,,,,,,,,,,,,,,,,,,,,,,,,,,,,,,,,,,,,,,,,,,,,,,,,,,,,,,,,,,,,,,,,,,,,,,,,,,,,,,,,,,,,,,,,,,,,,,,,,,,,,,,,,,,,,,,,,,,,,,,,,,,,,,,,,
,,,,,,,,,,,,,,,,,,,,,,,,,,,,,,,,,,,,,,,,,,,,,,,,,,,,,,,,,,,,,,,,,,,,,,,,,,,,,,,,,,,,,,,,,,,,,,,,,,,,,,,,,,,,,,,,,,,,,,,,,,,,,,,,,,,,,,,,,,,,,,,,,,,,,,,
,,,,,,,,,,,,,,,,,,,,,,,,,,,,,,,,,,,,,,,,,,,,,,,,,,,,,,,,,,,,,,,,,,,,,,,,,,,,,,,,,,,,,,,,,,,,,,,,,,,,,,,,,,,,,,,,,,,,,,,,,,,,,,,,,,,,,,,,,,,,,,,,,,,,,,,
,,,,,,,,,,,,,,,,,,,,,,,,,,,,,,,,,,,,,,,,,,,,,,,,,,,,,,,,,,,,,,,,,,,,,,,,,,,,,,,,,,,,,,,,,,,,,,,,,,,,,,,,,,,,,,,,,,,,,,,,,,,,,,,,,,,,,,,,,,,,,,,,,,,,,,,
,,,,,,,,,,,,,,,,,,,,,,,,,,,,,,,,,,,,,,,,,,,,,,,,,,,,,,,,,,,,,,,,,,,,,,,,,,,,,,,,,,,,,,,,,,,,,,,,,,,,,,,,,,,,,,,,,,,,,,,,,,,,,,,,,,,,,,,,,,,,,,,,,,,,,,,
,,,,,,,,,,,,,,,,,,,,,,,,,,,,,,,,,,,,,,,,,,,,,,,,,,,,,,,,,,,,,,,,,,,,,,,,,,,,,,,,,,,,,,,,,,,,,,,,,,,,,,,,,,,,,,,,,,,,,,,,,,,,,,,,,,,,,,,,,,,,,,,,,,,,,,,
,,,,,,,,,,,,,,,,,,,,,,,,,,,,,,,,,,,,,,,,,,,,,,,,,,,,,,,,,,,,,,,,,,,,,,,,,,,,,,,,,,,,,,,,,,,,,,,,,,,,,,,,,,,,,,,,,,,,,,,,,,,,,,,,,,,,,,,,,,,,,,,,,,,,,,,
,,,,,,,,,,,,,,,,,,,,,,,,,,,,,,,,,,,,,,,,,,,,,,,,,,,,,,,,,,,,,,,,,,,,,,,,,,,,,,,,,,,,,,,,,,,,,,,,,,,,,,,,,,,,,,,,,,,,,,,,,,,,,,,,,,,,,,,,,,,,,,,,,,,,,,,
,,,,,,,,,,,,,,,,,,,,,,,,,,,,,,,,,,,,,,,,,,,,,,,,,,,,,,,,,,,,,,,,,,,,,,,,,,,,,,,,,,,,,,,,,,,,,,,,,,,,,,,,,,,,,,,,,,,,,,,,,,,,,,,,,,,,,,,,,,,,,,,,,,,,,,,
,,,,,,,,,,,,,,,,,,,,,,,,,,,,,,,,,,,,,,,,,,,,,,,,,,,,,,,,,,,,,,,,,,,,,,,,,,,,,,,,,,,,,,,,,,,,,,,,,,,,,,,,,,,,,,,,,,,,,,,,,,,,,,,,,,,,,,,,,,,,,,,,,,,,,,,
,,,,,,,,,,,,,,,,,,,,,,,,,,,,,,,,,,,,,,,,,,,,,,,,,,,,,,,,,,,,,,,,,,,,,,,,,,,,,,,,,,,,,,,,,,,,,,,,,,,,,,,,,,,,,,,,,,,,,,,,,,,,,,,,,,,,,,,,,,,,,,,,,,,,,,,
,,,,,,,,,,,,,,,,,,,,,,,,,,,,,,,,,,,,,,,,,,,,,,,,,,,,,,,,,,,,,,,,,,,,,,,,,,,,,,,,,,,,,,,,,,,,,,,,,,,,,,,,,,,,,,,,,,,,,,,,,,,,,,,,,,,,,,,,,,,,,,,,,,,,,,,
,,,,,,,,,,,,,,,,,,,,,,,,,,,,,,,,,,,,,,,,,,,,,,,,,,,,,,,,,,,,,,,,,,,,,,,,,,,,,,,,,,,,,,,,,,,,,,,,,,,,,,,,,,,,,,,,,,,,,,,,,,,,,,,,,,,,,,,,,,,,,,,,,,,,,,,
,,,,,,,,,,,,,,,,,,,,,,,,,,,,,,,,,,,,,,,,,,,,,,,,,,,,,,,,,,,,,,,,,,,,,,,,,,,,,,,,,,,,,,,,,,,,,,,,,,,,,,,,,,,,,,,,,,,,,,,,,,,,,,,,,,,,,,,,,,,,,,,,,,,,,,,
,,,,,,,,,,,,,,,,,,,,,,,,,,,,,,,,,,,,,,,,,,,,,,,,,,,,,,,,,,,,,,,,,,,,,,,,,,,,,,,,,,,,,,,,,,,,,,,,,,,,,,,,,,,,,,,,,,,,,,,,,,,,,,,,,,,,,,,,,,,,,,,,,,,,,,,
,,,,,,,,,,,,,,,,,,,,,,,,,,,,,,,,,,,,,,,,,,,,,,,,,,,,,,,,,,,,,,,,,,,,,,,,,,,,,,,,,,,,,,,,,,,,,,,,,,,,,,,,,,,,,,,,,,,,,,,,,,,,,,,,,,,,,,,,,,,,,,,,,,,,,,,
,,,,,,,,,,,,,,,,,,,,,,,,,,,,,,,,,,,,,,,,,,,,,,,,,,,,,,,,,,,,,,,,,,,,,,,,,,,,,,,,,,,,,,,,,,,,,,,,,,,,,,,,,,,,,,,,,,,,,,,,,,,,,,,,,,,,,,,,,,,,,,,,,,,,,,,
,,,,,,,,,,,,,,,,,,,,,,,,,,,,,,,,,,,,,,,,,,,,,,,,,,,,,,,,,,,,,,,,,,,,,,,,,,,,,,,,,,,,,,,,,,,,,,,,,,,,,,,,,,,,,,,,,,,,,,,,,,,,,,,,,,,,,,,,,,,,,,,,,,,,,,,
,,,,,,,,,,,,,,,,,,,,,,,,,,,,,,,,,,,,,,,,,,,,,,,,,,,,,,,,,,,,,,,,,,,,,,,,,,,,,,,,,,,,,,,,,,,,,,,,,,,,,,,,,,,,,,,,,,,,,,,,,,,,,,,,,,,,,,,,,,,,,,,,,,,,,,,
,,,,,,,,,,,,,,,,,,,,,,,,,,,,,,,,,,,,,,,,,,,,,,,,,,,,,,,,,,,,,,,,,,,,,,,,,,,,,,,,,,,,,,,,,,,,,,,,,,,,,,,,,,,,,,,,,,,,,,,,,,,,,,,,,,,,,,,,,,,,,,,,,,,,,,,
,,,,,,,,,,,,,,,,,,,,,,,,,,,,,,,,,,,,,,,,,,,,,,,,,,,,,,,,,,,,,,,,,,,,,,,,,,,,,,,,,,,,,,,,,,,,,,,,,,,,,,,,,,,,,,,,,,,,,,,,,,,,,,,,,,,,,,,,,,,,,,,,,,,,,,,
,,,,,,,,,,,,,,,,,,,,,,,,,,,,,,,,,,,,,,,,,,,,,,,,,,,,,,,,,,,,,,,,,,,,,,,,,,,,,,,,,,,,,,,,,,,,,,,,,,,,,,,,,,,,,,,,,,,,,,,,,,,,,,,,,,,,,,,,,,,,,,,,,,,,,,,
,,,,,,,,,,,,,,,,,,,,,,,,,,,,,,,,,,,,,,,,,,,,,,,,,,,,,,,,,,,,,,,,,,,,,,,,,,,,,,,,,,,,,,,,,,,,,,,,,,,,,,,,,,,,,,,,,,,,,,,,,,,,,,,,,,,,,,,,,,,,,,,,,,,,,,,
,,,,,,,,,,,,,,,,,,,,,,,,,,,,,,,,,,,,,,,,,,,,,,,,,,,,,,,,,,,,,,,,,,,,,,,,,,,,,,,,,,,,,,,,,,,,,,,,,,,,,,,,,,,,,,,,,,,,,,,,,,,,,,,,,,,,,,,,,,,,,,,,,,,,,,,
,,,,,,,,,,,,,,,,,,,,,,,,,,,,,,,,,,,,,,,,,,,,,,,,,,,,,,,,,,,,,,,,,,,,,,,,,,,,,,,,,,,,,,,,,,,,,,,,,,,,,,,,,,,,,,,,,,,,,,,,,,,,,,,,,,,,,,,,,,,,,,,,,,,,,,,
,,,,,,,,,,,,,,,,,,,,,,,,,,,,,,,,,,,,,,,,,,,,,,,,,,,,,,,,,,,,,,,,,,,,,,,,,,,,,,,,,,,,,,,,,,,,,,,,,,,,,,,,,,,,,,,,,,,,,,,,,,,,,,,,,,,,,,,,,,,,,,,,,,,,,,,
,,,,,,,,,,,,,,,,,,,,,,,,,,,,,,,,,,,,,,,,,,,,,,,,,,,,,,,,,,,,,,,,,,,,,,,,,,,,,,,,,,,,,,,,,,,,,,,,,,,,,,,,,,,,,,,,,,,,,,,,,,,,,,,,,,,,,,,,,,,,,,,,,,,,,,,
,,,,,,,,,,,,,,,,,,,,,,,,,,,,,,,,,,,,,,,,,,,,,,,,,,,,,,,,,,,,,,,,,,,,,,,,,,,,,,,,,,,,,,,,,,,,,,,,,,,,,,,,,,,,,,,,,,,,,,,,,,,,,,,,,,,,,,,,,,,,,,,,,,,,,,,
,,,,,,,,,,,,,,,,,,,,,,,,,,,,,,,,,,,,,,,,,,,,,,,,,,,,,,,,,,,,,,,,,,,,,,,,,,,,,,,,,,,,,,,,,,,,,,,,,,,,,,,,,,,,,,,,,,,,,,,,,,,,,,,,,,,,,,,,,,,,,,,,,,,,,,,
,,,,,,,,,,,,,,,,,,,,,,,,,,,,,,,,,,,,,,,,,,,,,,,,,,,,,,,,,,,,,,,,,,,,,,,,,,,,,,,,,,,,,,,,,,,,,,,,,,,,,,,,,,,,,,,,,,,,,,,,,,,,,,,,,,,,,,,,,,,,,,,,,,,,,,,
,,,,,,,,,,,,,,,,,,,,,,,,,,,,,,,,,,,,,,,,,,,,,,,,,,,,,,,,,,,,,,,,,,,,,,,,,,,,,,,,,,,,,,,,,,,,,,,,,,,,,,,,,,,,,,,,,,,,,,,,,,,,,,,,,,,,,,,,,,,,,,,,,,,,,,,
,,,,,,,,,,,,,,,,,,,,,,,,,,,,,,,,,,,,,,,,,,,,,,,,,,,,,,,,,,,,,,,,,,,,,,,,,,,,,,,,,,,,,,,,,,,,,,,,,,,,,,,,,,,,,,,,,,,,,,,,,,,,,,,,,,,,,,,,,,,,,,,,,,,,,,,
,,,,,,,,,,,,,,,,,,,,,,,,,,,,,,,,,,,,,,,,,,,,,,,,,,,,,,,,,,,,,,,,,,,,,,,,,,,,,,,,,,,,,,,,,,,,,,,,,,,,,,,,,,,,,,,,,,,,,,,,,,,,,,,,,,,,,,,,,,,,,,,,,,,,,,,
,,,,,,,,,,,,,,,,,,,,,,,,,,,,,,,,,,,,,,,,,,,,,,,,,,,,,,,,,,,,,,,,,,,,,,,,,,,,,,,,,,,,,,,,,,,,,,,,,,,,,,,,,,,,,,,,,,,,,,,,,,,,,,,,,,,,,,,,,,,,,,,,,,,,,,,
,,,,,,,,,,,,,,,,,,,,,,,,,,,,,,,,,,,,,,,,,,,,,,,,,,,,,,,,,,,,,,,,,,,,,,,,,,,,,,,,,,,,,,,,,,,,,,,,,,,,,,,,,,,,,,,,,,,,,,,,,,,,,,,,,,,,,,,,,,,,,,,,,,,,,,,
,,,,,,,,,,,,,,,,,,,,,,,,,,,,,,,,,,,,,,,,,,,,,,,,,,,,,,,,,,,,,,,,,,,,,,,,,,,,,,,,,,,,,,,,,,,,,,,,,,,,,,,,,,,,,,,,,,,,,,,,,,,,,,,,,,,,,,,,,,,,,,,,,,,,,,,
,,,,,,,,,,,,,,,,,,,,,,,,,,,,,,,,,,,,,,,,,,,,,,,,,,,,,,,,,,,,,,,,,,,,,,,,,,,,,,,,,,,,,,,,,,,,,,,,,,,,,,,,,,,,,,,,,,,,,,,,,,,,,,,,,,,,,,,,,,,,,,,,,,,,,,,
,,,,,,,,,,,,,,,,,,,,,,,,,,,,,,,,,,,,,,,,,,,,,,,,,,,,,,,,,,,,,,,,,,,,,,,,,,,,,,,,,,,,,,,,,,,,,,,,,,,,,,,,,,,,,,,,,,,,,,,,,,,,,,,,,,,,,,,,,,,,,,,,,,,,,,,
,,,,,,,,,,,,,,,,,,,,,,,,,,,,,,,,,,,,,,,,,,,,,,,,,,,,,,,,,,,,,,,,,,,,,,,,,,,,,,,,,,,,,,,,,,,,,,,,,,,,,,,,,,,,,,,,,,,,,,,,,,,,,,,,,,,,,,,,,,,,,,,,,,,,,,,
,,,,,,,,,,,,,,,,,,,,,,,,,,,,,,,,,,,,,,,,,,,,,,,,,,,,,,,,,,,,,,,,,,,,,,,,,,,,,,,,,,,,,,,,,,,,,,,,,,,,,,,,,,,,,,,,,,,,,,,,,,,,,,,,,,,,,,,,,,,,,,,,,,,,,,,
,,,,,,,,,,,,,,,,,,,,,,,,,,,,,,,,,,,,,,,,,,,,,,,,,,,,,,,,,,,,,,,,,,,,,,,,,,,,,,,,,,,,,,,,,,,,,,,,,,,,,,,,,,,,,,,,,,,,,,,,,,,,,,,,,,,,,,,,,,,,,,,,,,,,,,,
,,,,,,,,,,,,,,,,,,,,,,,,,,,,,,,,,,,,,,,,,,,,,,,,,,,,,,,,,,,,,,,,,,,,,,,,,,,,,,,,,,,,,,,,,,,,,,,,,,,,,,,,,,,,,,,,,,,,,,,,,,,,,,,,,,,,,,,,,,,,,,,,,,,,,,,
,,,,,,,,,,,,,,,,,,,,,,,,,,,,,,,,,,,,,,,,,,,,,,,,,,,,,,,,,,,,,,,,,,,,,,,,,,,,,,,,,,,,,,,,,,,,,,,,,,,,,,,,,,,,,,,,,,,,,,,,,,,,,,,,,,,,,,,,,,,,,,,,,,,,,,,
,,,,,,,,,,,,,,,,,,,,,,,,,,,,,,,,,,,,,,,,,,,,,,,,,,,,,,,,,,,,,,,,,,,,,,,,,,,,,,,,,,,,,,,,,,,,,,,,,,,,,,,,,,,,,,,,,,,,,,,,,,,,,,,,,,,,,,,,,,,,,,,,,,,,,,,
,,,,,,,,,,,,,,,,,,,,,,,,,,,,,,,,,,,,,,,,,,,,,,,,,,,,,,,,,,,,,,,,,,,,,,,,,,,,,,,,,,,,,,,,,,,,,,,,,,,,,,,,,,,,,,,,,,,,,,,,,,,,,,,,,,,,,,,,,,,,,,,,,,,,,,,
,,,,,,,,,,,,,,,,,,,,,,,,,,,,,,,,,,,,,,,,,,,,,,,,,,,,,,,,,,,,,,,,,,,,,,,,,,,,,,,,,,,,,,,,,,,,,,,,,,,,,,,,,,,,,,,,,,,,,,,,,,,,,,,,,,,,,,,,,,,,,,,,,,,,,,,
,,,,,,,,,,,,,,,,,,,,,,,,,,,,,,,,,,,,,,,,,,,,,,,,,,,,,,,,,,,,,,,,,,,,,,,,,,,,,,,,,,,,,,,,,,,,,,,,,,,,,,,,,,,,,,,,,,,,,,,,,,,,,,,,,,,,,,,,,,,,,,,,,,,,,,,
,,,,,,,,,,,,,,,,,,,,,,,,,,,,,,,,,,,,,,,,,,,,,,,,,,,,,,,,,,,,,,,,,,,,,,,,,,,,,,,,,,,,,,,,,,,,,,,,,,,,,,,,,,,,,,,,,,,,,,,,,,,,,,,,,,,,,,,,,,,,,,,,,,,,,,,
,,,,,,,,,,,,,,,,,,,,,,,,,,,,,,,,,,,,,,,,,,,,,,,,,,,,,,,,,,,,,,,,,,,,,,,,,,,,,,,,,,,,,,,,,,,,,,,,,,,,,,,,,,,,,,,,,,,,,,,,,,,,,,,,,,,,,,,,,,,,,,,,,,,,,,,
,,,,,,,,,,,,,,,,,,,,,,,,,,,,,,,,,,,,,,,,,,,,,,,,,,,,,,,,,,,,,,,,,,,,,,,,,,,,,,,,,,,,,,,,,,,,,,,,,,,,,,,,,,,,,,,,,,,,,,,,,,,,,,,,,,,,,,,,,,,,,,,,,,,,,,,
,,,,,,,,,,,,,,,,,,,,,,,,,,,,,,,,,,,,,,,,,,,,,,,,,,,,,,,,,,,,,,,,,,,,,,,,,,,,,,,,,,,,,,,,,,,,,,,,,,,,,,,,,,,,,,,,,,,,,,,,,,,,,,,,,,,,,,,,,,,,,,,,,,,,,,,
,,,,,,,,,,,,,,,,,,,,,,,,,,,,,,,,,,,,,,,,,,,,,,,,,,,,,,,,,,,,,,,,,,,,,,,,,,,,,,,,,,,,,,,,,,,,,,,,,,,,,,,,,,,,,,,,,,,,,,,,,,,,,,,,,,,,,,,,,,,,,,,,,,,,,,,
,,,,,,,,,,,,,,,,,,,,,,,,,,,,,,,,,,,,,,,,,,,,,,,,,,,,,,,,,,,,,,,,,,,,,,,,,,,,,,,,,,,,,,,,,,,,,,,,,,,,,,,,,,,,,,,,,,,,,,,,,,,,,,,,,,,,,,,,,,,,,,,,,,,,,,,
,,,,,,,,,,,,,,,,,,,,,,,,,,,,,,,,,,,,,,,,,,,,,,,,,,,,,,,,,,,,,,,,,,,,,,,,,,,,,,,,,,,,,,,,,,,,,,,,,,,,,,,,,,,,,,,,,,,,,,,,,,,,,,,,,,,,,,,,,,,,,,,,,,,,,,,
,,,,,,,,,,,,,,,,,,,,,,,,,,,,,,,,,,,,,,,,,,,,,,,,,,,,,,,,,,,,,,,,,,,,,,,,,,,,,,,,,,,,,,,,,,,,,,,,,,,,,,,,,,,,,,,,,,,,,,,,,,,,,,,,,,,,,,,,,,,,,,,,,,,,,,,
,,,,,,,,,,,,,,,,,,,,,,,,,,,,,,,,,,,,,,,,,,,,,,,,,,,,,,,,,,,,,,,,,,,,,,,,,,,,,,,,,,,,,,,,,,,,,,,,,,,,,,,,,,,,,,,,,,,,,,,,,,,,,,,,,,,,,,,,,,,,,,,,,,,,,,,
,,,,,,,,,,,,,,,,,,,,,,,,,,,,,,,,,,,,,,,,,,,,,,,,,,,,,,,,,,,,,,,,,,,,,,,,,,,,,,,,,,,,,,,,,,,,,,,,,,,,,,,,,,,,,,,,,,,,,,,,,,,,,,,,,,,,,,,,,,,,,,,,,,,,,,,
,,,,,,,,,,,,,,,,,,,,,,,,,,,,,,,,,,,,,,,,,,,,,,,,,,,,,,,,,,,,,,,,,,,,,,,,,,,,,,,,,,,,,,,,,,,,,,,,,,,,,,,,,,,,,,,,,,,,,,,,,,,,,,,,,,,,,,,,,,,,,,,,,,,,,,,
,,,,,,,,,,,,,,,,,,,,,,,,,,,,,,,,,,,,,,,,,,,,,,,,,,,,,,,,,,,,,,,,,,,,,,,,,,,,,,,,,,,,,,,,,,,,,,,,,,,,,,,,,,,,,,,,,,,,,,,,,,,,,,,,,,,,,,,,,,,,,,,,,,,,,,,
,,,,,,,,,,,,,,,,,,,,,,,,,,,,,,,,,,,,,,,,,,,,,,,,,,,,,,,,,,,,,,,,,,,,,,,,,,,,,,,,,,,,,,,,,,,,,,,,,,,,,,,,,,,,,,,,,,,,,,,,,,,,,,,,,,,,,,,,,,,,,,,,,,,,,,,
,,,,,,,,,,,,,,,,,,,,,,,,,,,,,,,,,,,,,,,,,,,,,,,,,,,,,,,,,,,,,,,,,,,,,,,,,,,,,,,,,,,,,,,,,,,,,,,,,,,,,,,,,,,,,,,,,,,,,,,,,,,,,,,,,,,,,,,,,,,,,,,,,,,,,,,
,,,,,,,,,,,,,,,,,,,,,,,,,,,,,,,,,,,,,,,,,,,,,,,,,,,,,,,,,,,,,,,,,,,,,,,,,,,,,,,,,,,,,,,,,,,,,,,,,,,,,,,,,,,,,,,,,,,,,,,,,,,,,,,,,,,,,,,,,,,,,,,,,,,,,,,
,,,,,,,,,,,,,,,,,,,,,,,,,,,,,,,,,,,,,,,,,,,,,,,,,,,,,,,,,,,,,,,,,,,,,,,,,,,,,,,,,,,,,,,,,,,,,,,,,,,,,,,,,,,,,,,,,,,,,,,,,,,,,,,,,,,,,,,,,,,,,,,,,,,,,,,
,,,,,,,,,,,,,,,,,,,,,,,,,,,,,,,,,,,,,,,,,,,,,,,,,,,,,,,,,,,,,,,,,,,,,,,,,,,,,,,,,,,,,,,,,,,,,,,,,,,,,,,,,,,,,,,,,,,,,,,,,,,,,,,,,,,,,,,,,,,,,,,,,,,,,,,
,,,,,,,,,,,,,,,,,,,,,,,,,,,,,,,,,,,,,,,,,,,,,,,,,,,,,,,,,,,,,,,,,,,,,,,,,,,,,,,,,,,,,,,,,,,,,,,,,,,,,,,,,,,,,,,,,,,,,,,,,,,,,,,,,,,,,,,,,,,,,,,,,,,,,,,
,,,,,,,,,,,,,,,,,,,,,,,,,,,,,,,,,,,,,,,,,,,,,,,,,,,,,,,,,,,,,,,,,,,,,,,,,,,,,,,,,,,,,,,,,,,,,,,,,,,,,,,,,,,,,,,,,,,,,,,,,,,,,,,,,,,,,,,,,,,,,,,,,,,,,,,
,,,,,,,,,,,,,,,,,,,,,,,,,,,,,,,,,,,,,,,,,,,,,,,,,,,,,,,,,,,,,,,,,,,,,,,,,,,,,,,,,,,,,,,,,,,,,,,,,,,,,,,,,,,,,,,,,,,,,,,,,,,,,,,,,,,,,,,,,,,,,,,,,,,,,,,
,,,,,,,,,,,,,,,,,,,,,,,,,,,,,,,,,,,,,,,,,,,,,,,,,,,,,,,,,,,,,,,,,,,,,,,,,,,,,,,,,,,,,,,,,,,,,,,,,,,,,,,,,,,,,,,,,,,,,,,,,,,,,,,,,,,,,,,,,,,,,,,,,,,,,,,
,,,,,,,,,,,,,,,,,,,,,,,,,,,,,,,,,,,,,,,,,,,,,,,,,,,,,,,,,,,,,,,,,,,,,,,,,,,,,,,,,,,,,,,,,,,,,,,,,,,,,,,,,,,,,,,,,,,,,,,,,,,,,,,,,,,,,,,,,,,,,,,,,,,,,,,
,,,,,,,,,,,,,,,,,,,,,,,,,,,,,,,,,,,,,,,,,,,,,,,,,,,,,,,,,,,,,,,,,,,,,,,,,,,,,,,,,,,,,,,,,,,,,,,,,,,,,,,,,,,,,,,,,,,,,,,,,,,,,,,,,,,,,,,,,,,,,,,,,,,,,,,
,,,,,,,,,,,,,,,,,,,,,,,,,,,,,,,,,,,,,,,,,,,,,,,,,,,,,,,,,,,,,,,,,,,,,,,,,,,,,,,,,,,,,,,,,,,,,,,,,,,,,,,,,,,,,,,,,,,,,,,,,,,,,,,,,,,,,,,,,,,,,,,,,,,,,,,
,,,,,,,,,,,,,,,,,,,,,,,,,,,,,,,,,,,,,,,,,,,,,,,,,,,,,,,,,,,,,,,,,,,,,,,,,,,,,,,,,,,,,,,,,,,,,,,,,,,,,,,,,,,,,,,,,,,,,,,,,,,,,,,,,,,,,,,,,,,,,,,,,,,,,,,
,,,,,,,,,,,,,,,,,,,,,,,,,,,,,,,,,,,,,,,,,,,,,,,,,,,,,,,,,,,,,,,,,,,,,,,,,,,,,,,,,,,,,,,,,,,,,,,,,,,,,,,,,,,,,,,,,,,,,,,,,,,,,,,,,,,,,,,,,,,,,,,,,,,,,,,
,,,,,,,,,,,,,,,,,,,,,,,,,,,,,,,,,,,,,,,,,,,,,,,,,,,,,,,,,,,,,,,,,,,,,,,,,,,,,,,,,,,,,,,,,,,,,,,,,,,,,,,,,,,,,,,,,,,,,,,,,,,,,,,,,,,,,,,,,,,,,,,,,,,,,,,
,,,,,,,,,,,,,,,,,,,,,,,,,,,,,,,,,,,,,,,,,,,,,,,,,,,,,,,,,,,,,,,,,,,,,,,,,,,,,,,,,,,,,,,,,,,,,,,,,,,,,,,,,,,,,,,,,,,,,,,,,,,,,,,,,,,,,,,,,,,,,,,,,,,,,,,
,,,,,,,,,,,,,,,,,,,,,,,,,,,,,,,,,,,,,,,,,,,,,,,,,,,,,,,,,,,,,,,,,,,,,,,,,,,,,,,,,,,,,,,,,,,,,,,,,,,,,,,,,,,,,,,,,,,,,,,,,,,,,,,,,,,,,,,,,,,,,,,,,,,,,,,
,,,,,,,,,,,,,,,,,,,,,,,,,,,,,,,,,,,,,,,,,,,,,,,,,,,,,,,,,,,,,,,,,,,,,,,,,,,,,,,,,,,,,,,,,,,,,,,,,,,,,,,,,,,,,,,,,,,,,,,,,,,,,,,,,,,,,,,,,,,,,,,,,,,,,,,
,,,,,,,,,,,,,,,,,,,,,,,,,,,,,,,,,,,,,,,,,,,,,,,,,,,,,,,,,,,,,,,,,,,,,,,,,,,,,,,,,,,,,,,,,,,,,,,,,,,,,,,,,,,,,,,,,,,,,,,,,,,,,,,,,,,,,,,,,,,,,,,,,,,,,,,
,,,,,,,,,,,,,,,,,,,,,,,,,,,,,,,,,,,,,,,,,,,,,,,,,,,,,,,,,,,,,,,,,,,,,,,,,,,,,,,,,,,,,,,,,,,,,,,,,,,,,,,,,,,,,,,,,,,,,,,,,,,,,,,,,,,,,,,,,,,,,,,,,,,,,,,
,,,,,,,,,,,,,,,,,,,,,,,,,,,,,,,,,,,,,,,,,,,,,,,,,,,,,,,,,,,,,,,,,,,,,,,,,,,,,,,,,,,,,,,,,,,,,,,,,,,,,,,,,,,,,,,,,,,,,,,,,,,,,,,,,,,,,,,,,,,,,,,,,,,,,,,
,,,,,,,,,,,,,,,,,,,,,,,,,,,,,,,,,,,,,,,,,,,,,,,,,,,,,,,,,,,,,,,,,,,,,,,,,,,,,,,,,,,,,,,,,,,,,,,,,,,,,,,,,,,,,,,,,,,,,,,,,,,,,,,,,,,,,,,,,,,,,,,,,,,,,,,
,,,,,,,,,,,,,,,,,,,,,,,,,,,,,,,,,,,,,,,,,,,,,,,,,,,,,,,,,,,,,,,,,,,,,,,,,,,,,,,,,,,,,,,,,,,,,,,,,,,,,,,,,,,,,,,,,,,,,,,,,,,,,,,,,,,,,,,,,,,,,,,,,,,,,,,
,,,,,,,,,,,,,,,,,,,,,,,,,,,,,,,,,,,,,,,,,,,,,,,,,,,,,,,,,,,,,,,,,,,,,,,,,,,,,,,,,,,,,,,,,,,,,,,,,,,,,,,,,,,,,,,,,,,,,,,,,,,,,,,,,,,,,,,,,,,,,,,,,,,,,,,
,,,,,,,,,,,,,,,,,,,,,,,,,,,,,,,,,,,,,,,,,,,,,,,,,,,,,,,,,,,,,,,,,,,,,,,,,,,,,,,,,,,,,,,,,,,,,,,,,,,,,,,,,,,,,,,,,,,,,,,,,,,,,,,,,,,,,,,,,,,,,,,,,,,,,,,
,,,,,,,,,,,,,,,,,,,,,,,,,,,,,,,,,,,,,,,,,,,,,,,,,,,,,,,,,,,,,,,,,,,,,,,,,,,,,,,,,,,,,,,,,,,,,,,,,,,,,,,,,,,,,,,,,,,,,,,,,,,,,,,,,,,,,,,,,,,,,,,,,,,,,,,
,,,,,,,,,,,,,,,,,,,,,,,,,,,,,,,,,,,,,,,,,,,,,,,,,,,,,,,,,,,,,,,,,,,,,,,,,,,,,,,,,,,,,,,,,,,,,,,,,,,,,,,,,,,,,,,,,,,,,,,,,,,,,,,,,,,,,,,,,,,,,,,,,,,,,,,
,,,,,,,,,,,,,,,,,,,,,,,,,,,,,,,,,,,,,,,,,,,,,,,,,,,,,,,,,,,,,,,,,,,,,,,,,,,,,,,,,,,,,,,,,,,,,,,,,,,,,,,,,,,,,,,,,,,,,,,,,,,,,,,,,,,,,,,,,,,,,,,,,,,,,,,
