,,,,,,,,,,,,,,,,,,,,,,,,,,,,,,,,,,,,,,,,,,,,,,,,,,,,,,,,,,,,,,,,,,,,,,,,,,,,,,,,,,,,,,,,,,,,,,,,,,,,,,,,,,,,,,,,,,,,,,,,,,,,,,,,,,,,,,,,,,,,,,
,,,,,,,,,,,,,,,,,,,,,,,,,,,,,,,,,,,,,,,,,,,,,,,,,,,,,,,,,,,,,,,,,,,,,,,,,,,,,,,,,,,,,,,,,,,,,,,,,,,,,,,,,,,,,,,,TIME TABLE AUG TO DEC 2026,,,,,,,,,,,,,,,,,,,,,,,,,,,,,,
,,,,,,,,TIME TABLE AUG TO DEC 2026,,,,,,,,,,,,,,,,,,,,,,,,,,,,,,TIME TABLE AUG TO DEC 2026,,,,,,,,,,,,,,,,,,,,,,,,,,,TIME TABLE AUG TO DEC 2026,,,,,,,,,,,,,,,,,,,,,,,,,,,,,,,,,,,,,,,,,,,,,,,FIRST YEAR -B,,,,,,,,,,,,,,,,,,,,,,,,,,,,,,
,,,,,,,,,,,FIRST YEAR-B,,,,,,,,,,,,,,,,,,,,,,,,,,,,,,FIRST YEAR-B,,,,,,,,,,,,,,,,,,,,,,,,,,,FIRST YEAR-B,,,,,,,,,,,,,,,,,,,,,,,,,,,,,,,,,,,,,,,,,,,,BIOTECHNOLOGY ENGG,,,,,,,,BIOMEDICAL ENGG,,,,COMPUTER SCIENCE AND BUSINESS SYSTEMS,,,,,,,,,,,,,,,,,,
,,LECTURE,,1B1,,,,,,,,,,,,,,,,1B2,,,,,,,,,,,,,,,,1B3,,,,,,,,,,,,,,,,1B4,,,,,,,,,,1B5,,,,,,,,,,1B6,,,,,,,,,,1B7,,,,,,,,,,1B8,,,,,,,,,,1B9,,,,,,,,,,1G1,,,,,,,,1J1,,,,1R1,,,,,,1D1,,,,,,,,,,,,
,,TUTORIAL,,1B11,,1B12,,1B13,,1B14,,1B15,,1B16,,1B17,,1B18,,1B21,,1B22,,1B23,,1B24,,1B25,,1B26,,1B27,,1B28,,1B31,,1B32,,1B33,,1B34,,1B35,,1B36,,1B37,,1B38,,1B41,,1B42,,1B43,,1B44,,1B45,,1B51,,1B52,,1B53,,1B54,,1B55,,1B61,,1B62,,1B63,,1B64,,1B65,,1B71,,1B72,,1B73,,1B74,,1B75,,1B81,,1B82,,1B83,,1B84,,1B85,,1B91,,1B92,,1B93,,1B94,,1B95,,1G11,,1G12,,1G13,,1G14,,1J11,,,,1R11,,1R12,,1R13,,1D11,,1D12,,1D13,,1D14,,1D15,,,,
DAY,SR.NO,PRACTICAL,HOURS,1B1A,,1B1B,,1B1C,,1B1D,,1B1E,,1B1F,,1B1G,,1B1H,,1B2A,,1B2B,,1B2C,,1B2D,,1B2E,,1B2F,,1B2G,,1B2H,,1B3A,,1B3B,,1B3C,,1B3D,,1B3E,,1B3F,,1B3G,,1B3H,,1B4A,,1B4B,,1B4C,,1B4D,,1B4E,,1B5A,,1B5B,,1B5C,,1B5D,,1B5E,,1B6A,,1B6B,,1B6C,,1B6D,,1B6E,,1B7A,,1B7B,,1B7C,,1B7D,,1B7E,,1B8A,,1B8B,,1B8C,,1B8D,,1B8E,,1B9A,,1B9B,,1B9C,,1B9D,,1B9E,,1G1A,,1G1B,,1G1C,,1G1D,,1J1A,,,,1R1A,,1R1B,,1R1C,,1D1A,,1D1B,,1D1C,,1D1D,,1D1E,,DAY,SR.NO,HOURS
,,,,,,,,,,,,,,,,,,,,,,,,,,,,,,,,,,,,,,,,,,,,,,,,,,,,,,,,,,,,,,,,,,,,,,,,,,,,,,,,,,,,,,,,,,,,,,,,,,,,,,,,,,,,,,,,,,,,,,,,,,,,,,,,,,,,,,,,,,,,,,
,1,,8:00 AM,,,,,,,,,,,,,,,,,,,,,,,,,,,,,,,,,,,,,,,,,,,,,,,,,,,,,,,,,,,UPH013T,,UPH013T,,UMA023T,,,,,,,,,,,,,,,,,,,,,,,,,,,,,,,,,,,,,,,,,,UES101P,,,,,,,,,,,,,,,,UPH014P,,,,,,,,,,,,`,,UPH013P,,,1,8:00 AM
M,,,,,,,,,,,,,,,,,,,,,,,,,,,,,,,,,,,,,,,,,,,,,,,,,,,,,,,,,,,,,,E312,LC38,E311,LC29,T303,TA14,,,,,,,,,,,,,,,,,,,,,,,,,,,,,,,,,,,,,,,,,CED CAD(CD119),,,,,,,,,,,,,,,,G325,,,,,,,,,,,,,,G312,,M,,
,2,,8:50 AM,UES102L,,,,,,,,,,,,,,,,,,,,,,,,,,,,,,,,,,UPH013T,,,,,,,,,,,,,,UES102L,,,,,,,,,,UMA023T,,UMA023T,,UPH013T,,,,,,,,,,,,,,,,,,,,,,,,,,UES102L,,,,,,,,,,,,,,,,LAB,,,,,,,,,,,,,,,,LAB-3,,,,,,,,,,,,,,LAB,,,2,8:50 AM
O,,,,LT103,,,,,,,,,,,,,,,PKC,,,,,,,,,,,,,,,,,,,E311,LC21,,,,,,,,,,,,,LP104,,,,,,,,,RTK,E312,TA22,T303,TA14,T302,LC26,,,,,,,,,,,,,,,,,,,,,,,,,LP105,,,,,,,,,NF,,,,,,,RSF2,,,,,,,,,,,,,,,,LC15,,,,,,,,,,,,,,LC35,,O,,
,3,,9:40 AM,UMA023L,,,,,,,,,,,,,,,,,,,,,,,,,,,,,,,,,,UES101T,,UES101T,,,,,,UES101P,,,,,,UMA023L,,,,,,,,,,UPH013P,,UPH013P,,UPH013P,,,,,,UHU003P,,UHU003P,,UHU003P,,,,UMA023T,,,,,,,,UES101P,,,,UHU003L,,,,,,,,,,UHU003P,,UES101P,,,,,,UMA023T,,,,,,,,,,UPH015L,,,,UCT101L,,,,,,,,,,UES101T,,,,,,,3,9:40 AM
N,,,,LT103,,,,,,,,,,,,,,,JAT,,,,,,,,,,,,,,,,,,,F310,,F311,,,,,,MED CAD,,,,,,LP104,,,,,,,,,SYV,G325,,G312,,G310,,,,,,G317,,B223,,C309,,,,E312.,TA22,,,,,,,CAD-1(D112),,,,LP105,,,,,,,,,EF,B109,,CED CAD(CD119),,,,,,E313,TA36,,,,,,,,,E314,,,SOM,E108,,,,,SMA,,,,,F312,,,,,,N,,
,4,,10:30 AM,UPH013L,,,,,,,,,,,,,,,,,,,,,,,,,,,,,,,,,,APC7,,SBJ,,,,,,LAB-3,,,,,,UPH013L,,,,,,,,,,LAB-3,,LAB-1,,LAB-2,,,,,,LAB,,LAB,,LAB,,,,UPH013T,,,,,,,,LAB,,,,UPH013L,,,,,,,,,,LAB,,LAB,,,,,,UPH013T,,,,,,,,,,UBM001L,,,,UCT104L,,,,,,,,,,APC2,,,,UMA023T,,,4,10:30 AM
D,,,,LT103,,,,,,,,,,,,,,,DPS,,,,,,,,,,,,,,,,,,,,,,,,,,,RF4,,,,,,LP104,,,,,,,,,MKS,LC19,,LC11,,LC29,,,,,,LC9,,DKS,,LC7,,,,E306,LC15,,,,,,,AVS,,,,LP105,,,,,,,,,TKR,LC11,,RSF1,,,,,,E312,LC33,,,,,,,,,E301,,,DBD,E108,,,,,RKU,,,,,,,,,T303,TA36,D,,
,5,,11:20 AM,UES102P,,,,,,,,,,UHU003P,,UHU003P,,UHU003P,,,,,,,,,,,,,,,,,,,,,,UPH013T,,,,UPH013T,,,,,,UES101P,,UMA023T,,,,,,UMA023T,,UES101T,,UES101P,,UES101P,,,,,,,,UPH013L,,,,,,,,,,,,,,,,,,,,,,,,,,,,,,UMA023L,,,,,,,,,,,,,,,,,,UMA015L,,,,UPH014L,,,,,,UES101T,,UPH013P,,UPH013T,,,,UHU003P,,,5,11:20 AM
A,,,,W/SHOP,,,,,,,,,,B109,,C309,,B223,,,,,,,,,,,,,,,,,,,,,,E311,LC17,,,E312,LC33,,,,,CED CAD,,T302,TA26,,,,,T303,JAT,F311,,CAD-1,,CAD-2(D102),,,,,,,,LP104,,,,,,,,,SDT,,,,,,,,,,,,,,,,,,,,,LP105,,,,,,,,,SNA,,,,,,,,,E301,,,DG,E108,,,,,RKU,F310,,G310,,E306,LC31,,,G317,,A,,
,6,,12:10 PM,PKC,,,,,,,,,,LAB,,LAB,,LAB,,,,,,,,,,,,,,,,,,,,,,,,,,,,,,,,LAB (CD119),,UPH013T,,,,,,UPH013T,,NDS,,LAB,,LAB,,,,,,,,,,,,,,,,,,,,,,,,,,,,,,,,,,,,,,UES101L,,,,,,,,,,,,,,,,,,UMA015T,,,,,,,,,,MNK/APC9,,LAB,,,,,,LAB,,,6,12:10 PM
Y,,,,,,,,,,,,,,SAL,,LC1,,SPK,,,,,,,,,,,,,,,,,,,,,,,,,,,,,,,,APC-5,,E311,LC17,,,,,T303,MKS,,,SNL,,ROK,,,,,,,,,,,,,,,,,,,,,,,,,,,,,,,,,,,,,,LP105,,,,,,,,,PTK,,,,,,,,,E301,,,DG,,,,,,,,,LC34,,,,,,LC8,,Y,,
,7,,1:00 PM,,,,,,,,,,,,,,,,,UMA023L,,,,,,,,,,,,,,,,,,,,,,,,,,,,,,,,,,,,,,,,,,,,,,,,,,,,,,,,,,,,,,UES101L,,,,,,,,,,,,,,,,,,,,,,,,,,,,,,UES101L,,,,,,,,,,,,,,UCT101T,,,,,,,,,,,,,,,7,1:00 PM
,,,,,,,,,,,,,,,,,,,,LT103,,,,,,,,,,,,,,,SSB,,,,,,,,,,,,,,,,,,,,,,,,,,,,,,,,,,,,,,,,,,,,,,,LP104,,,,,,,,,SCS,,,,,,,,,,,,,,,,,,,,,T105,,,,,,,TRN,,,,,,,E106,SMA,,,,,,,,,,,,,,,
,8,,1:50 PM,,,,,,,,,,,,,,,,,UES102L,,,,,,,,,,,,,,,,UHU003P,,UHU003P,,UHU003P,,UHU003P,,UMA023T,,UPH013P,,UPH013T,,,,UES101P,,UES101P,,UES101P,,,,,,,,,,,,,,,,,,,,,,,,,,UHU003L,,,,,,,,,,UES102P,,,,,,,,,,,,,,,,,,,,UMA005/UMA022L,,,,,,,,,,,,UHU011L,,,,,,,,UES101P,,UPH013P,,UPH013P,,,,,8,1:50 PM
,,,,,,,,,,,,,,,,,,,,LT103,,,,,,,,,,,,,,,VJ,B109,,G317,,B223,,C309,,E312,TA10,G312,,T303,LC27,,,CAD-1(D112),,CAD-2(D102),,CAD-3(D101),,,,,,,,,,,,,,,,,,,,,,,,,,LP104,,,,,,,,,NSD,W/SHOP,,,,,,,,,,,,,,,,,,,,T105/LP101,,,,,,,SPNP/MUK,,,,,E108,,,,,PA,,,CED CAD(CD119),,LAB,,G310,,,,,,
,9,,2:40 PM,,,,,,,,,,,,,,,,,UPH013L,,,,,,,,,,,,,,,,LAB,,LAB,,LAB,,LAB,,,,LAB-1,,UMA023T,,,,LAB,,LAB,,LAB,,,,,,UES101L,,,,,,,,,,,,,,,,,,,,,,,,,,,,,,SAT,,,,,,,,,,,,,,,,,,,,UBT008L,,,,,,,,UBMXXXL,,,,UEE002L,,,,,,UMA023T,,LAB,,G325,,LAB,,,,,9,2:40 PM
,,,,,,,,,,,,,,,,,,,,LT103,,,,,,,,,,,,,,,MJS,LC13,,LC6,,LC8,,LC-3,,,,LC11,,E312,TA10,,,SKS,,MND,,PWS,,,,,,LP104,,,,,,,,,SNL,,,,,,,,,,,,,,,,,,,,,,,,,,,,,,,,,,,,,,,,,T105,,,,,,,JM,E301,,,NF-1,E108,,,,,SUM,T303,SNA,MNK/APC12,,LC26,,LC35,,,,,,
,10,,3:30 PM,UES101P,,UES101P,,UPH013T,,,,,,,,,,,,UES101T,,UPH013T,,,,,,,,,,,,,,UHU003L,,,,,,,,,,,,,,,,,,,,,,,,,,UMA023L,,,,,,,,,,,,,,,,,,,,,,UES101P,,,,,,,,UPH013P,,UPH013P,,UHU003P,,UHU003P,,UHU003P,,UES101T,,,,,,,,UES101T,,UPH013P,,UES101P,,UES101T,,UPH013T,,UHU003P,,,,UCT104P,,,,,,UPH013L,,,,,,,,,,,10,3:30 PM
,,,,CAD-1(D112),,CAD-2(D102),,T302,LC27,,,,,,,,,,,F311,,E312,LC42,,,,,,,,,,,,,LT103,,,,,,,,,,,,,,,PA,,,,,,,,,,,LP104,,,,,,,,,AKP,,,,,,,,,,,,,CAD-3(D101),,,,,,,,G310,,G325,,B109,,G317,,B223,,F310,,,,,,,,F312,,G312,,CED CAD(CD119),,F313,,T303,LC31,C309,,,,ES-1(L401),,,,,,LP101,,,,,,,,,SAK,,,
,11,,4:20 PM,LAB,,LAB,,,,,,,,,,,,,,SBH,,,,,,,,,,,,,,,,UES102L,,,,,,,,,,,,,,,,,,,,,,,,,,UES102L,,,,,,,,,,UMA023L,,,,,,,,,,,,LAB,,,,,,,,LAB-2,,LAB-3,,LAB,,LAB,,LAB,,PTK/APC4,,,,,,,,APC7,,LAB-1,,LAB,,APC1,,,,LAB,,,,LAB,,,,,,UMA023L,,,,,,,,,,,11,4:20 PM
,,,,PWS,,AMT,,,,,,,,,,,,,,,,,,,,,,,,,,,,,,LT103,,,,,,,,,,,,,,,PCY,,,,,,,,,,,LP104,,,,,,,,,VG,LT102,,,,,,,,,SYV,,,HJS,,,,,,,,DPS,,LC21,,LC5,,SHS,,LC13,,,,,,,,,,,,PUL,,TRN/APC10,,,,,,LC14,,,,RKU,,,,,,LT102,,,,,,,,,SYV,,,
,12,,5:10 PM,,,,,,,,,,,,,,,,,,,,,,,,,,,,,,,,,,,,,,,,,,,,,,,,,,,,,,,,,,,,,,,,,,,,,,,,,,,,,,,,,,,,,,,,,,,,,,,,,,,,,,,,,,,,,,,,,,,,,,,,,,,,,,,,,,,,,,,,,,12,5:10 PM
,,,,,,,,,,,,,,,,,,,,,,,,,,,,,,,,,,,,,,,,,,,,,,,,,,,,,,,,,,,,,,,,,,,,,,,,,,,,,,,,,,,,,,,,,,,,,,,,,,,,,,,,,,,,,,,,,,,,,,,,,,,,,,,,,,,,,,,,,,,,,,
,13,,6:00 PM,,,,,,,,,,,,,,,,,,,,,,,,,,,,,,,,,,,,,,,,,,,,,,,,,,,,,,,,,,,,,,,,,,,,,,,,,,,,,,,,,,,,,,,,,,,,,,,,,,,,,,,,,,,,,,,,,,,,,,,,,,,,,,,,,,,,,,,,,,13,6:00 PM
,,,,,,,,,,,,,,,,,,,,,,,,,,,,,,,,,,,,,,,,,,,,,,,,,,,,,,,,,,,,,,,,,,,,,,,,,,,,,,,,,,,,,,,,,,,,,,,,,,,,,,,,,,,,,,,,,,,,,,,,,,,,,,,,,,,,,,,,,,,,,,
,14,,6:50 PM,,,,,,,,,,,,,,,,,,,,,,,,,,,,,,,,,,,,,,,,,,,,,,,,,,,,,,,,,,,,,,,,,,,,,,,,,,,,,,,,,,,,,,,,,,,,,,,,,,,,,,,,,,,,,,,,,,,,,,,,,,,,,,,,,,,,,,,,,,14,6:50 PM
,,,,,,,,,,,,,,,,,,,,,,,,,,,,,,,,,,,,,,,,,,,,,,,,,,,,,,,,,,,,,,,,,,,,,,,,,,,,,,,,,,,,,,,,,,,,,,,,,,,,,,,,,,,,,,,,,,,,,,,,,,,,,,,,,,,,,,,,,,,,,,
,1,,8:00 AM,,,,,,,,,,,,,,,,,UPH013P,,UPH013P,,UES101T,,,,UMA023T,,,,,,,,UPH013L,,,,,,,,,,,,,,,,,,UMA023T,,UPH013T,,UES101P,,,,UPH013L,,,,,,,,,,UES102P,,,,,,,,,,UHU003P,,,,UHU003P,,UHU003P,,,,,,UES101P,,,,UES101T,,,,UHU003L,,,,,,,,,,UES101T,,,,UPH013P,,,,,,,,,,,,,, ,,,,,,UES101T,,,,,1,8:00 AM
T,,,,,,,,,,,,,,,,,,,,G312,,G310,,F311,,,,E313,TA6,,,,,,,LT103,,,,,,,,,,,,,,,DKS,,,E312,TA7,E311,LC24,CAD-1(D112),,,,LP104,,,,,,,,,RKK,W/SHOP,,,,,,,,,,B109,,,,B223,,C309,,,,,,CED CAD(CD 119),,,,F310,,,,LP105,,,,,,,,,KBJ,F312,,,,G325,,,,,,,,,,,,,,,,,,,,F313,,,,T,,
,2,,8:50 AM,,,,,,,,,,,UPH013T,,,,,,LAB-1,,LAB-2,,MND,,,,UPH013T,,UPH013T,,,,,,UMA023L,,,,,,,,,,,,,,,,,,,,UMA023T,,LAB,,,,UHU003L,,,,,,,,,,AG,,,,,,,,,,LAB,,,,LAB,,LAB,,,,,,LAB,,,,APC-5,,,,UES102L,,,,,,,,,,AMR,,,,LAB-3,,,,,,,,UPH014L,,,,,,UPH013T,,UPH013T,,,,RF2,,,,,2,8:50 AM
U,,,,,,,,,,,,,,T302,LC26,,,,,LC23,,LC12,,,,,,E312,LC9,E311,LC19,,,,,LT103,,,,,,,,,,,,,,,SNA,,,,,T303,TA6,PWS,,,,LP104,,,,,,,,,DKS,,,,,,,,,,,LC4,,,,LC9,,LC7,,,,,,SBJ,,,,,,,,LP105,,,,,,,,,APS,,,,,LC17,,,,,,,,E108,,,,,RKU,E301,LC1,E306,LC22,,,,,,,U,,
,3,,9:40 AM,UHU003P,,UHU003P,,UHU003P,,UHU003P,,UPH013P,,UES102P,,,,,,,,,,UPH013P,,,,UES101T,,UPH013P,,UES101P,,UMA023T,,UES101L,,,,,,,,,,,,,,,,,,UES101T,,,,,,,,,,,,UES101T,,,,,,,,UES101P,,UES101P,,UPH013T,,,,UPH013T,,,,UMA023T,,,,UMA023T,,UES101P,,,,,,,,UES101T,,UPH013L,,,,,,,,,,UBT008L,,,,,,,,,,,,UCT101L,,,,,,UES101L,,,,,,,,,,,3,9:40 AM
E,,,,B109,,G317,,B223,,C309,,G310,,W/SHOP,,,,,,,,,,G312,,,,F312,,G325,,CAD3,,T303,TA7,LT103,,,,,,,,,,,,,,,MNP,,,F311,,,,,,,,,,,,F310,,,,,,,,CAD-1(D112),,MED/CAD(D102),,E301,SDT,,,E306,LC1,,,E312,TA28,,,F210,SKS,CED CAD(CD 119),,,,,,,,F313,,LP105,,,,,,,,,BNC,T105,,,,,,,JM,,,,,E108,,,,,SMA,LP104,,,,,,,,,MNK,E,,
,4,,10:30 AM,LAB,,LAB,,LAB,,LAB,,LAB-2,,ANK,,,,,,,,,,LAB-1,,,,MNR,,LAB-3,,LAB,,,,UES102L,,,,,,,,,,,,,,,,,,SKS,,,,,,,,,,,,SNL,,,,,,,,LAB,,LAB-2,,UMA023T,,,,UMA023T,,,,UPH013T,,,,UPH013T,,LAB,,,,,,,,AMR,,UMA023L,,,,,,,,,,UPH013L,,,,,,,,UBMXXXL,,,,UCT104,,,,,,,,,,,,,,,,,4,10:30 AM
S,,,,EF,,SAL,,LC1,,LC2,,LC31,,,,,,,,,,,,LC15,,,,,,LC19,,RKY,,,,LT103,,,,,,,,,,,,,,,PCY,,,,,,,,,,,,,,,,,,,,,,,MND,,AMT,,T303,TA38,,,E312,JAT,,,E306,LC35,,,F210,LC22,VVK/APC-4,,,,,,,,,,LP105,,,,,,,,,SNA,T105,,,,,,,TKR,E301,,,NF-1,E108,,,,,RKU,,,,,,,,,,,S,,
,5,,11:20 AM,UES101T,,UES101T,,,,UPH013P,,UES101P,,UPH013P,,UES101P,,UES101P,,UMA023L,,,,,,,,,,,,,,,,,,,,UES101P,,,,,,,,UPH013P,,UMA023T,,,,,,,,,,,,UES102P,,,,,,,,,,,,,,,,,,,,UMA023L,,,,,,,,,,,,,,,,,,,,,,,,,,,,,,UMA005/UMA022L,,,,,,,,UMA015L,,,,UCT102L,,,,,,,,,,UMA023T,,UHU003P,,UES101T,,,5,11:20 AM
D,,,,F311,,F312,,,,G312,,CAD-1(D112),,G310,,CAD-2(D102),,CAD-3(D101),,LT103,,,,,,,,,,,,,,,SSB,,,,,CED CAD,,,,,,,,G325,,T303,TA38,,,,,,,,,,,WORK/SHOP,,,,,,,,,,,,,,,,,,,,LP104,,,,,,,,,JAT, ,,,,,,,,,,,,,,,,,,,,T105/LP101,,,,,,,SPNP/MUK,E301,,,DG,E108,,,,,RJK,,,,,E312,TA36,B109,,F310,,D,,
,6,,12:10 PM,PWS,,AMT,,,,LAB,,LAB,,LAB-2,,LAB,,LAB,,UES101L,,,,,,,,,,,,,,,,,,,,LAB (CD119),,,,,,,,LAB-3,,UPH013T,,,,,,,,,,,,VG,,,,,,,,,,,,,,,,,,,,UPH013L,,,,,,,,,,,,,,,,,,,,,,,,,,,,,,UMA022T,,,,,,,,UBM001L,,,,,,,,,,,,,,,,LAB,,APC8,,,6,12:10 PM
A,,,,,,,,,,DPS,,RKY,,MJS,,AVS,,DS,,LT103,,,,,,,,,,,,,,,SBH,,,,,SBJ,,,,,,,,LC16,,T303,LC29,,,,,,,,,,,,,,,,,,,,,,,,,,,,,,,LP104,,,,,,,,,PPS,,,,,,,,,,,,,,,,,,,,,T105,,,,,,,TA23,E108,,,DBD,,,,,,,,,,,,,PA,,,,A,,
,7,,1:00 PM,,,,,,,,,,,,,,,,,,,,,,,,,,,,,,,,,,,,,,,,,,,,,,,,,UHU003L,,,,,,,,,,,,,,,,,,,,,,,,,,,,,,,,,,,,,,,,,,,,,,,,,,,,,,,,,,,,,,,,,,,,,,,,,,,,,,,,,,,,,,,,,7,1:00 PM
Y,,,,,,,,,,,,,,,,,,,,,,,,,,,,,,,,,,,,,,,,,,,,,,,,,,,,LP104,,,,,,,,,SPK,,,,,,,,,,,,,,,,,,,,,,,,,,,,,,,,,,,,,,,,,,,,,,,,,,,,,,,,,,,,,,,,,,,,,,,,,,,,,,,Y,,
,8,,1:50 PM,,,,,,,,,,,,,,,,,,,,,,,,,,,,,,,,,,,UES101P,,,,,,,,,,,,,,UMA023L,,,,,,,,,,,,,,,,,,,,UHU003L,,,,,,,,,,,,,,,,,,,,UMA023T,,,,UPH013P,,UPH013P,,,,UMA023T,,,,,,,,,,,,,,,,,,UPH010 P,,,,UHU011P,,,,,,UHU003P,,UHU003P,,,,,,,,,8,1:50 PM
,,,,,,,,,,,,,,,,,,,,,,,,,,,,,,,,,,,,,,CED CAD,,,,,,,,,,,,,,LP104,,,,,,,,,SYV,,,,,,,,,,,LP105,,,,,,,,,SAL,,,,,,,,,,,T303,TA29,,,G312,,G310,,,,E312,TA30,,,,,,,,,,,,,,,,,G325,,,,C309,,,,,,G317,,B223,,,,,,,,,,
,9,,2:40 PM,,,,,,,,,,,,,,,,,,,,,,,,,,,,,,,UPH013T,,,,LAB (CD119),,,,,,,,,,,,,,UES101L,,,,,,,,,,,,,,,,,,,,UES101L,,,,,,,,,,,,,,,,,,,,UPH013T,,,,LAB-1,,LAB-2,,,,UPH013T,,,,,,,,,,,,,,,,,,LAB-3,,,,LAB,,,,,,LAB,,LAB,,,,,,,,,9,2:40 PM
,,,,,,,,,,,,,,,,,,,,,,,,,,,,,,,,,,T303,LC42,,,APC7,,,,,,,,,,,,,,LP104,,,,,,,,,SKS,,,,,,,,,,,LP105,,,,,,,,,NK,,,,,,,,,,,E306,LC9,,,LC17,,LC19,,,,E301,LC14,,,,,,,,,,,,,,,,,LC1,,,,PA,,,,,,LC14,,LC11,,,,,,,,,,
,10,,3:30 PM,UPH013L,,,,,,,,,,,,,,,,,,,,,,,,,,,,UMA023T,,UES101T,,UES101P,,UMA023T,,,,UES101T,,,,,,,,,,UPH013P,,UPH013P,,UPH013P,,,,,,,,,,,,,,,,UMA023L,,,,,,,,,,UES101P,,UHU003P,,,,,,,,UPH013L,,,,,,,,,,,,UHU003P,,UHU003P,,UES101T,,UHU003P,,,,,,,,,,UPH015L,,,,UEE002P,,UCT104P,,,,UMA023L,,,,,,,,,,,10,3:30 PM
,,,,LT103,,,,,,,,,,,,,,,DPS,,,,,,,,,,,,,T303,TA9,F312,,CED CAD,,E312,TA33,,,F311,,,,,,,,,,G312,,G310,,G325,,,,,,,,,,,,,,,,LT101,,,,,,,,,SYV,MED CAD(D101),,C309,,,,,,,,LP105,,,,,,,,,TKR,,,B109,,G317,,F310,,B223,,,,,,,,,,E314,,,SOM,H221,,HPC(312),,,,LT101,,,,,,,,,SYV,,,
,11,,4:20 PM,UHU003L,,,,,,,,,,,,,,,,,,,,,,,,,,,,UPH013T,,SBH,,LAB (CD119),,,,UMA023T,,LAB,,,,,,,,,,LAB-1,,LAB-2,,LAB-3,,,,,,,,,,,,,,,,,,,,,,,,,,LAB-3,,LAB,,,,,,,,UMA023L,,,,,,,,,,,,LAB,,LAB,,RSF2,,LAB,,,,,,,,,,,,,,LAB,,LAB,,,,,,,,,,,,,,,11,4:20 PM
,,,,LT103,,,,,,,,,,,,,,,DKS,,,,,,,,,,,,,T303,MJS,,,MNP/APC-4,,,,E312,TA33,DAS,,,,,,,,,,ALU,,SAK,,DKS,,,,,,,,,,,,,,,,,,,,,,,,,,SCS,,LC12,,,,,,,,LP105,,,,,,,,,SKS,,,LC6,,SAL,,,,LC9,,,,,,,,,,,,,,SUM,,RKU,,,,,,,,,,,,,,,,
,12,,5:10 PM,,,,,,,,,,,,,,,,,,,,,,,,,,,,,,,,,,,,,,,,,,,,,,,,,,,,,,,,,,,,,,,,,,,,,,,,,,,,,,,,,,,,,,,,,,,,,,,,,,,,,,,,,,,,,,,,,,,,,,,,,,,,,,,,,,,,,,,,,,12,5:10 PM
,,,,,,,,,,,,,,,,,,,,,,,,,,,,,,,,,,,,,,,,,,,,,,,,,,,,,,,,,,,,,,,,,,,,,,,,,,,,,,,,,,,,,,,,,,,,,,,,,,,,,,,,,,,,,,,,,,,,,,,,,,,,,,,,,,,,,,,,,,,,,,
,13,,6:00 PM,,,,,,,,,,,,,,,,,,,,,,,,,,,,,,,,,,,,,,,,,,,,,,,,,,,,,,,,,,,,,,,,,,,,,,,,,,,,,,,,,,,,,,,,,,,,,,,,,,,,,,,,,,,,,,,,,,,,,,,,,,,,,,,,,,,,,,,,,,13,6:00 PM
,,,,,,,,,,,,,,,,,,,,,,,,,,,,,,,,,,,,,,,,,,,,,,,,,,,,,,,,,,,,,,,,,,,,,,,,,,,,,,,,,,,,,,,,,,,,,,,,,,,,,,,,,,,,,,,,,,,,,,,,,,,,,,,,,,,,,,,,,,,,,,
,14,,6:50 PM,,,,,,,,,,,,,,,,,,,,,,,,,,,,,,,,,,,,,,,,,,,,,,,,,,,,,,,,,,,,,,,,,,,,,,,,,,,,,,,,,,,,,,,,,,,,,,,,,,,,,,,,,,,,,,,,,,,,,,,,,,,,,,,,,,,,,,,,,,14,6:50 PM
,,,,,,,,,,,,,,,,,,,,,,,,,,,,,,,,,,,,,,,,,,,,,,,,,,,,,,,,,,,,,,,,,,,,,,,,,,,,,,,,,,,,,,,,,,,,,,,,,,,,,,,,,,,,,,,,,,,,,,,,,,,,,,,,,,,,,,,,,,,,,,
,1,,8:00 AM,,,,,,,UES101T,,UMA023T,,,,,,,,,,,,,,,,,,,,,,,,,,UPH013P,,,,,,,,UPH013T,,,,,,,,,,,,,,,,,,,,UES101P,,,,UHU003P,,,,,,,,,,,,,,,,UES101T,,UES101T,,,,UES102L,,,,,,,,,,,,,,,,,,,,UES101P,,UMA005T,,,,UPH013P,,,,,,,,,,,,,,,,,,,,,,,1,8:00 AM
W,,,,,,,,,,F311,,T302,TA3,,,,,,,,,,,,,,,,,,,,,,,,,G312,,,,,,,,E311,LC32,,,,,,,,,,,,,,,,,,,CAD-1(D112),,,,G317,,,,,,,,,,,,,,,,F312,,F310,,,,LP105,,,,,,,,,NF,,,,,,,,,,,CED CAD (CD119),,T303,TA5,,,G325,,,,,,,,,,,,,,,,,,,,,,W,,
,2,,8:50 AM,,,,,,,NDS,,UPH013T,,,,UPH013T,,,,UHU003L,,,,,,,,,,,,,,,,,,LAB-1,,,,,,,,UMA023T,,,,,,,,,,,,,,,,,,,,LAB,,,,LAB,,,,,,,,,,,,,,UMA023T,,RBD,,AVS,,,,UPH013L,,,,,,,,,,,,,,,,,,,,LAB,,UPH013T,,,,LAB-3,,UPH015L,,,,UPH014L,,,,,,,,,,,,,,,,,2,8:50 AM
E,,,,,,,,,,,,T302,LC13,,,E311.,LC11,,,LT103,,,,,,,,,,,,,,,SAL,,,LC31,,,,,,,,E312,TA3,,,,,,,,,,,,,,,,,,,SNL,,,,LC14,,,,,,,,,,,,,,T303,TA29,,,,,,,LP105,,,,,,,,,TKR,,,,,,,,,,,AMR,,E306,LC38,,,LC1,,E301,,,SOM,E108,,,,,RKU,,,,,,,,,,,E,,
,3,,9:40 AM,,,,,UES101T,,UMA023T,,,,UES101P,,UES101T,,,,UES101L,,,,,,,,,,,,,,,,,,,,,,UES101P,,,,,,,,,,,,,,,,,,,,UHU003P,,UHU003P,,UHU003P,,UHU003P,,UPH013P,,UES102L,,,,,,,,,,,,UES101T,,UPH013P,,UPH013P,,,,,,,,,,,,,,UES102P,,,,,,,,,,UHU003L,,,,,,,,UHU003L,,,,UEE002L,,,,,,UES102L,,,,,,,,,,,3,9:40 AM
D,,,,,,,,F311,,T303,JAT,,,CAD-1(D112),,F312,,,,LT103,,,,,,,,,,,,,,,SBH,,,,,,,CED CAD,,,,,,,,,,,,,,,,,,,,B109,,G317,,B223,,C309,,G312,,LP104,,,,,,,,,VS,,,F310,,G325,,G310,,,,,,,,,,,,,,W/SHOP,,,,,,,,,,T105,,,,,,,EF,E301,,,KBJ,E108,,,,,SUM,LP105,,,,,,,,,DG,D,,
,4,,10:30 AM,,,,,RKY,,UPH013T,,,,LAB,,AVS,,,,UPH013L,,,,,,,,,,,,,,,,,,,,,,LAB (CD119),,,,,,,,,,,,,,,,,,,,LAB,,LAB,,LAB,,LAB,,LAB-1,,UES101L,,,,,,,,,,,,SCS,,LAB-3,,LAB-2,,,,,,UPH013T,,,,,,,,APS,,,,,,,,,,UPH013L,,,,,,,,UBM001L,,,,UCT104L,,,,,,UHU003L,,,,,,,,,,,4,10:30 AM
N,,,,,,,,,,T303,DPS,,,PWS,,,,,,LT103,,,,,,,,,,,,,,,MJS,,,,,,,DAS,,,,,,,,,,,,,,,,,,,,SHS,,PA,,LC3,,NSD,,LC10,,LP104,,,,,,,,,NK,,,,,LC14,,LC16,,,,,,E101,LC8,,,,,,,,,,,,,,,,,T105,,,,,,,TKR,E103,,,DBD,E108,,,,,RKU,LP105,,,,,,,,,GK,N,,
,5,,11:20 AM,,,,,,,,,,,UMA023T,,,,,,UES101P,,UES101T,,UHU003P,,UHU003P,,UHU003P,,UHU003P,,UPH013P,,UPH013P,,,,,,,,,,,,,,,,,,,,,,UES101T,,,,,,UMA023L,,,,,,,,,,,,,,UMA023T,,,,UES101P,,UPH013L,,,,,,,,,,,,,,,,,,,,,,,,,,,,,,UES101L,,,,,,,,,,,,,,UPH014P,,UCT104P,,UES101P,,UMA023T,,,,UPH013T,,UPH013T,,,5,11:20 AM
E,,,,,,,,,,,,,,T303,TA10,,,,,CAD-1(D112),,F311,,B109,,G317,,B223,,C309,,G312,,G310,,,,,,,,,,,,,,,,,,,,,,E108,,,,,,LP104,,,,,,,,,AKP,,,,,T101,JAT,,,CAD-2(D102),,LP105,,,,,,,,,PPS,,,,,,,,,,,,,,,,,,,,,T105,,,,,,,TRN,,,,,,,G325,,PL-3(L010),,CED CAD(CD119),,E308,TA36,,,E306,LC8,E301,LC11,E,,
,6,,12:10 PM,,,,,,,,,,,.,,UMA023T,,,,LAB,,LAB,,LAB,,LAB,,LAB,,LAB,,LAB-1,,LAB-2,,,,,,,,,,,,,,,,,,,,,,PWS,,,,,,UPH013L,,,,,,,,,,,,,,,,,,LAB,,UES102L,,,,,,,,,,,,,,,,,,,,,,,,,,,,,,,,,,,,,,UMA015L,,,,UPH014T,,LAB-3,,LAB,,LAB,,UPH013T,,,,,,,,,6,12:10 PM
S,,,,,,,,,,,,,,,,T303,TA10,,,SBH,,GDS,,EF,,SAL,,KBJ,,LC2,,RKR,,LC1,,,,,,,,,,,,,,,,,,,,,,,,,,,,LP104,,,,,,,,,RKK,,,,,,,,,NK,,LP105,,,,,,,,,PKC,,,,,,,,,,,,,,,,,,,,,,,,,,,,,E301,,,DG,E306,LC39,RKU,,RKU,,MNK/APC9,,E312,,,,,,,,S,,
,7,,1:00 PM,,,,,,,,,,,,,,,,,,,,,,,,,,,,,,,,,UHU003L,,,,,,,,,,,,,,,,,,,,,,,,,,,,,,,,,,,,,,,,,,,,,,,,,,,,,,,,UES101L,,,,,,,,,,,,,,,,,,,,,,,,,,,,,,,,,,,,,,,,,,,,,,,,,7,1:00 PM
D,,,,,,,,,,,,,,,,,,,,,,,,,,,,,,,,,,,,LT103,,,,,,,,,,,,,,,PA,,,,,,,,,,,,,,,,,,,,,,,,,,,,,,,,,,,,,,,,,LP105,,,,,,,,,VVK,,,,,,,,,,,,,,,,,,,,,,,,,,,,,,,,,,,,,,,D,,
,8,,1:50 PM,,,,,,,,,,,,,,,,,,,,,UES101P,,,,,,UES101T,,,,,,UMA023L,,,,,,,,,,,,,,,,,,,,,,UPH013P,,UPH013P,,,,,,,,UES101P,,,,,,,,,,UPH013P,,,,UES102P,,,,,,,,,,UMA023L,,,,,,,,,,,,UMA023T,,UES101T,,,,,,,,,,UES101P,,,,,,,,,,,,,,,,,,UHU003P,,,,,,,8,1:50 PM
A,,,,,,,,,,,,,,,,,,,,,,,,CAD-2(D102),,,,,,F312,,,,,,LT103,,,,,,,,,,,,,,,LAW,,,,,,,G325,,G310,,,,,,,,CAD-3(D102),,,,,,,,,,G312,,,,W/SHOP,,,,,,,,,,LP105,,,,,,,,,SKS,,,E312,TA31,F310,,,,,,,,,,CED CAD (CD119),,,,,,,,,,,,,,,,,,C309,,,,,,A,,
,9,,2:40 PM,,,,,,,,,,,,,,,,,,,,,LAB,,,,,,RKY,,,,,,UPH013L,,,,,,,,,,,,,,,,,,UPH013T,,,,LAB-3,,LAB-2,,,,,,,,LAB,,,,,,,,UPH013T,,LAB,,,,VS,,,,,,,,,,UHU003L,,,,,,,,,,,,UPH013T,,APC2,,,,,,,,,,LAB,,,,,,,,,,,,,,,,,,LAB,,UMA023T,,,,,9,2:40 PM
Y,,,,,,,,,,,,,,,,,,,,,,,,RBD,,,,,,,,,,,,LT103,,,,,,,,,,,,,,,DKS,,,T303,LC23,,,LC11,,LC13,,,,,,,,ROK,,,,,,,,E301,LC10,LC8,,,,,,,,,,,,,,LP105,,,,,,,,,EF,,,E306,LC16,,,,,,,,,,,APC1,,,,,,,,,,,,,,,,,,LC14,,E312,TA36,,,Y,,
,10,,3:30 PM,,,,,,,,,,,,,,,,,,,,,UMA023T,,UPH013T,,,,UES101P,,UHU003P,,UES102P,,,,,,,,,,UHU003P,,UHU003P,,UHU003P,,UPH013P,,UPH013L,,,,,,,,,,,,,,,,UES101T,,,,UPH013P,,UES101T,,UES101T,,,,UPH013P,,,,,,,,,,,,,,UMA023T,,UES101T,,,,,,UES102L,,,,,,,,,,,,,,,,,,,,,,,,,,,,,,UES101T,,,,UES101P,,,,,10,3:30 PM
,,,,,,,,,,,,,,,,,,,,,,,,E312,AKP,E313,LC10,,,CAD-3(D101),,G317,,W/SHOP,,,,,,,,,,B109,,B223,,C309,,G312,,LP104,,,,,,,,,MKS,,,,,,,F310,,,,G325,,F312,,F311,,,,G325,,,,,,,,,,,,,,T303,SNA,F313,,,,,,LP105,,,,,,,,,APS,,,,,,,,,,,,,,,,,,,,,F306,,,,CED CAD(CD119),,,,,,
,11,,4:20 PM,,,,,,,,,,,,,,,,,,,,,UPH013T,,UMA023T,,,,LAB,,LAB,,PCY,,,,,,,,,,LAB,,LAB,,LAB,,LAB-1,,UHU003L,,,,,,,,,,,,,,,,LAB,,,,LAB-3,,MND,,AMT,,,,LA2,,,,,,,,,,,,,,,,APC-1,,,,,,UPH013L,,,,,,,,,,,,,,,,,,,,,,,,,,,,,,MNK/APC12,,,,LAB,,,,,11,4:20 PM
,,,,,,,,,,,,,,,,,,,,,,,,E312,TA14,E313,TA10,,,RBD,,KBJ,,,,,,,,,,,,DKS,,LC13,,LC-1,,MJS,,LP104,,,,,,,,,SPK,,,,,,,ROK,,,,PPS,,,,,,,,SDT,,,,,,,,,,,,,,,,,,,,,,LP105,,,,,,,,,BNC,,,,,,,,,,,,,,,,,,,,,,,,,RF2,,,,,,
,12,,5:10 PM,,,,,,,,,,,,,,,,,,,,,,,,,,,,,,,,,,,,,,,,,,,,,,,,,,,,,,,,,,,,,,,,,,,,,,,,,,,,,,,,,,,,,,,,,,,,,,,,,,,,,,,,,,,,,,,,,,,,,,,,,,,,,,,,,,,,,,,,,,12,5:10 PM
,,,,,,,,,,,,,,,,,,,,,,,,,,,,,,,,,,,,,,,,,,,,,,,,,,,,,,,,,,,,,,,,,,,,,,,,,,,,,,,,,,,,,,,,,,,,,,,,,,,,,,,,,,,,,,,,,,,,,,,,,,,,,,,,,,,,,,,,,,,,,,
,13,,6:00 PM,,,,,,,,,,,,,,,,,,,,,,,,,,,,,,,,,,,,,,,,,,,,,,,,,,,,,,,,,,,,,,,,,,,,,,,,,,,,,,,,,,,,,,,,,,,,,,,,,,,,,,,,,,,,,,,,,,,,,,,,,,,,,,,,,,,,,,,,,,13,6:00 PM
,,,,,,,,,,,,,,,,,,,,,,,,,,,,,,,,,,,,,,,,,,,,,,,,,,,,,,,,,,,,,,,,,,,,,,,,,,,,,,,,,,,,,,,,,,,,,,,,,,,,,,,,,,,,,,,,,,,,,,,,,,,,,,,,,,,,,,,,,,,,,,
,14,,6:50 PM,,,,,,,,,,,,,,,,,,,,,,,,,,,,,,,,,,,,,,,,,,,,,,,,,,,,,,,,,,,,,,,,,,,,,,,,,,,,,,,,,,,,,,,,,,,,,,,,,,,,,,,,,,,,,,,,,,,,,,,,,,,,,,,,,,,,,,,,,,14,6:50 PM
,,,,,,,,,,,,,,,,,,,,,,,,,,,,,,,,,,,,,,,,,,,,,,,,,,,,,,,,,,,,,,,,,,,,,,,,,,,,,,,,,,,,,,,,,,,,,,,,,,,,,,,,,,,,,,,,,,,,,,,,,,,,,,,,,,,,,,,,,,,,,,
,1,,8:00 AM,,,,,,,,,,,,,,,,,,,,,,,UES101T,,,,,,,,,,UMA023L,,,,,,,,,,,,,,,,UHU003P,,UHU003P,,UHU003P,,UHU003P,,UES101P,,,,,,,,UPH013T,,,,,,,,,,,,,,UES101L,,,,,,,,,,,,,,,,UES101P,,UPH013T,,,,,,,,UPH013P,,UPH013P,,,,UES101T,,,,UMA005T,,,,,,,,UHU011P,,,,UPH013P,,,,,,,,UES101P,,,1,8:00 AM
T,,,,,,,,,,,,,,,,,,,,,,,,,,F311,,,,,,,,,,LT103,,,,,,,,,,,,,,,LAW,B109,,G317,,B223,,C309,,CAD-1(D112),,,,,,,,T302,LC19,,,,,,,,,,,,,LP104,,,,,,,,,SCS,,,,,,,CED CAD(CD 119),,T303,LC36,,,,,,,G312,,G310,,,,F312,,,,E306,TA32,,,,,,,E108,,,,G325,,,,,,,,MED CAD(D101),,T,,
,2,,8:50 AM,,,,,,,,,,,,,,,,,,,,,,,RKY,,,,,,,,,,UPH013L,,,,,,,,,,,,,,,,LAB,,LAB,,LAB,,LAB,,LAB,,,,,,,,UMA023T,,UPH013T,,,,,,,,,,,,UPH013L,,,,,,,,,,,,,,,,LAB,,UMA023T,,,,,,,,LAB-1,,LAB-2,,,,TRN/APC10,,,,,,,,,,,,LAB,,,,LAB,,,,,,,,LAB-3,,,2,8:50 AM
H,,,,,,,,,,,,,,,,,,,,,,,,,,,,,,,,,,,,LT103,,,,,,,,,,,,,,,DKS,LC12,,LC2,,LC11,,LC1,,NDS,,,,,,,,T303,TA26,T302,LC36,,,,,,,,,,,LP104,,,,,,,,,PPS,,,,,,,APC-5,,E312,TA30,,,,,,,LC33,,LC13,,,,,,,,,,,,,,,,PA,,,,LC18,,,,,,,,APC8,,H,,
,3,,9:40 AM,,,,,,,,,,,,,,,,,,,,,,,UES101P,,,,,,,,,,UES101L,,,,,,,,,,,,,,,,UES102P,,,,,,,,,,,,UES101T,,,,UPH013P,,UES101T,,UMA023L,,,,,,,,,,UHU003L,,,,,,,,,,,,UES101T,,UPH013T,,UMA023T,,UPH013P,,UES101P,,,,UPH013P,,UHU003P,,,,,,UHU003P,,UHU003P,,UHU003P,,,,,,UEE002L,,,,,,UMA023L,,,,,,,,,,,3,9:40 AM
U,,,,,,,,,,,,,,,,,,,,,,,,,,CAD-1(D112),,,,,,,,,,LT103,,,,,,,,,,,,,,,MNP,W/SHOP,,,,,,,,,,,,F312,,,,G312,,F311,,LT101,,,,,,,,,SYV,LP104,,,,,,,,,NSD,,,F310,,T302,LC20,T303,SNA,G310,,CED CAD(CD 119),,,,G325,,C309,,,,,,B109,,G317,,B223,,,,,,E108,,,,,SUM,LT101,,,,,,,,,SYV,U,,
,4,,10:30 AM,,,,,,,,,,,,,,,,,,,,,,,LAB,,,,,,,,,,,,,,,,UPH013T,,,,,,,,,,RTK,,,,,,,,,,,,ROK,,,,LAB-1,,SNL,,UPH013T,,,,,,,,,,UMA023L,,,,,,,,,,,,SBJ,,UMA023T,,UPH013T,,LAB12,,LAB,,,,LAB-3,,LAB,,,,,,LAB,,LAB,,LAB,,,,,,UCT102L,,,,,,UES102L,,,,,,,,,,,4,10:30 AM
R,,,,,,,,,,,,,,,,,,,,,,,,,,RKY,,,,,,,,,,,,,,,,E312,LC2,,,,,,,,,,,,,,,,,,,,,,,,,LC26,,,,T302,LC18,,,,,,,,,LP104,,,,,,,,,JAT,,,,,T303,SNA,E306,PPS,LC9,,PTK/APC-4,,,,LC35,,LC5,,,,,,KBJ,,LC-4,,LC-7,,,,,,E108,,,,,RJK,LP105,,,,,,,,,DG,R,,
,5,,11:20 AM,,,,,,,,,,,,,,,,,,,,,,,,,,,,,,,,,,,,,,,UMA023T,,UPH013P,,,,,,UES101T,,UES102L,,,,,,,,,,UES102L,,,,,,,,,,UES101P,,,,,,UHU003P,,UHU003P,,UES101T,,UPH013P,,UES101P,,,,UES101T,,,,,,UES101P,,,,,,,,,,,,,,,,UMA005T,,,,,,UES101T,,UMA015L,,,,,,,,UPH014P,,UES102P,,,,,,,,,,,5,11:20 AM
S,,,,,,,,,,,,,,,,,,,,,,,,,,,,,,,,,,,,,,,,,,E310,TA13,G310,,,,,,F312,,LP104,,,,,,,,,RTK,LP105,,,,,,,,,VG,CAD-2(D102),,,,,,B109,,G317,,F311,,G312,,CAD-1(D112),,,,F312,,,,,,CED CAD(CD 119),,,,,,,,,,,,,,,,E306,TA5,,,,,F313,,E301,,,DG,,,,,G325,,W/SHOP,,,,,,,,,,S,,
,6,,12:10 PM,,,,,,,,,,,,,,,,,,,,,,,,,,,,,,,,,,,,,,,,,LAB-2,,,,,,APC5,,UES101L,,,,,,,,,,UPH013L,,,,,,,,,,LAB,,,,,,LAB,,LAB,,SCS,,LAB-1,,LAB,,,,ROK,,,,,,LAB,,,,,,,,,,,,,,,,UPH013T,,,,,,APC3,,,,,,,,,,LAB-3,,LAB,,,,,,,,,,,6,12:10 PM
D,,,,,,,,,,,,,,,,,,,,,,,,,,,,,,,,,,,,,,,,,,,,MJS,,,,,,,,LP104,,,,,,,,,SKS,LP105,,,,,,,,,RKK,ANK,,,,,,DKS,,SAL,,,,LC17,,HJS,,,,,,,,,,APC-1,,,,,,,,,,,,,,,,T302,LC13,,,,,,,,,,,,,,,LC39,,DG,,,,,,,,,,D,,
,7,,1:00 PM,UMA023L,,,,,,,,,,,,,,,,,,,,,,,,,,,,,,,,,,,,,,,,,,,,,,,,,,,,,,,,,,,,,,,,,,,,,,,,,,,,,,,,,,,,,,,,,,,,,,,,,,,,,,,,,,,,,,,,,,,,,,,,,,,,,,UPH013L,,,,,,,,,,,7,1:00 PM
A,,,,LT103,,,,,,,,,,,,,,,JAT,,,,,,,,,,,,,,,,,,,,,,,,,,,,,,,,,,,,,,,,,,,,,,,,,,,,,,,,,,,,,,,,,,,,,,,,,,,,,,,,,,,,,,,,,,,,,,,,,,,,,,,,,,,,,,,LP105,,,,,,,,,SAK,A,,
,8,,1:50 PM,UHU003L,,,,,,,,,,,,,,,,,,,,,,,,UES101P,,,,,,UES101P,,,,,,,,,,,,,,,,,,,,,,,,,,,,,,,,,,,,,,,,UMA023T,,UPH013P,,UES101P,,UES101T,,,,,,,,,,,,,,,,,,,,,,UPH013P,,UPH013P,,UES101P,,,,,,,,,,,,,,UBM001T,,,,,,,,,,,,,,,,,,,,,8,1:50 PM
Y,,,,LT103,,,,,,,,,,,,,,,DKS,,,,,,,,,CAD-2(D102),,,,,,CAD-3(D101),,,,,,,,,,,,,,,,,,,,,,,,,,,,,,,,,,,,,,,,T303,SNA,G310,,CAD-1(D112),,F311,,,,,,,,,,,,,,,,,,,,,,G312,,G325,,CED CAD(CD 119),,,,,,,,,,,,,,E301,,,DBD,,,,,,,,,,,,,,,,,Y,,
,9,,2:40 PM,UES101L,,,,,,,,,,,,,,,,UPH013T,,UMA023T,,,,,,LAB,,,,,,LAB,,,,,,,,,,,,,,,,,,,,,,,,,,,,,,,,,,,,,,UMA023T,,UPH013T,,LAB-2,,LAB,,NK,,,,,,,,,,,,UHU003P,,UHU003P,,,,,,,,LAB-1,,LAB-3,,LAB,,,,,,,,,,,,,,UHU003L,,,,,,UPH014T,,UCT101T,,,,,,,,,,,,,9,2:40 PM
,,,,LT103,,,,,,,,,,,,,,,DS,E311,LC35,T303,TA2,,,,,VK,,,,,,SBH,,,,,,,,,,,,,,,,,,,,,,,,,,,,,,,,,,,,,,E312,TA36,T302,LC13,LC9,,PWS,,,,,,,,,,,,,,B223,,G317,,,,,,,,LC2,,LC24,,APC-2,,,,,,,,,,,,,,E301,,,KBJ,,,E306,RKU,E106,SMA,,,,,,,,,,,,,
,10,,3:30 PM,UPH013P,,UPH013P,,UPH013P,,,,UES101T,,,,,,UES101T,,UPH013L,,,,,,,,,,,,,,,,,,,,,,,,UES101P,,,,UES101T,,,,,,,,,,,,,,,,,,,,,,,,UPH013L,,,,,,,,,,,,,,,,,,,,LAB,,LAB,,,,,,,,UHU003L,,,,,,,,,,,,,,,,,,UPH015T,,,,,,,,UHU011P,,,,,,,,,,,,,10,3:30 PM
,,,,G312,,G310,,G325,,,,F311,,,,,,F312,,LT103,,,,,,,,,,,,,,,MJS,,,,,,,,,CED CAD(CD 119),,,,F310,,,,,,,,,,,,,,,,,,,,,,,,LP104,,,,,,,,,SDT,,,,,,,,,,,EF,,LC8,,,,,,,,LP105,,,,,,,,,KBJ,,,,,,,,,E301,,,SOM,,,,,B109,,,,,,,,,,,,,,
,11,,4:20 PM,LAB,,LAB,,LAB,,,,RKY,,,,,,AMT,,UHU003L,,,,,,,,,,,,,,,,,,,,,,,,LAB,,,,APC7,,,,,,,,,,,,,,,,,,,,,,,,UES102L,,,,,,,,,,,,,,,,,,,,,,,,,,,,,,UES101,,,,,,,,,,,,,,,,,,UBMXXXL,,,,,,,,LAB,,,,,,,,,,,,,11,4:20 PM
,,,,LC20,,DPS,,SOJ,,,,,,,,,,,,LT103,,,,,,,,,,,,,,,SAL,,,,,,,,,APC5,,,,,,,,,,,,,,,,,,,,,,,,,,,,LP104,,,,,,,,,VS,,,,,,,,,,,,,,,,,,,,,LP105,,,,,,,,,PTK,,,,,,,,,E301,,,NF1,,,,,PA,,,,,,,,,,,,,,
,12,,5:10 PM,,,,,,,,,,,,,,,,,,,,,,,,,,,,,,,,,,,,,,,,,,,,,,,,,,,,,,,,,,,,,,,,,,,,,,,,,,,,,,,,,,,,,,,,,,,,,,,,,,,,,,,,,,,,,,,,,,,,,,,,,,,,,,,,,,,,,,,,,,12,5:10 PM
,,,,,,,,,,,,,,,,,,,,,,,,,,,,,,,,,,,,,,,,,,,,,,,,,,,,,,,,,,,,,,,,,,,,,,,,,,,,,,,,,,,,,,,,,,,,,,,,,,,,,,,,,,,,,,,,,,,,,,,,,,,,,,,,,,,,,,,,,,,,,,
,13,,6:00 PM,,,,,,,,,,,,,,,,,,,,,,,,,,,,,,,,,,,,,,,,,,,,,,,,,,,,,,,,,,,,,,,,,,,,,,,,,,,,,,,,,,,,,,,,,,,,,,,,,,,,,,,,,,,,,,,,,,,,,,,,,,,,,,,,,,,,,,,,,,13,6:00 PM
,,,,,,,,,,,,,,,,,,,,,,,,,,,,,,,,,,,,,,,,,,,,,,,,,,,,,,,,,,,,,,,,,,,,,,,,,,,,,,,,,,,,,,,,,,,,,,,,,,,,,,,,,,,,,,,,,,,,,,,,,,,,,,,,,,,,,,,,,,,,,,
,14,,6:50 PM,,,,,,,,,,,,,,,,,,,,,,,,,,,,,,,,,,,,,,,,,,,,,,,,,,,,,,,,,,,,,,,,,,,,,,,,,,,,,,,,,,,,,,,,,,,,,,,,,,,,,,,,,,,,,,,,,,,,,,,,,,,,,,,,,,,,,,,,,,14,6:50 PM
,,,,,,,,,,,,,,,,,,,,,,,,,,,,,,,,,,,,,,,,,,,,,,,,,,,,,,,,,,,,,,,,,,,,,,,,,,,,,,,,,,,,,,,,,,,,,,,,,,,,,,,,,,,,,,,,,,,,,,,,,,,,,,,,,,,,,,,,,,,,,,
,1,,8:00 AM,UES102L,,,,,,,,,,,,,,,,UMA023T,,UES101P,,,,UPH013P,,UPH013P,,,,UES101T,,,,UPH013P,,,,,,,,UES102P,,,,,,,,UPH013L,,,,,,,,,,UES101T,,,,,,,,UMA023T,,,,,,,,,,,,,,,,,,,,UHU003P,,UES101T,,,,,,,,,,,,UES101T,,,,,,,,UBT008L,,,,,,,,,,,,,,,,,,,,,,UES101P,,,,,,,1,8:00 AM
F,,,,LT103,,,,,,,,,,,,,,,PKC,T303,TA11,CAD-2(D102),,,,G312,,G310,,,,F312,,,,G325,,,,,,,,W/SHOP,,,,,,,,LP104,,,,,,,,,MKS,F311,,,,,,,,E312,TA27,,,,,,,,,,,,,,,,,,,B109,,F310,,,,,,,,,,,,F310,,,,,,,,T105,,,,,,,JM,,,,,,,,,,,,,,,CED CAD(CD119),,,,,,F,,
,2,,8:50 AM,UES101L,,,,,,,,,,,,,,,,,,LAB,,,,LAB-1,,LAB-2,,UMA023T,,RKY,,,,LAB-3,,,,,,,,VK,,,,,,,,UMA023L,,,,,,,,,,SNL,,,,,,,,,,,,,,,,,,,,,,,,,,,,LAB,,VVK/APC-4,,,,,,,,,,,,RSF1,,UPH013T,,,,,,UHU003L,,,,,,,,,,,,,,,,UPH014T,,,,,,LAB,,,,,,,2,8:50 AM
R,,,,LT103,,,,,,,,,,,,,,,DS,,,GDS,,,,LC24/LC25,,LC16,,T303,TA9,,,,,LC8,,,,,,,,,,,,,,,,LP104,,,,,,,,,SYV,,,,,,,,,,,,,,,,,,,,,,,,,,,,,LC6,,,,,,,,,,,,,,,,E306,LC2,,,,,T105,,,,,,,EF,,,,,,,,,E301,LC28,,,,,APC2,,,,,,R,,
,3,,9:40 AM,UPH013L,,,,,,,,,,,,,,,,UHU003P,,UHU003P,,UES102P,,,,,,,,,,UHU003P,,UMA023T,,,,UPH013P,,UPH013P,,UES101T,,UES101T,,UES101P,,UHU003P,,UES101T,,,,,,UES101T,,UMA023T,,,,,,,,,,UES101P,,UHU003L,,,,,,,,,,UPH013P,,UPH013T,,,,UPH013T,,UES101P,,,,,,,,,,,,,,,,,,,,,,UMA005/UMA022L,,,,,,,,,,,,,,,,UEE002P,,UES101L,,,,,,,,,,,3,9:40 AM
I,,,,LT103,,,,,,,,,,,,,,,DPS,B109,,G317,,W/SHOP,,,,,,,,,,B223,,E308,TA13,,,G325,,G312,,F310,,F313,,CED CAD(CD 119),,C309,,F311,,,,,,F312,,T303,TA38,,,,,,,,,CAD-1(D112),,LP104,,,,,,,,,SAL,G310,,E311,LC20,,,T302,TKR,CAD-2(D102),,,,,,,,,,,,,,,,,,,,,,T105/LP101,,,,,,,SPNA/MUK,,,,,,,,,H222,,LP105,,,,,,,,,MNK,I,,
,4,,10:30 AM,UMA023L,,,,,,,,,,,,,,,,LAB,,LAB,,VJ,,,,,,,,,,LAB,,UPH013T,,,,LAB-3,,LAB-1,,APC5,,RF4,,LAB,,LAB,,SKS,,,,,,PWS,,,,,,,,,,,,LAB,,UPH013L,,,,,,,,,,LAB-2,,,,,,UMA023T,,LAB-3,,,,,,,,,,,,,,,,,,,,,,UPH013L,,,,,,,,,,,,UCT101T,,,,LAB,,UHU003L,,,,,,,,,,,4,10:30 AM
D,,,,LT103,,,,,,,,,,,,,,,JAT,LC3,,LC2,,,,,,,,,,,,LC-4,,E308,LC16,,,LC18,,LC12,,,,,,APC7,,NSD,,,,,,,,,,,,,,,,,,,,SNL,,LP104,,,,,,,,,SDT,LC25,,,,,,T303,TA28,ROK,,,,,,,,,,,,,,,,,,,,,,T105,,,,,,,TKR,,,,,E306,SMA,,,SUM,,LP105,,,,,,,,,GK,D,,
,5,,11:20 AM,,,,,,,,,UHU003P,,,,,,,,UMA023L,,,,,,,,,,,,,,,,UES101T,,,,,,,,,,,,,,,,,,,,,,,,UHU003P,,,,,,,,,,,,UES101T,,UPH013P,,,,UES101T,,,,UES102L,,,,,,,,,,,,,,,,,,,,,,,,UMA023T,,UMA023T,,,,UHU003P,,UPH013P,,UMA005T,,UES101P,,,,,,UCT102L,,,,,,,,,,,,,,,,,5,11:20 AM
A,,,,,,,,,,,,B109,,,,,,,,LT103,,,,,,,,,,,,,,,SSB,F310,,,,,,,,,,,,,,,,,,,,,,,,C309,,,,,,,,,,,,F312,,G310,,,,F311,,,,LP104,,,,,,,,,PKC,,,,,,,,,,,,,,,E312,TA31,T303,SNA,,,B223,,G325,,E306,TA5,CED CAD(CD 119),,,,,,E108,,,,,RJK,,,,,,,,,,,A,,
,6,,12:10 PM,,,,,,,,,LAB,,,,,,,,UES102L,,,,,,,,,,,,,,,,MNP/APC-4,,,,,,,,,,,,,,,,,,,,,,,,LAB,,,,,,,,,,,,MND,,LAB-2,,,,PWS,,,,UMA023L,,,,,,,,,,,,,,,,,,,,,,,,,,UPH013T,,,,LAB,,LAB-1,,UPH013T,,LAB,,,,,,UCT101L,,,,,,UPH013L,,,,,,,,,,,6,12:10 PM
Y,,,,,,,,,,,,DKS,,,,,,,,LT103,,,,,,,,,,,,,,,VJ,,,,,,,,,,,,,,,,,,,,,,,,,LC-5,,,,,,,,,,,,,,LC8,,,,,,,,LP104,,,,,,,,,JAT,,,,,,,,,,,,,,,,,T303,LC21,,,EF,,LC2,,T302,LC28,APC3,,,,,,E108,,,,,SMA,LP105,,,,,,,,,SAK,Y,,
,7,,1:00 PM,,,,,,,,,,,,,,,,,,,,,,,,,,,,,,,,,,,,,,,,,,,,,,,,,,,,,,,,,UPH013T,,UES101L,,,,,,,,,,,,,,,,,,,,,,,,,,,,,,UMA023L,,,,,,,,,,,,,,,,,,UES101P,,,,,,,,,,,,,,,,,,,,,,,,,,,,,,,7,1:00 PM
,,,,,,,,,,,,,,,,,,,,,,,,,,,,,,,,,,,,,,,,,,,,,,,,,,,,,,,,,,,,E312,LC12,LP104,,,,,,,,,SNL,,,,,,,,,,,,,,,,,,,,,LP105,,,,,,,,,SKS,,,,,,,,,CED CAD(CD 119),,,,,,,,,,,,,,,,,,,,,,,,,,,,,,,,
,8,,1:50 PM,,,UPH013T,,UES101P,,UES101P,,,,UES101T,,UPH013P,,UMA023T,,,,,,,,,,,,,,,,,,,,,,,,,,,,,,,,,,,,,,,,,,,,UHU003L,,,,,,,,,,,,,,,,,,,,,,,,,,,,UPH013P,,UES101L,,,,,,,,,,,,,,,,,,LAB,,,,,,,,,,,,,,,,UEE002P,,,,,,,,,,,,,,,8,1:50 PM
,,,,,,T302,LC18,CAD-3(D101),,CAD-2(D102),,,,F311,,G325,,E312,TA4,,,,,,,,,,,,,,,,,,,,,,,,,,,,,,,,,,,,,,,,,,,LP104,,,,,,,,,DKS,,,,,,,,,,,,,,,,,,,G312,,LP105,,,,,,,,,VVK,,,,,,,,,APC-7,,,,,,,,,,,,,,,,H221,,,,,,,,,,,,,,,,
,9,,2:40 PM,UPH013T,,UMA023T,,LAB,,LAB,,,,PWS,,LAB-3,,UPH013T,,,,,,,,,,,,,,,,,,,,,,,,,,,,,,,,,,,,,,,,,,,,UMA023L,,,,,,,,,,,,,,,,,,,,,,,,,,,,LAB-1,,,,,,,,,,,,UMA023L,,,,,,,,,,,,,,,,,,,,,,,,LAB,,,,,,,,,,,,,,,9,2:40 PM
,,,,T101,LC12,T303,TA2,RBD,,NDS,,,,,,LC2,,T302,LC24,,,,,,,,,,,,,,,,,,,,,,,,,,,,,,,,,,,,,,,,,,,LP104,,,,,,,,,AKP,,,,,,,,,,,,,,,,,,,LC28,,,,,,,,,,,,LP105,,,,,,,,,SNA,,,,,,,,,,,,,,,SUM,,,,,,,,,,,,,,,,
,10,,3:30 PM,UMA023T,,,,UMA023T,,,,,,,,,,UPH013P,,,,,,,,,,,,,,,,,,,,,,,,,,,,,,,,,,,,,,,,,,,,,,,,,,,,,,,,,,,,,,,,,,,,,,,,,,,,,,,,,,UES101P,,UPH013L,,,,,,,,,,,,,,,,,,,,,,,,,,,,,,,,,,,,,,,10,3:30 PM
,,,,T101,TA4,,,T303,AKP,,,,,,,,,G312,,,,,,,,,,,,,,,,,,,,,,,,,,,,,,,,,,,,,,,,,,,,,,,,,,,,,,,,,,,,,,,,,,,,,,,,,,,,,,,,,,CED CAD(CD 119),,LP105,,,,,,,,,BNC,,,,,,,,,,,,,,,,,,,,,,,,,,,,,,,
,11,,4:20 PM,,,,,,, ,,,,,,,,LAB-1,,,,,,,,,,,,,,,,,,,,,,,,,,,,,,,,,,,,,,,,,,,,,,,,,,,,,,,,,,,,,,,,,,,,,,,,,,,,,,,,,,LAB-1,,,,,,,,,,,,,,,,,,,,,,,,,,,,,,,,,,,,,,,,,11,4:20 PM
,,,,,,,,,,,,,,,,,,LC14,,,,,,,,,,,,,,,,,,,,,,,,,,,,,,,,,,,,,,,,,,,,,,,,,,,,,,,,,,,,,,,,,,,,,,,,,,,,,,,,,,AMR,,,,,,,,,,,,,,,,,,,,,,,,,,,,,,,,,,,,,,,,,,
,12,,5:10 PM,,,,,,,,,,,,,,,,,,,,,,,,,,,,,,,,,,,,,,,,,,,,,,,,,,,,,,,,,,,,,,,,,,,,,,,,,,,,,,,,,,,,,,,,,,,,,,,,,,,,,,,,,,,,,,,,,,,,,,,,,,,,,,,,,,,,,,,,,,12,5:10 PM
,,,,,,,,,,,,,,,,,,,,,,,,,,,,,,,,,,,,,,,,,,,,,,,,,,,,,,,,,,,,,,,,,,,,,,,,,,,,,,,,,,,,,,,,,,,,,,,,,,,,,,,,,,,,,,,,,,,,,,,,,,,,,,,,,,,,,,,,,,,,,,
,13,,6:00 PM,,,,,,,,,,,,,,,,,,,,,,,,,,,,,,,,,,,,,,,,,,,,,,,,,,,,,,,,,,,,,,,,,,,,,,,,,,,,,,,,,,,,,,,,,,,,,,,,,,,,,,,,,,,,,,,,,,,,,,,,,,,,,,,,,,,,,,,,,,13,6:00 PM
,,,,,,,,,,,,,,,,,,,,,,,,,,,,,,,,,,,,,,,,,,,,,,,,,,,,,,,,,,,,,,,,,,,,,,,,,,,,,,,,,,,,,,,,,,,,,,,,,,,,,,,,,,,,,,,,,,,,,,,,,,,,,,,,,,,,,,,,,,,,,,
,14,,6:50 PM,,,,,,,,,,,,,,,,,,,,,,,,,,,,,,,,,,,,,,,,,,,,,,,,,,,,,,,,,,,,,,,,,,,,,,,,,,,,,,,,,,,,,,,,,,,,,,,,,,,,,,,,,,,,,,,,,,,,,,,,,,,,,,,,,,,,,,,,,,14,6:50 PM
,,,,,,,,,,,,,,,,,,,,,,,,,,,,,,,,,,,,,,,,,,,,,,,,,,,,,,,,,,,,,,,,,,,,,,,,,,,,,,,,,,,,,,,,,,,,,,,,,,,,,,,,,,,,,,,,,,,,,,,,,,,,,,,,,,,,,,,,,,,,,,
,1,,8:00 AM,,,,,,,,,,,,,,,,,,,,,,,,,,,,,,,,,,,,,,,,,,,,,,,,,,,,,,,,,,,,,,,,,,,,,,,,,,,,,,,,,,,,,,,,,,,,,,,,,,,,,,,,,,,,,,,,,,,,,,,,,,,,,,,,,,,,,,,,,,1,8:00 AM
S,,,,,,,,,,,,,,,,,,,,,,,,,,,,,,,,,,,,,,,,,,,,,,,,,,,,,,,,,,,,,,,,,,,,,,,,,,,,,,,,,,,,,,,,,,,,,,,,,,,,,,,,,,,,,,,,,,,,,,,,,,,,,,,,,,,,,,,,,,,,S,,
,2,,8:50 AM,,,,,,,,,,,,,,,,,,,,,,,,,,,,,,,,,,,,,,,,,,,,,,,,,,,,,,,,,,,,,,,,,,,,,,,,,,,,,,,,,,,,,,,,,,,,,,,,,,,,,,,,,,,,,,,,,,,,,,,,,,,,,,,,,,,,,,,,,,2,8:50 AM
A,,,,,,,,,,,,,,,,,,,,,,,,,,,,,,,,,,,,,,,,,,,,,,,,,,,,,,,,,,,,,,,,,,,,,,,,,,,,,,,,,,,,,,,,,,,,,,,,,,,,,,,,,,,,,,,,,,,,,,,,,,,,,,,,,,,,,,,,,,,,A,,
,3,,9:40 AM,,,,,,,,,,,,,,,,,,,,,,,,,,,,,,,,,,,,,,,,,,,,,,,,,,,,,,,,,,,,,,,,,,,,,,,,,,,,,,,,,,,,,,,,,,,,,,,,,,,,,,,,,,,,,,,,,,,,,,,,,,,,,,,,,,,,,,,,,,3,9:40 AM
T,,,,,,,,,,,,,,,,,,,,,,,,,,,,,,,,,,,,,,,,,,,,,,,,,,,,,,,,,,,,,,,,,,,,,,,,,,,,,,,,,,,,,,,,,,,,,,,,,,,,,,,,,,,,,,,,,,,,,,,,,,,,,,,,,,,,,,,,,,,,T,,
,4,,10:30 AM,,,,,,,,,,,,,,,,,,,,,,,,,,,,,,,,,,,,,,,,,,,,,,,,,,,,,,,,,,,,,,,,,,,,,,,,,,,,,,,,,,,,,,,,,,,,,,,,,,,,,,,,,,,,,,,,,,,,,,,,,,,,,,,,,,,,,,,,,,4,10:30 AM
U,,,,,,,,,,,,,,,,,,,,,,,,,,,,,,,,,,,,,,,,,,,,,,,,,,,,,,,,,,,,,,,,,,,,,,,,,,,,,,,,,,,,,,,,,,,,,,,,,,,,,,,,,,,,,,,,,,,,,,,,,,,,,,,,,,,,,,,,,,,,U,,
,5,,11:20 AM,,,,,,,,,,,,,,,,,,,,,,,,,,,,,,,,,,,,,,,,,,,,,,,,,,,,,,,,,,,,,,,,,,,,,,,,,,,,,,,,,,,,,,,,,,,,,,,,,,,,,,,,,,,,,,,,,,,,,,,,,,,,,,,,,,,,,,,,,,5,11:20 AM
R,,,,,,,,,,,,,,,,,,,,,,,,,,,,,,,,,,,,,,,,,,,,,,,,,,,,,,,,,,,,,,,,,,,,,,,,,,,,,,,,,,,,,,,,,,,,,,,,,,,,,,,,,,,,,,,,,,,,,,,,,,,,,,,,,,,,,,,,,,,,R,,
,6,,12:10 PM,,,,,,,,,,,,,,,,,,,,,,,,,,,,,,,,,,,,,,,,,,,,,,,,,,,,,,,,,,,,,,,,,,,,,,,,,,,,,,,,,,,,,,,,,,,,,,,,,,,,,,,,,,,,,,,,,,,,,,,,,,,,,,,,,,,,,,,,,,6,12:10 PM
D,,,,,,,,,,,,,,,,,,,,,,,,,,,,,,,,,,,,,,,,,,,,,,,,,,,,,,,,,,,,,,,,,,,,,,,,,,,,,,,,,,,,,,,,,,,,,,,,,,,,,,,,,,,,,,,,,,,,,,,,,,,,,,,,,,,,,,,,,,,,D,,
,7,,1:00 PM,,,,,,,,,,,,,,,,,,,,,,,,,,,,,,,,,,,,,,,,,,,,,,,,,,,,,,,,,,,,,,,,,,,,,,,,,,,,,,,,,,,,,,,,,,,,,,,,,,,,,,,,,,,,,,,,,,,,,,,,,,,,,,,,,,,,,,,,,,7,1:00 PM
A,,,,,,,,,,,,,,,,,,,,,,,,,,,,,,,,,,,,,,,,,,,,,,,,,,,,,,,,,,,,,,,,,,,,,,,,,,,,,,,,,,,,,,,,,,,,,,,,,,,,,,,,,,,,,,,,,,,,,,,,,,,,,,,,,,,,,,,,,,,,A,,
,8,,1:50 PM,,,,,,,,,,,,,,,,,,,,,,,,,,,,,,,,,,,,,,,,,,,,,,,,,,,,,,,,,,,,,,,,,,,,,,,,,,,,,,,,,,,,,,,,,,,,,,,,,,,,,,,,,,,,,,,,,,,,,,,,,,,,,,,,,,,,,,,,,,8,1:50 PM
Y,,,,,,,,,,,,,,,,,,,,,,,,,,,,,,,,,,,,,,,,,,,,,,,,,,,,,,,,,,,,,,,,,,,,,,,,,,,,,,,,,,,,,,,,,,,,,,,,,,,,,,,,,,,,,,,,,,,,,,,,,,,,,,,,,,,,,,,,,,,,Y,,
,9,,2:40 PM,,,,,,,,,,,,,,,,,,,,,,,,,,,,,,,,,,,,,,,,,,,,,,,,,,,,,,,,,,,,,,,,,,,,,,,,,,,,,,,,,,,,,,,,,,,,,,,,,,,,,,,,,,,,,,,,,,,,,,,,,,,,,,,,,,,,,,,,,,9,2:40 PM
,,,,,,,,,,,,,,,,,,,,,,,,,,,,,,,,,,,,,,,,,,,,,,,,,,,,,,,,,,,,,,,,,,,,,,,,,,,,,,,,,,,,,,,,,,,,,,,,,,,,,,,,,,,,,,,,,,,,,,,,,,,,,,,,,,,,,,,,,,,,,,
,10,,3:30 PM,,,,,,,,,,,,,,,,,,,,,,,,,,,,,,,,,,,,,,,,,,,,,,,,,,,,,,,,,,,,,,,,,,,,,,,,,,,,,,,,,,,,,,,,,,,,,,,,,,,,,,,,,,,,,,,,,,,,,,,,,,,,,,,,,,,,,,,,,,10,3:30 PM
,,,,,,,,,,,,,,,,,,,,,,,,,,,,,,,,,,,,,,,,,,,,,,,,,,,,,,,,,,,,,,,,,,,,,,,,,,,,,,,,,,,,,,,,,,,,,,,,,,,,,,,,,,,,,,,,,,,,,,,,,,,,,,,,,,,,,,,,,,,,,,
,11,,4:20 PM,,,,,,,,,,,,,,,,,,,,,,,,,,,,,,,,,,,,,,,,,,,,,,,,,,,,,,,,,,,,,,,,,,,,,,,,,,,,,,,,,,,,,,,,,,,,,,,,,,,,,,,,,,,,,,,,,,,,,,,,,,,,,,,,,,,,,,,,,,11,4:20 PM
,,,,,,,,,,,,,,,,,,,,,,,,,,,,,,,,,,,,,,,,,,,,,,,,,,,,,,,,,,,,,,,,,,,,,,,,,,,,,,,,,,,,,,,,,,,,,,,,,,,,,,,,,,,,,,,,,,,,,,,,,,,,,,,,,,,,,,,,,,,,,,
,12,,5:10 PM,,,,,,,,,,,,,,,,,,,,,,,,,,,,,,,,,,,,,,,,,,,,,,,,,,,,,,,,,,,,,,,,,,,,,,,,,,,,,,,,,,,,,,,,,,,,,,,,,,,,,,,,,,,,,,,,,,,,,,,,,,,,,,,,,,,,,,,,,,12,5:10 PM
,,,,,,,,,,,,,,,,,,,,,,,,,,,,,,,,,,,,,,,,,,,,,,,,,,,,,,,,,,,,,,,,,,,,,,,,,,,,,,,,,,,,,,,,,,,,,,,,,,,,,,,,,,,,,,,,,,,,,,,,,,,,,,,,,,,,,,,,,,,,,,
,13,,6:00 PM,,,,,,,,,,,,,,,,,,,,,,,,,,,,,,,,,,,,,,,,,,,,,,,,,,,,,,,,,,,,,,,,,,,,,,,,,,,,,,,,,,,,,,,,,,,,,,,,,,,,,,,,,,,,,,,,,,,,,,,,,,,,,,,,,,,,,,,,,,13,6:00 PM
,,,,,,,,,,,,,,,,,,,,,,,,,,,,,,,,,,,,,,,,,,,,,,,,,,,,,,,,,,,,,,,,,,,,,,,,,,,,,,,,,,,,,,,,,,,,,,,,,,,,,,,,,,,,,,,,,,,,,,,,,,,,,,,,,,,,,,,,,,,,,,
,14,,6:50 PM,,,,,,,,,,,,,,,,,,,,,,,,,,,,,,,,,,,,,,,,,,,,,,,,,,,,,,,,,,,,,,,,,,,,,,,,,,,,,,,,,,,,,,,,,,,,,,,,,,,,,,,,,,,,,,,,,,,,,,,,,,,,,,,,,,,,,,,,,,14,6:50 PM
,,,,,,,,,,,,,,,,,,,,,,,,,,,,,,,,,,,,,,,,,,,,,,,,,,,,,,,,,,,,,,,,,,,,,,,,,,,,,,,,,,,,,,,,,,,,,,,,,,,,,,,,,,,,,,,,,,,,,,,,,,,,,,,,,,,,,,,,,,,,,,
TOTAL,,,,,,,,,,,,,,,,,,,,,,,,,,,,,,,,,,,,,,,,,,,,,,,,,,,,,,,,,,,,,,,,,,,,,,,,,,,,,,,,,,,,,,,,,,,,,,,,,,,,,,,,,,,,,,,,,,,,,,,,,,,,,,,,,,,,,,,,,,,,TOTAL,,
HOURS,,,,,,,,,,,,,,,,,,,,,,,,,,,,,,,,,,,,,,,,,,,,,,,,,,,,,,,,,,,,,,,,,,,,,,,,,,,,,,,,,,,,,,,,,,,,,,,,,,,,,,,,,,,,,,,,,,,,,,,,,,,,,,,,,,,,,,,,,,,,HOURS,,
SIGNATURE,,,,,,,,,,,,,,,,,,,,,,,,,,,,,,,,,,,,,,,,,,,,,,,,,,,,,,,,,,,,,,,,,,,,,,,,,,,,,,,,,,,,,,,,,,,,,,,,,,,,,,,,,,,,,,,,,,,,,,,,,,,,,,,,,,,,,,,,,,,,SIGNATURE,,
,,,,,,,,,,,,,,,,,,,,,,,,,,,,,,,,,,,,,,,,,,,,,,,,,,,,,,,,,,,,,,,,,,,,,,,,,,,,,,,,,,,,,,,,,,,,,,,,,,,,,,,,,,,,,,,,,,,,,,,,,,,,,,,,,,,,,,,,,,,,,,
,,,,,,,,,,,,,,,,,,,,,,,,,,,,,,,,,,,,,,,,,,,,,,,,,,,,,,,,,,,,,,,,,,,,,,,,,,,,,,,,,,,,,,,,,,,,,,,,,,,,,,,,,,,,,,,,,,,,,,,,,,,,,,,,,,,,,,,,,,,,,,
,,,,,,,,,,,,,,,,,,,,,,,,,,,,,,,,,,,,,,,,,,,,,,,,,,,,,,,,,,,,,,,,,,,,,,,,,,,,,,,,,,,,,,,,,,,,,,,,,,,,,,,,,,,,,,,,,,,,,,,,,,,,,,,,,,,,,,,,,,,,,,
,,,,,,,,,,,,,,,,,,,,,,,,,,,,,,,,,,,,,,,,,,,,,,,,,,,,,,,,,,,,,,,,,,,,,,,,,,,,,,,,,,,,,,,,,,,,,,,,,,,,,,,,,,,,,,,,,,,,,,,,,,,,,,,,,,,,,,,,,,,,,,
,,,,,,,,,,,,,,,,,,,,,,,,,,,,,,,,,,,,,,,,,,,,,,,,,,,,,,,,,,,,,,,,,,,,,,,,,,,,,,,,,,,,,,,,,,,,,,,,,,,,,,,,,,,,,,,,,,,,,,,,,,,,,,,,,,,,,,,,,,,,,,
,,,,,,,,,,,,,,,,,,,,,,,,,,,,,,,,,,,,,,,,,,,,,,,,,,,,,,,,,,,,,,,,,,,,,,,,,,,,,,,,,,,,,,,,,,,,,,,,,,,,,,,,,,,,,,,,,,,,,,,,,,,,,,,,,,,,,,,,,,,,,,
,,,,,,,,,,,,,,,,,,,,,,,,,,,,,,,,,,,,,,,,,,,,,,,,,,,,,,,,,,,,,,,,,,,,,,,,,,,,,,,,,,,,,,,,,,,,,,,,,,,,,,,,,,,,,,,,,,,,,,,,,,,,,,,,,,,,,,,,,,,,,,
,,,,,,,,,,,,,,,,,,,,,,,,,,,,,,,,,,,,,,,,,,,,,,,,,,,,,,,,,,,,,,,,,,,,,,,,,,,,,,,,,,,,,,,,,,,,,,,,,,,,,,,,,,,,,,,,,,,,,,,,,,,,,,,,,,,,,,,,,,,,,,
,,,,,,,,,,,,,,,,,,,,,,,,,,,,,,,,,,,,,,,,,,,,,,,,,,,,,,,,,,,,,,,,,,,,,,,,,,,,,,,,,,,,,,,,,,,,,,,,,,,,,,,,,,,,,,,,,,,,,,,,,,,,,,,,,,,,,,,,,,,,,,
,,,,,,,,,,,,,,,,,,,,,,,,,,,,,,,,,,,,,,,,,,,,,,,,,,,,,,,,,,,,,,,,,,,,,,,,,,,,,,,,,,,,,,,,,,,,,,,,,,,,,,,,,,,,,,,,,,,,,,,,,,,,,,,,,,,,,,,,,,,,,,
,,,,,,,,,,,,,,,,,,,,,,,,,,,,,,,,,,,,,,,,,,,,,,,,,,,,,,,,,,,,,,,,,,,,,,,,,,,,,,,,,,,,,,,,,,,,,,,,,,,,,,,,,,,,,,,,,,,,,,,,,,,,,,,,,,,,,,,,,,,,,,
,,,,,,,,,,,,,,,,,,,,,,,,,,,,,,,,,,,,,,,,,,,,,,,,,,,,,,,,,,,,,,,,,,,,,,,,,,,,,,,,,,,,,,,,,,,,,,,,,,,,,,,,,,,,,,,,,,,,,,,,,,,,,,,,,,,,,,,,,,,,,,
,,,,,,,,,,,,,,,,,,,,,,,,,,,,,,,,,,,,,,,,,,,,,,,,,,,,,,,,,,,,,,,,,,,,,,,,,,,,,,,,,,,,,,,,,,,,,,,,,,,,,,,,,,,,,,,,,,,,,,,,,,,,,,,,,,,,,,,,,,,,,,
,,,,,,,,,,,,,,,,,,,,,,,,,,,,,,,,,,,,,,,,,,,,,,,,,,,,,,,,,,,,,,,,,,,,,,,,,,,,,,,,,,,,,,,,,,,,,,,,,,,,,,,,,,,,,,,,,,,,,,,,,,,,,,,,,,,,,,,,,,,,,,
,,,,,,,,,,,,,,,,,,,,,,,,,,,,,,,,,,,,,,,,,,,,,,,,,,,,,,,,,,,,,,,,,,,,,,,,,,,,,,,,,,,,,,,,,,,,,,,,,,,,,,,,,,,,,,,,,,,,,,,,,,,,,,,,,,,,,,,,,,,,,,
,,,,,,,,,,,,,,,,,,,,,,,,,,,,,,,,,,,,,,,,,,,,,,,,,,,,,,,,,,,,,,,,,,,,,,,,,,,,,,,,,,,,,,,,,,,,,,,,,,,,,,,,,,,,,,,,,,,,,,,,,,,,,,,,,,,,,,,,,,,,,,
,,,,,,,,,,,,,,,,,,,,,,,,,,,,,,,,,,,,,,,,,,,,,,,,,,,,,,,,,,,,,,,,,,,,,,,,,,,,,,,,,,,,,,,,,,,,,,,,,,,,,,,,,,,,,,,,,,,,,,,,,,,,,,,,,,,,,,,,,,,,,,
,,,,,,,,,,,,,,,,,,,,,,,,,,,,,,,,,,,,,,,,,,,,,,,,,,,,,,,,,,,,,,,,,,,,,,,,,,,,,,,,,,,,,,,,,,,,,,,,,,,,,,,,,,,,,,,,,,,,,,,,,,,,,,,,,,,,,,,,,,,,,,
,,,,,,,,,,,,,,,,,,,,,,,,,,,,,,,,,,,,,,,,,,,,,,,,,,,,,,,,,,,,,,,,,,,,,,,,,,,,,,,,,,,,,,,,,,,,,,,,,,,,,,,,,,,,,,,,,,,,,,,,,,,,,,,,,,,,,,,,,,,,,,
,,,,,,,,,,,,,,,,,,,,,,,,,,,,,,,,,,,,,,,,,,,,,,,,,,,,,,,,,,,,,,,,,,,,,,,,,,,,,,,,,,,,,,,,,,,,,,,,,,,,,,,,,,,,,,,,,,,,,,,,,,,,,,,,,,,,,,,,,,,,,,
,,,,,,,,,,,,,,,,,,,,,,,,,,,,,,,,,,,,,,,,,,,,,,,,,,,,,,,,,,,,,,,,,,,,,,,,,,,,,,,,,,,,,,,,,,,,,,,,,,,,,,,,,,,,,,,,,,,,,,,,,,,,,,,,,,,,,,,,,,,,,,
,,,,,,,,,,,,,,,,,,,,,,,,,,,,,,,,,,,,,,,,,,,,,,,,,,,,,,,,,,,,,,,,,,,,,,,,,,,,,,,,,,,,,,,,,,,,,,,,,,,,,,,,,,,,,,,,,,,,,,,,,,,,,,,,,,,,,,,,,,,,,,
,,,,,,,,,,,,,,,,,,,,,,,,,,,,,,,,,,,,,,,,,,,,,,,,,,,,,,,,,,,,,,,,,,,,,,,,,,,,,,,,,,,,,,,,,,,,,,,,,,,,,,,,,,,,,,,,,,,,,,,,,,,,,,,,,,,,,,,,,,,,,,
,,,,,,,,,,,,,,,,,,,,,,,,,,,,,,,,,,,,,,,,,,,,,,,,,,,,,,,,,,,,,,,,,,,,,,,,,,,,,,,,,,,,,,,,,,,,,,,,,,,,,,,,,,,,,,,,,,,,,,,,,,,,,,,,,,,,,,,,,,,,,,
,,,,,,,,,,,,,,,,,,,,,,,,,,,,,,,,,,,,,,,,,,,,,,,,,,,,,,,,,,,,,,,,,,,,,,,,,,,,,,,,,,,,,,,,,,,,,,,,,,,,,,,,,,,,,,,,,,,,,,,,,,,,,,,,,,,,,,,,,,,,,,
,,,,,,,,,,,,,,,,,,,,,,,,,,,,,,,,,,,,,,,,,,,,,,,,,,,,,,,,,,,,,,,,,,,,,,,,,,,,,,,,,,,,,,,,,,,,,,,,,,,,,,,,,,,,,,,,,,,,,,,,,,,,,,,,,,,,,,,,,,,,,,
,,,,,,,,,,,,,,,,,,,,,,,,,,,,,,,,,,,,,,,,,,,,,,,,,,,,,,,,,,,,,,,,,,,,,,,,,,,,,,,,,,,,,,,,,,,,,,,,,,,,,,,,,,,,,,,,,,,,,,,,,,,,,,,,,,,,,,,,,,,,,,
,,,,,,,,,,,,,,,,,,,,,,,,,,,,,,,,,,,,,,,,,,,,,,,,,,,,,,,,,,,,,,,,,,,,,,,,,,,,,,,,,,,,,,,,,,,,,,,,,,,,,,,,,,,,,,,,,,,,,,,,,,,,,,,,,,,,,,,,,,,,,,
,,,,,,,,,,,,,,,,,,,,,,,,,,,,,,,,,,,,,,,,,,,,,,,,,,,,,,,,,,,,,,,,,,,,,,,,,,,,,,,,,,,,,,,,,,,,,,,,,,,,,,,,,,,,,,,,,,,,,,,,,,,,,,,,,,,,,,,,,,,,,,
,,,,,,,,,,,,,,,,,,,,,,,,,,,,,,,,,,,,,,,,,,,,,,,,,,,,,,,,,,,,,,,,,,,,,,,,,,,,,,,,,,,,,,,,,,,,,,,,,,,,,,,,,,,,,,,,,,,,,,,,,,,,,,,,,,,,,,,,,,,,,,
,,,,,,,,,,,,,,,,,,,,,,,,,,,,,,,,,,,,,,,,,,,,,,,,,,,,,,,,,,,,,,,,,,,,,,,,,,,,,,,,,,,,,,,,,,,,,,,,,,,,,,,,,,,,,,,,,,,,,,,,,,,,,,,,,,,,,,,,,,,,,,
,,,,,,,,,,,,,,,,,,,,,,,,,,,,,,,,,,,,,,,,,,,,,,,,,,,,,,,,,,,,,,,,,,,,,,,,,,,,,,,,,,,,,,,,,,,,,,,,,,,,,,,,,,,,,,,,,,,,,,,,,,,,,,,,,,,,,,,,,,,,,,
,,,,,,,,,,,,,,,,,,,,,,,,,,,,,,,,,,,,,,,,,,,,,,,,,,,,,,,,,,,,,,,,,,,,,,,,,,,,,,,,,,,,,,,,,,,,,,,,,,,,,,,,,,,,,,,,,,,,,,,,,,,,,,,,,,,,,,,,,,,,,,
,,,,,,,,,,,,,,,,,,,,,,,,,,,,,,,,,,,,,,,,,,,,,,,,,,,,,,,,,,,,,,,,,,,,,,,,,,,,,,,,,,,,,,,,,,,,,,,,,,,,,,,,,,,,,,,,,,,,,,,,,,,,,,,,,,,,,,,,,,,,,,
,,,,,,,,,,,,,,,,,,,,,,,,,,,,,,,,,,,,,,,,,,,,,,,,,,,,,,,,,,,,,,,,,,,,,,,,,,,,,,,,,,,,,,,,,,,,,,,,,,,,,,,,,,,,,,,,,,,,,,,,,,,,,,,,,,,,,,,,,,,,,,
,,,,,,,,,,,,,,,,,,,,,,,,,,,,,,,,,,,,,,,,,,,,,,,,,,,,,,,,,,,,,,,,,,,,,,,,,,,,,,,,,,,,,,,,,,,,,,,,,,,,,,,,,,,,,,,,,,,,,,,,,,,,,,,,,,,,,,,,,,,,,,
,,,,,,,,,,,,,,,,,,,,,,,,,,,,,,,,,,,,,,,,,,,,,,,,,,,,,,,,,,,,,,,,,,,,,,,,,,,,,,,,,,,,,,,,,,,,,,,,,,,,,,,,,,,,,,,,,,,,,,,,,,,,,,,,,,,,,,,,,,,,,,
,,,,,,,,,,,,,,,,,,,,,,,,,,,,,,,,,,,,,,,,,,,,,,,,,,,,,,,,,,,,,,,,,,,,,,,,,,,,,,,,,,,,,,,,,,,,,,,,,,,,,,,,,,,,,,,,,,,,,,,,,,,,,,,,,,,,,,,,,,,,,,
,,,,,,,,,,,,,,,,,,,,,,,,,,,,,,,,,,,,,,,,,,,,,,,,,,,,,,,,,,,,,,,,,,,,,,,,,,,,,,,,,,,,,,,,,,,,,,,,,,,,,,,,,,,,,,,,,,,,,,,,,,,,,,,,,,,,,,,,,,,,,,
,,,,,,,,,,,,,,,,,,,,,,,,,,,,,,,,,,,,,,,,,,,,,,,,,,,,,,,,,,,,,,,,,,,,,,,,,,,,,,,,,,,,,,,,,,,,,,,,,,,,,,,,,,,,,,,,,,,,,,,,,,,,,,,,,,,,,,,,,,,,,,
,,,,,,,,,,,,,,,,,,,,,,,,,,,,,,,,,,,,,,,,,,,,,,,,,,,,,,,,,,,,,,,,,,,,,,,,,,,,,,,,,,,,,,,,,,,,,,,,,,,,,,,,,,,,,,,,,,,,,,,,,,,,,,,,,,,,,,,,,,,,,,
,,,,,,,,,,,,,,,,,,,,,,,,,,,,,,,,,,,,,,,,,,,,,,,,,,,,,,,,,,,,,,,,,,,,,,,,,,,,,,,,,,,,,,,,,,,,,,,,,,,,,,,,,,,,,,,,,,,,,,,,,,,,,,,,,,,,,,,,,,,,,,
,,,,,,,,,,,,,,,,,,,,,,,,,,,,,,,,,,,,,,,,,,,,,,,,,,,,,,,,,,,,,,,,,,,,,,,,,,,,,,,,,,,,,,,,,,,,,,,,,,,,,,,,,,,,,,,,,,,,,,,,,,,,,,,,,,,,,,,,,,,,,,
,,,,,,,,,,,,,,,,,,,,,,,,,,,,,,,,,,,,,,,,,,,,,,,,,,,,,,,,,,,,,,,,,,,,,,,,,,,,,,,,,,,,,,,,,,,,,,,,,,,,,,,,,,,,,,,,,,,,,,,,,,,,,,,,,,,,,,,,,,,,,,
,,,,,,,,,,,,,,,,,,,,,,,,,,,,,,,,,,,,,,,,,,,,,,,,,,,,,,,,,,,,,,,,,,,,,,,,,,,,,,,,,,,,,,,,,,,,,,,,,,,,,,,,,,,,,,,,,,,,,,,,,,,,,,,,,,,,,,,,,,,,,,
,,,,,,,,,,,,,,,,,,,,,,,,,,,,,,,,,,,,,,,,,,,,,,,,,,,,,,,,,,,,,,,,,,,,,,,,,,,,,,,,,,,,,,,,,,,,,,,,,,,,,,,,,,,,,,,,,,,,,,,,,,,,,,,,,,,,,,,,,,,,,,
,,,,,,,,,,,,,,,,,,,,,,,,,,,,,,,,,,,,,,,,,,,,,,,,,,,,,,,,,,,,,,,,,,,,,,,,,,,,,,,,,,,,,,,,,,,,,,,,,,,,,,,,,,,,,,,,,,,,,,,,,,,,,,,,,,,,,,,,,,,,,,
,,,,,,,,,,,,,,,,,,,,,,,,,,,,,,,,,,,,,,,,,,,,,,,,,,,,,,,,,,,,,,,,,,,,,,,,,,,,,,,,,,,,,,,,,,,,,,,,,,,,,,,,,,,,,,,,,,,,,,,,,,,,,,,,,,,,,,,,,,,,,,
,,,,,,,,,,,,,,,,,,,,,,,,,,,,,,,,,,,,,,,,,,,,,,,,,,,,,,,,,,,,,,,,,,,,,,,,,,,,,,,,,,,,,,,,,,,,,,,,,,,,,,,,,,,,,,,,,,,,,,,,,,,,,,,,,,,,,,,,,,,,,,
,,,,,,,,,,,,,,,,,,,,,,,,,,,,,,,,,,,,,,,,,,,,,,,,,,,,,,,,,,,,,,,,,,,,,,,,,,,,,,,,,,,,,,,,,,,,,,,,,,,,,,,,,,,,,,,,,,,,,,,,,,,,,,,,,,,,,,,,,,,,,,
,,,,,,,,,,,,,,,,,,,,,,,,,,,,,,,,,,,,,,,,,,,,,,,,,,,,,,,,,,,,,,,,,,,,,,,,,,,,,,,,,,,,,,,,,,,,,,,,,,,,,,,,,,,,,,,,,,,,,,,,,,,,,,,,,,,,,,,,,,,,,,
,,,,,,,,,,,,,,,,,,,,,,,,,,,,,,,,,,,,,,,,,,,,,,,,,,,,,,,,,,,,,,,,,,,,,,,,,,,,,,,,,,,,,,,,,,,,,,,,,,,,,,,,,,,,,,,,,,,,,,,,,,,,,,,,,,,,,,,,,,,,,,
,,,,,,,,,,,,,,,,,,,,,,,,,,,,,,,,,,,,,,,,,,,,,,,,,,,,,,,,,,,,,,,,,,,,,,,,,,,,,,,,,,,,,,,,,,,,,,,,,,,,,,,,,,,,,,,,,,,,,,,,,,,,,,,,,,,,,,,,,,,,,,
,,,,,,,,,,,,,,,,,,,,,,,,,,,,,,,,,,,,,,,,,,,,,,,,,,,,,,,,,,,,,,,,,,,,,,,,,,,,,,,,,,,,,,,,,,,,,,,,,,,,,,,,,,,,,,,,,,,,,,,,,,,,,,,,,,,,,,,,,,,,,,
,,,,,,,,,,,,,,,,,,,,,,,,,,,,,,,,,,,,,,,,,,,,,,,,,,,,,,,,,,,,,,,,,,,,,,,,,,,,,,,,,,,,,,,,,,,,,,,,,,,,,,,,,,,,,,,,,,,,,,,,,,,,,,,,,,,,,,,,,,,,,,
,,,,,,,,,,,,,,,,,,,,,,,,,,,,,,,,,,,,,,,,,,,,,,,,,,,,,,,,,,,,,,,,,,,,,,,,,,,,,,,,,,,,,,,,,,,,,,,,,,,,,,,,,,,,,,,,,,,,,,,,,,,,,,,,,,,,,,,,,,,,,,
,,,,,,,,,,,,,,,,,,,,,,,,,,,,,,,,,,,,,,,,,,,,,,,,,,,,,,,,,,,,,,,,,,,,,,,,,,,,,,,,,,,,,,,,,,,,,,,,,,,,,,,,,,,,,,,,,,,,,,,,,,,,,,,,,,,,,,,,,,,,,,
,,,,,,,,,,,,,,,,,,,,,,,,,,,,,,,,,,,,,,,,,,,,,,,,,,,,,,,,,,,,,,,,,,,,,,,,,,,,,,,,,,,,,,,,,,,,,,,,,,,,,,,,,,,,,,,,,,,,,,,,,,,,,,,,,,,,,,,,,,,,,,
,,,,,,,,,,,,,,,,,,,,,,,,,,,,,,,,,,,,,,,,,,,,,,,,,,,,,,,,,,,,,,,,,,,,,,,,,,,,,,,,,,,,,,,,,,,,,,,,,,,,,,,,,,,,,,,,,,,,,,,,,,,,,,,,,,,,,,,,,,,,,,
,,,,,,,,,,,,,,,,,,,,,,,,,,,,,,,,,,,,,,,,,,,,,,,,,,,,,,,,,,,,,,,,,,,,,,,,,,,,,,,,,,,,,,,,,,,,,,,,,,,,,,,,,,,,,,,,,,,,,,,,,,,,,,,,,,,,,,,,,,,,,,
,,,,,,,,,,,,,,,,,,,,,,,,,,,,,,,,,,,,,,,,,,,,,,,,,,,,,,,,,,,,,,,,,,,,,,,,,,,,,,,,,,,,,,,,,,,,,,,,,,,,,,,,,,,,,,,,,,,,,,,,,,,,,,,,,,,,,,,,,,,,,,
,,,,,,,,,,,,,,,,,,,,,,,,,,,,,,,,,,,,,,,,,,,,,,,,,,,,,,,,,,,,,,,,,,,,,,,,,,,,,,,,,,,,,,,,,,,,,,,,,,,,,,,,,,,,,,,,,,,,,,,,,,,,,,,,,,,,,,,,,,,,,,
,,,,,,,,,,,,,,,,,,,,,,,,,,,,,,,,,,,,,,,,,,,,,,,,,,,,,,,,,,,,,,,,,,,,,,,,,,,,,,,,,,,,,,,,,,,,,,,,,,,,,,,,,,,,,,,,,,,,,,,,,,,,,,,,,,,,,,,,,,,,,,
,,,,,,,,,,,,,,,,,,,,,,,,,,,,,,,,,,,,,,,,,,,,,,,,,,,,,,,,,,,,,,,,,,,,,,,,,,,,,,,,,,,,,,,,,,,,,,,,,,,,,,,,,,,,,,,,,,,,,,,,,,,,,,,,,,,,,,,,,,,,,,
,,,,,,,,,,,,,,,,,,,,,,,,,,,,,,,,,,,,,,,,,,,,,,,,,,,,,,,,,,,,,,,,,,,,,,,,,,,,,,,,,,,,,,,,,,,,,,,,,,,,,,,,,,,,,,,,,,,,,,,,,,,,,,,,,,,,,,,,,,,,,,
,,,,,,,,,,,,,,,,,,,,,,,,,,,,,,,,,,,,,,,,,,,,,,,,,,,,,,,,,,,,,,,,,,,,,,,,,,,,,,,,,,,,,,,,,,,,,,,,,,,,,,,,,,,,,,,,,,,,,,,,,,,,,,,,,,,,,,,,,,,,,,
,,,,,,,,,,,,,,,,,,,,,,,,,,,,,,,,,,,,,,,,,,,,,,,,,,,,,,,,,,,,,,,,,,,,,,,,,,,,,,,,,,,,,,,,,,,,,,,,,,,,,,,,,,,,,,,,,,,,,,,,,,,,,,,,,,,,,,,,,,,,,,
,,,,,,,,,,,,,,,,,,,,,,,,,,,,,,,,,,,,,,,,,,,,,,,,,,,,,,,,,,,,,,,,,,,,,,,,,,,,,,,,,,,,,,,,,,,,,,,,,,,,,,,,,,,,,,,,,,,,,,,,,,,,,,,,,,,,,,,,,,,,,,
,,,,,,,,,,,,,,,,,,,,,,,,,,,,,,,,,,,,,,,,,,,,,,,,,,,,,,,,,,,,,,,,,,,,,,,,,,,,,,,,,,,,,,,,,,,,,,,,,,,,,,,,,,,,,,,,,,,,,,,,,,,,,,,,,,,,,,,,,,,,,,
,,,,,,,,,,,,,,,,,,,,,,,,,,,,,,,,,,,,,,,,,,,,,,,,,,,,,,,,,,,,,,,,,,,,,,,,,,,,,,,,,,,,,,,,,,,,,,,,,,,,,,,,,,,,,,,,,,,,,,,,,,,,,,,,,,,,,,,,,,,,,,
,,,,,,,,,,,,,,,,,,,,,,,,,,,,,,,,,,,,,,,,,,,,,,,,,,,,,,,,,,,,,,,,,,,,,,,,,,,,,,,,,,,,,,,,,,,,,,,,,,,,,,,,,,,,,,,,,,,,,,,,,,,,,,,,,,,,,,,,,,,,,,
,,,,,,,,,,,,,,,,,,,,,,,,,,,,,,,,,,,,,,,,,,,,,,,,,,,,,,,,,,,,,,,,,,,,,,,,,,,,,,,,,,,,,,,,,,,,,,,,,,,,,,,,,,,,,,,,,,,,,,,,,,,,,,,,,,,,,,,,,,,,,,
,,,,,,,,,,,,,,,,,,,,,,,,,,,,,,,,,,,,,,,,,,,,,,,,,,,,,,,,,,,,,,,,,,,,,,,,,,,,,,,,,,,,,,,,,,,,,,,,,,,,,,,,,,,,,,,,,,,,,,,,,,,,,,,,,,,,,,,,,,,,,,
,,,,,,,,,,,,,,,,,,,,,,,,,,,,,,,,,,,,,,,,,,,,,,,,,,,,,,,,,,,,,,,,,,,,,,,,,,,,,,,,,,,,,,,,,,,,,,,,,,,,,,,,,,,,,,,,,,,,,,,,,,,,,,,,,,,,,,,,,,,,,,
,,,,,,,,,,,,,,,,,,,,,,,,,,,,,,,,,,,,,,,,,,,,,,,,,,,,,,,,,,,,,,,,,,,,,,,,,,,,,,,,,,,,,,,,,,,,,,,,,,,,,,,,,,,,,,,,,,,,,,,,,,,,,,,,,,,,,,,,,,,,,,
,,,,,,,,,,,,,,,,,,,,,,,,,,,,,,,,,,,,,,,,,,,,,,,,,,,,,,,,,,,,,,,,,,,,,,,,,,,,,,,,,,,,,,,,,,,,,,,,,,,,,,,,,,,,,,,,,,,,,,,,,,,,,,,,,,,,,,,,,,,,,,
,,,,,,,,,,,,,,,,,,,,,,,,,,,,,,,,,,,,,,,,,,,,,,,,,,,,,,,,,,,,,,,,,,,,,,,,,,,,,,,,,,,,,,,,,,,,,,,,,,,,,,,,,,,,,,,,,,,,,,,,,,,,,,,,,,,,,,,,,,,,,,
,,,,,,,,,,,,,,,,,,,,,,,,,,,,,,,,,,,,,,,,,,,,,,,,,,,,,,,,,,,,,,,,,,,,,,,,,,,,,,,,,,,,,,,,,,,,,,,,,,,,,,,,,,,,,,,,,,,,,,,,,,,,,,,,,,,,,,,,,,,,,,
,,,,,,,,,,,,,,,,,,,,,,,,,,,,,,,,,,,,,,,,,,,,,,,,,,,,,,,,,,,,,,,,,,,,,,,,,,,,,,,,,,,,,,,,,,,,,,,,,,,,,,,,,,,,,,,,,,,,,,,,,,,,,,,,,,,,,,,,,,,,,,
,,,,,,,,,,,,,,,,,,,,,,,,,,,,,,,,,,,,,,,,,,,,,,,,,,,,,,,,,,,,,,,,,,,,,,,,,,,,,,,,,,,,,,,,,,,,,,,,,,,,,,,,,,,,,,,,,,,,,,,,,,,,,,,,,,,,,,,,,,,,,,
,,,,,,,,,,,,,,,,,,,,,,,,,,,,,,,,,,,,,,,,,,,,,,,,,,,,,,,,,,,,,,,,,,,,,,,,,,,,,,,,,,,,,,,,,,,,,,,,,,,,,,,,,,,,,,,,,,,,,,,,,,,,,,,,,,,,,,,,,,,,,,
,,,,,,,,,,,,,,,,,,,,,,,,,,,,,,,,,,,,,,,,,,,,,,,,,,,,,,,,,,,,,,,,,,,,,,,,,,,,,,,,,,,,,,,,,,,,,,,,,,,,,,,,,,,,,,,,,,,,,,,,,,,,,,,,,,,,,,,,,,,,,,
,,,,,,,,,,,,,,,,,,,,,,,,,,,,,,,,,,,,,,,,,,,,,,,,,,,,,,,,,,,,,,,,,,,,,,,,,,,,,,,,,,,,,,,,,,,,,,,,,,,,,,,,,,,,,,,,,,,,,,,,,,,,,,,,,,,,,,,,,,,,,,
,,,,,,,,,,,,,,,,,,,,,,,,,,,,,,,,,,,,,,,,,,,,,,,,,,,,,,,,,,,,,,,,,,,,,,,,,,,,,,,,,,,,,,,,,,,,,,,,,,,,,,,,,,,,,,,,,,,,,,,,,,,,,,,,,,,,,,,,,,,,,,
,,,,,,,,,,,,,,,,,,,,,,,,,,,,,,,,,,,,,,,,,,,,,,,,,,,,,,,,,,,,,,,,,,,,,,,,,,,,,,,,,,,,,,,,,,,,,,,,,,,,,,,,,,,,,,,,,,,,,,,,,,,,,,,,,,,,,,,,,,,,,,
,,,,,,,,,,,,,,,,,,,,,,,,,,,,,,,,,,,,,,,,,,,,,,,,,,,,,,,,,,,,,,,,,,,,,,,,,,,,,,,,,,,,,,,,,,,,,,,,,,,,,,,,,,,,,,,,,,,,,,,,,,,,,,,,,,,,,,,,,,,,,,
,,,,,,,,,,,,,,,,,,,,,,,,,,,,,,,,,,,,,,,,,,,,,,,,,,,,,,,,,,,,,,,,,,,,,,,,,,,,,,,,,,,,,,,,,,,,,,,,,,,,,,,,,,,,,,,,,,,,,,,,,,,,,,,,,,,,,,,,,,,,,,
,,,,,,,,,,,,,,,,,,,,,,,,,,,,,,,,,,,,,,,,,,,,,,,,,,,,,,,,,,,,,,,,,,,,,,,,,,,,,,,,,,,,,,,,,,,,,,,,,,,,,,,,,,,,,,,,,,,,,,,,,,,,,,,,,,,,,,,,,,,,,,
,,,,,,,,,,,,,,,,,,,,,,,,,,,,,,,,,,,,,,,,,,,,,,,,,,,,,,,,,,,,,,,,,,,,,,,,,,,,,,,,,,,,,,,,,,,,,,,,,,,,,,,,,,,,,,,,,,,,,,,,,,,,,,,,,,,,,,,,,,,,,,
,,,,,,,,,,,,,,,,,,,,,,,,,,,,,,,,,,,,,,,,,,,,,,,,,,,,,,,,,,,,,,,,,,,,,,,,,,,,,,,,,,,,,,,,,,,,,,,,,,,,,,,,,,,,,,,,,,,,,,,,,,,,,,,,,,,,,,,,,,,,,,
,,,,,,,,,,,,,,,,,,,,,,,,,,,,,,,,,,,,,,,,,,,,,,,,,,,,,,,,,,,,,,,,,,,,,,,,,,,,,,,,,,,,,,,,,,,,,,,,,,,,,,,,,,,,,,,,,,,,,,,,,,,,,,,,,,,,,,,,,,,,,,
,,,,,,,,,,,,,,,,,,,,,,,,,,,,,,,,,,,,,,,,,,,,,,,,,,,,,,,,,,,,,,,,,,,,,,,,,,,,,,,,,,,,,,,,,,,,,,,,,,,,,,,,,,,,,,,,,,,,,,,,,,,,,,,,,,,,,,,,,,,,,,
,,,,,,,,,,,,,,,,,,,,,,,,,,,,,,,,,,,,,,,,,,,,,,,,,,,,,,,,,,,,,,,,,,,,,,,,,,,,,,,,,,,,,,,,,,,,,,,,,,,,,,,,,,,,,,,,,,,,,,,,,,,,,,,,,,,,,,,,,,,,,,
,,,,,,,,,,,,,,,,,,,,,,,,,,,,,,,,,,,,,,,,,,,,,,,,,,,,,,,,,,,,,,,,,,,,,,,,,,,,,,,,,,,,,,,,,,,,,,,,,,,,,,,,,,,,,,,,,,,,,,,,,,,,,,,,,,,,,,,,,,,,,,
,,,,,,,,,,,,,,,,,,,,,,,,,,,,,,,,,,,,,,,,,,,,,,,,,,,,,,,,,,,,,,,,,,,,,,,,,,,,,,,,,,,,,,,,,,,,,,,,,,,,,,,,,,,,,,,,,,,,,,,,,,,,,,,,,,,,,,,,,,,,,,
,,,,,,,,,,,,,,,,,,,,,,,,,,,,,,,,,,,,,,,,,,,,,,,,,,,,,,,,,,,,,,,,,,,,,,,,,,,,,,,,,,,,,,,,,,,,,,,,,,,,,,,,,,,,,,,,,,,,,,,,,,,,,,,,,,,,,,,,,,,,,,
,,,,,,,,,,,,,,,,,,,,,,,,,,,,,,,,,,,,,,,,,,,,,,,,,,,,,,,,,,,,,,,,,,,,,,,,,,,,,,,,,,,,,,,,,,,,,,,,,,,,,,,,,,,,,,,,,,,,,,,,,,,,,,,,,,,,,,,,,,,,,,
,,,,,,,,,,,,,,,,,,,,,,,,,,,,,,,,,,,,,,,,,,,,,,,,,,,,,,,,,,,,,,,,,,,,,,,,,,,,,,,,,,,,,,,,,,,,,,,,,,,,,,,,,,,,,,,,,,,,,,,,,,,,,,,,,,,,,,,,,,,,,,
,,,,,,,,,,,,,,,,,,,,,,,,,,,,,,,,,,,,,,,,,,,,,,,,,,,,,,,,,,,,,,,,,,,,,,,,,,,,,,,,,,,,,,,,,,,,,,,,,,,,,,,,,,,,,,,,,,,,,,,,,,,,,,,,,,,,,,,,,,,,,,
,,,,,,,,,,,,,,,,,,,,,,,,,,,,,,,,,,,,,,,,,,,,,,,,,,,,,,,,,,,,,,,,,,,,,,,,,,,,,,,,,,,,,,,,,,,,,,,,,,,,,,,,,,,,,,,,,,,,,,,,,,,,,,,,,,,,,,,,,,,,,,
,,,,,,,,,,,,,,,,,,,,,,,,,,,,,,,,,,,,,,,,,,,,,,,,,,,,,,,,,,,,,,,,,,,,,,,,,,,,,,,,,,,,,,,,,,,,,,,,,,,,,,,,,,,,,,,,,,,,,,,,,,,,,,,,,,,,,,,,,,,,,,
,,,,,,,,,,,,,,,,,,,,,,,,,,,,,,,,,,,,,,,,,,,,,,,,,,,,,,,,,,,,,,,,,,,,,,,,,,,,,,,,,,,,,,,,,,,,,,,,,,,,,,,,,,,,,,,,,,,,,,,,,,,,,,,,,,,,,,,,,,,,,,
,,,,,,,,,,,,,,,,,,,,,,,,,,,,,,,,,,,,,,,,,,,,,,,,,,,,,,,,,,,,,,,,,,,,,,,,,,,,,,,,,,,,,,,,,,,,,,,,,,,,,,,,,,,,,,,,,,,,,,,,,,,,,,,,,,,,,,,,,,,,,,
,,,,,,,,,,,,,,,,,,,,,,,,,,,,,,,,,,,,,,,,,,,,,,,,,,,,,,,,,,,,,,,,,,,,,,,,,,,,,,,,,,,,,,,,,,,,,,,,,,,,,,,,,,,,,,,,,,,,,,,,,,,,,,,,,,,,,,,,,,,,,,
,,,,,,,,,,,,,,,,,,,,,,,,,,,,,,,,,,,,,,,,,,,,,,,,,,,,,,,,,,,,,,,,,,,,,,,,,,,,,,,,,,,,,,,,,,,,,,,,,,,,,,,,,,,,,,,,,,,,,,,,,,,,,,,,,,,,,,,,,,,,,,
,,,,,,,,,,,,,,,,,,,,,,,,,,,,,,,,,,,,,,,,,,,,,,,,,,,,,,,,,,,,,,,,,,,,,,,,,,,,,,,,,,,,,,,,,,,,,,,,,,,,,,,,,,,,,,,,,,,,,,,,,,,,,,,,,,,,,,,,,,,,,,
,,,,,,,,,,,,,,,,,,,,,,,,,,,,,,,,,,,,,,,,,,,,,,,,,,,,,,,,,,,,,,,,,,,,,,,,,,,,,,,,,,,,,,,,,,,,,,,,,,,,,,,,,,,,,,,,,,,,,,,,,,,,,,,,,,,,,,,,,,,,,,
,,,,,,,,,,,,,,,,,,,,,,,,,,,,,,,,,,,,,,,,,,,,,,,,,,,,,,,,,,,,,,,,,,,,,,,,,,,,,,,,,,,,,,,,,,,,,,,,,,,,,,,,,,,,,,,,,,,,,,,,,,,,,,,,,,,,,,,,,,,,,,
,,,,,,,,,,,,,,,,,,,,,,,,,,,,,,,,,,,,,,,,,,,,,,,,,,,,,,,,,,,,,,,,,,,,,,,,,,,,,,,,,,,,,,,,,,,,,,,,,,,,,,,,,,,,,,,,,,,,,,,,,,,,,,,,,,,,,,,,,,,,,,
,,,,,,,,,,,,,,,,,,,,,,,,,,,,,,,,,,,,,,,,,,,,,,,,,,,,,,,,,,,,,,,,,,,,,,,,,,,,,,,,,,,,,,,,,,,,,,,,,,,,,,,,,,,,,,,,,,,,,,,,,,,,,,,,,,,,,,,,,,,,,,
,,,,,,,,,,,,,,,,,,,,,,,,,,,,,,,,,,,,,,,,,,,,,,,,,,,,,,,,,,,,,,,,,,,,,,,,,,,,,,,,,,,,,,,,,,,,,,,,,,,,,,,,,,,,,,,,,,,,,,,,,,,,,,,,,,,,,,,,,,,,,,
,,,,,,,,,,,,,,,,,,,,,,,,,,,,,,,,,,,,,,,,,,,,,,,,,,,,,,,,,,,,,,,,,,,,,,,,,,,,,,,,,,,,,,,,,,,,,,,,,,,,,,,,,,,,,,,,,,,,,,,,,,,,,,,,,,,,,,,,,,,,,,
,,,,,,,,,,,,,,,,,,,,,,,,,,,,,,,,,,,,,,,,,,,,,,,,,,,,,,,,,,,,,,,,,,,,,,,,,,,,,,,,,,,,,,,,,,,,,,,,,,,,,,,,,,,,,,,,,,,,,,,,,,,,,,,,,,,,,,,,,,,,,,
,,,,,,,,,,,,,,,,,,,,,,,,,,,,,,,,,,,,,,,,,,,,,,,,,,,,,,,,,,,,,,,,,,,,,,,,,,,,,,,,,,,,,,,,,,,,,,,,,,,,,,,,,,,,,,,,,,,,,,,,,,,,,,,,,,,,,,,,,,,,,,
,,,,,,,,,,,,,,,,,,,,,,,,,,,,,,,,,,,,,,,,,,,,,,,,,,,,,,,,,,,,,,,,,,,,,,,,,,,,,,,,,,,,,,,,,,,,,,,,,,,,,,,,,,,,,,,,,,,,,,,,,,,,,,,,,,,,,,,,,,,,,,
,,,,,,,,,,,,,,,,,,,,,,,,,,,,,,,,,,,,,,,,,,,,,,,,,,,,,,,,,,,,,,,,,,,,,,,,,,,,,,,,,,,,,,,,,,,,,,,,,,,,,,,,,,,,,,,,,,,,,,,,,,,,,,,,,,,,,,,,,,,,,,
,,,,,,,,,,,,,,,,,,,,,,,,,,,,,,,,,,,,,,,,,,,,,,,,,,,,,,,,,,,,,,,,,,,,,,,,,,,,,,,,,,,,,,,,,,,,,,,,,,,,,,,,,,,,,,,,,,,,,,,,,,,,,,,,,,,,,,,,,,,,,,
,,,,,,,,,,,,,,,,,,,,,,,,,,,,,,,,,,,,,,,,,,,,,,,,,,,,,,,,,,,,,,,,,,,,,,,,,,,,,,,,,,,,,,,,,,,,,,,,,,,,,,,,,,,,,,,,,,,,,,,,,,,,,,,,,,,,,,,,,,,,,,
,,,,,,,,,,,,,,,,,,,,,,,,,,,,,,,,,,,,,,,,,,,,,,,,,,,,,,,,,,,,,,,,,,,,,,,,,,,,,,,,,,,,,,,,,,,,,,,,,,,,,,,,,,,,,,,,,,,,,,,,,,,,,,,,,,,,,,,,,,,,,,
,,,,,,,,,,,,,,,,,,,,,,,,,,,,,,,,,,,,,,,,,,,,,,,,,,,,,,,,,,,,,,,,,,,,,,,,,,,,,,,,,,,,,,,,,,,,,,,,,,,,,,,,,,,,,,,,,,,,,,,,,,,,,,,,,,,,,,,,,,,,,,
,,,,,,,,,,,,,,,,,,,,,,,,,,,,,,,,,,,,,,,,,,,,,,,,,,,,,,,,,,,,,,,,,,,,,,,,,,,,,,,,,,,,,,,,,,,,,,,,,,,,,,,,,,,,,,,,,,,,,,,,,,,,,,,,,,,,,,,,,,,,,,
,,,,,,,,,,,,,,,,,,,,,,,,,,,,,,,,,,,,,,,,,,,,,,,,,,,,,,,,,,,,,,,,,,,,,,,,,,,,,,,,,,,,,,,,,,,,,,,,,,,,,,,,,,,,,,,,,,,,,,,,,,,,,,,,,,,,,,,,,,,,,,
,,,,,,,,,,,,,,,,,,,,,,,,,,,,,,,,,,,,,,,,,,,,,,,,,,,,,,,,,,,,,,,,,,,,,,,,,,,,,,,,,,,,,,,,,,,,,,,,,,,,,,,,,,,,,,,,,,,,,,,,,,,,,,,,,,,,,,,,,,,,,,
,,,,,,,,,,,,,,,,,,,,,,,,,,,,,,,,,,,,,,,,,,,,,,,,,,,,,,,,,,,,,,,,,,,,,,,,,,,,,,,,,,,,,,,,,,,,,,,,,,,,,,,,,,,,,,,,,,,,,,,,,,,,,,,,,,,,,,,,,,,,,,
,,,,,,,,,,,,,,,,,,,,,,,,,,,,,,,,,,,,,,,,,,,,,,,,,,,,,,,,,,,,,,,,,,,,,,,,,,,,,,,,,,,,,,,,,,,,,,,,,,,,,,,,,,,,,,,,,,,,,,,,,,,,,,,,,,,,,,,,,,,,,,
,,,,,,,,,,,,,,,,,,,,,,,,,,,,,,,,,,,,,,,,,,,,,,,,,,,,,,,,,,,,,,,,,,,,,,,,,,,,,,,,,,,,,,,,,,,,,,,,,,,,,,,,,,,,,,,,,,,,,,,,,,,,,,,,,,,,,,,,,,,,,,
,,,,,,,,,,,,,,,,,,,,,,,,,,,,,,,,,,,,,,,,,,,,,,,,,,,,,,,,,,,,,,,,,,,,,,,,,,,,,,,,,,,,,,,,,,,,,,,,,,,,,,,,,,,,,,,,,,,,,,,,,,,,,,,,,,,,,,,,,,,,,,
,,,,,,,,,,,,,,,,,,,,,,,,,,,,,,,,,,,,,,,,,,,,,,,,,,,,,,,,,,,,,,,,,,,,,,,,,,,,,,,,,,,,,,,,,,,,,,,,,,,,,,,,,,,,,,,,,,,,,,,,,,,,,,,,,,,,,,,,,,,,,,
,,,,,,,,,,,,,,,,,,,,,,,,,,,,,,,,,,,,,,,,,,,,,,,,,,,,,,,,,,,,,,,,,,,,,,,,,,,,,,,,,,,,,,,,,,,,,,,,,,,,,,,,,,,,,,,,,,,,,,,,,,,,,,,,,,,,,,,,,,,,,,
,,,,,,,,,,,,,,,,,,,,,,,,,,,,,,,,,,,,,,,,,,,,,,,,,,,,,,,,,,,,,,,,,,,,,,,,,,,,,,,,,,,,,,,,,,,,,,,,,,,,,,,,,,,,,,,,,,,,,,,,,,,,,,,,,,,,,,,,,,,,,,
,,,,,,,,,,,,,,,,,,,,,,,,,,,,,,,,,,,,,,,,,,,,,,,,,,,,,,,,,,,,,,,,,,,,,,,,,,,,,,,,,,,,,,,,,,,,,,,,,,,,,,,,,,,,,,,,,,,,,,,,,,,,,,,,,,,,,,,,,,,,,,
,,,,,,,,,,,,,,,,,,,,,,,,,,,,,,,,,,,,,,,,,,,,,,,,,,,,,,,,,,,,,,,,,,,,,,,,,,,,,,,,,,,,,,,,,,,,,,,,,,,,,,,,,,,,,,,,,,,,,,,,,,,,,,,,,,,,,,,,,,,,,,
,,,,,,,,,,,,,,,,,,,,,,,,,,,,,,,,,,,,,,,,,,,,,,,,,,,,,,,,,,,,,,,,,,,,,,,,,,,,,,,,,,,,,,,,,,,,,,,,,,,,,,,,,,,,,,,,,,,,,,,,,,,,,,,,,,,,,,,,,,,,,,
,,,,,,,,,,,,,,,,,,,,,,,,,,,,,,,,,,,,,,,,,,,,,,,,,,,,,,,,,,,,,,,,,,,,,,,,,,,,,,,,,,,,,,,,,,,,,,,,,,,,,,,,,,,,,,,,,,,,,,,,,,,,,,,,,,,,,,,,,,,,,,
,,,,,,,,,,,,,,,,,,,,,,,,,,,,,,,,,,,,,,,,,,,,,,,,,,,,,,,,,,,,,,,,,,,,,,,,,,,,,,,,,,,,,,,,,,,,,,,,,,,,,,,,,,,,,,,,,,,,,,,,,,,,,,,,,,,,,,,,,,,,,,
,,,,,,,,,,,,,,,,,,,,,,,,,,,,,,,,,,,,,,,,,,,,,,,,,,,,,,,,,,,,,,,,,,,,,,,,,,,,,,,,,,,,,,,,,,,,,,,,,,,,,,,,,,,,,,,,,,,,,,,,,,,,,,,,,,,,,,,,,,,,,,
,,,,,,,,,,,,,,,,,,,,,,,,,,,,,,,,,,,,,,,,,,,,,,,,,,,,,,,,,,,,,,,,,,,,,,,,,,,,,,,,,,,,,,,,,,,,,,,,,,,,,,,,,,,,,,,,,,,,,,,,,,,,,,,,,,,,,,,,,,,,,,
,,,,,,,,,,,,,,,,,,,,,,,,,,,,,,,,,,,,,,,,,,,,,,,,,,,,,,,,,,,,,,,,,,,,,,,,,,,,,,,,,,,,,,,,,,,,,,,,,,,,,,,,,,,,,,,,,,,,,,,,,,,,,,,,,,,,,,,,,,,,,,
,,,,,,,,,,,,,,,,,,,,,,,,,,,,,,,,,,,,,,,,,,,,,,,,,,,,,,,,,,,,,,,,,,,,,,,,,,,,,,,,,,,,,,,,,,,,,,,,,,,,,,,,,,,,,,,,,,,,,,,,,,,,,,,,,,,,,,,,,,,,,,
,,,,,,,,,,,,,,,,,,,,,,,,,,,,,,,,,,,,,,,,,,,,,,,,,,,,,,,,,,,,,,,,,,,,,,,,,,,,,,,,,,,,,,,,,,,,,,,,,,,,,,,,,,,,,,,,,,,,,,,,,,,,,,,,,,,,,,,,,,,,,,
,,,,,,,,,,,,,,,,,,,,,,,,,,,,,,,,,,,,,,,,,,,,,,,,,,,,,,,,,,,,,,,,,,,,,,,,,,,,,,,,,,,,,,,,,,,,,,,,,,,,,,,,,,,,,,,,,,,,,,,,,,,,,,,,,,,,,,,,,,,,,,
,,,,,,,,,,,,,,,,,,,,,,,,,,,,,,,,,,,,,,,,,,,,,,,,,,,,,,,,,,,,,,,,,,,,,,,,,,,,,,,,,,,,,,,,,,,,,,,,,,,,,,,,,,,,,,,,,,,,,,,,,,,,,,,,,,,,,,,,,,,,,,
,,,,,,,,,,,,,,,,,,,,,,,,,,,,,,,,,,,,,,,,,,,,,,,,,,,,,,,,,,,,,,,,,,,,,,,,,,,,,,,,,,,,,,,,,,,,,,,,,,,,,,,,,,,,,,,,,,,,,,,,,,,,,,,,,,,,,,,,,,,,,,
,,,,,,,,,,,,,,,,,,,,,,,,,,,,,,,,,,,,,,,,,,,,,,,,,,,,,,,,,,,,,,,,,,,,,,,,,,,,,,,,,,,,,,,,,,,,,,,,,,,,,,,,,,,,,,,,,,,,,,,,,,,,,,,,,,,,,,,,,,,,,,
,,,,,,,,,,,,,,,,,,,,,,,,,,,,,,,,,,,,,,,,,,,,,,,,,,,,,,,,,,,,,,,,,,,,,,,,,,,,,,,,,,,,,,,,,,,,,,,,,,,,,,,,,,,,,,,,,,,,,,,,,,,,,,,,,,,,,,,,,,,,,,
,,,,,,,,,,,,,,,,,,,,,,,,,,,,,,,,,,,,,,,,,,,,,,,,,,,,,,,,,,,,,,,,,,,,,,,,,,,,,,,,,,,,,,,,,,,,,,,,,,,,,,,,,,,,,,,,,,,,,,,,,,,,,,,,,,,,,,,,,,,,,,
,,,,,,,,,,,,,,,,,,,,,,,,,,,,,,,,,,,,,,,,,,,,,,,,,,,,,,,,,,,,,,,,,,,,,,,,,,,,,,,,,,,,,,,,,,,,,,,,,,,,,,,,,,,,,,,,,,,,,,,,,,,,,,,,,,,,,,,,,,,,,,
,,,,,,,,,,,,,,,,,,,,,,,,,,,,,,,,,,,,,,,,,,,,,,,,,,,,,,,,,,,,,,,,,,,,,,,,,,,,,,,,,,,,,,,,,,,,,,,,,,,,,,,,,,,,,,,,,,,,,,,,,,,,,,,,,,,,,,,,,,,,,,
,,,,,,,,,,,,,,,,,,,,,,,,,,,,,,,,,,,,,,,,,,,,,,,,,,,,,,,,,,,,,,,,,,,,,,,,,,,,,,,,,,,,,,,,,,,,,,,,,,,,,,,,,,,,,,,,,,,,,,,,,,,,,,,,,,,,,,,,,,,,,,
,,,,,,,,,,,,,,,,,,,,,,,,,,,,,,,,,,,,,,,,,,,,,,,,,,,,,,,,,,,,,,,,,,,,,,,,,,,,,,,,,,,,,,,,,,,,,,,,,,,,,,,,,,,,,,,,,,,,,,,,,,,,,,,,,,,,,,,,,,,,,,
,,,,,,,,,,,,,,,,,,,,,,,,,,,,,,,,,,,,,,,,,,,,,,,,,,,,,,,,,,,,,,,,,,,,,,,,,,,,,,,,,,,,,,,,,,,,,,,,,,,,,,,,,,,,,,,,,,,,,,,,,,,,,,,,,,,,,,,,,,,,,,
,,,,,,,,,,,,,,,,,,,,,,,,,,,,,,,,,,,,,,,,,,,,,,,,,,,,,,,,,,,,,,,,,,,,,,,,,,,,,,,,,,,,,,,,,,,,,,,,,,,,,,,,,,,,,,,,,,,,,,,,,,,,,,,,,,,,,,,,,,,,,,
,,,,,,,,,,,,,,,,,,,,,,,,,,,,,,,,,,,,,,,,,,,,,,,,,,,,,,,,,,,,,,,,,,,,,,,,,,,,,,,,,,,,,,,,,,,,,,,,,,,,,,,,,,,,,,,,,,,,,,,,,,,,,,,,,,,,,,,,,,,,,,
,,,,,,,,,,,,,,,,,,,,,,,,,,,,,,,,,,,,,,,,,,,,,,,,,,,,,,,,,,,,,,,,,,,,,,,,,,,,,,,,,,,,,,,,,,,,,,,,,,,,,,,,,,,,,,,,,,,,,,,,,,,,,,,,,,,,,,,,,,,,,,
,,,,,,,,,,,,,,,,,,,,,,,,,,,,,,,,,,,,,,,,,,,,,,,,,,,,,,,,,,,,,,,,,,,,,,,,,,,,,,,,,,,,,,,,,,,,,,,,,,,,,,,,,,,,,,,,,,,,,,,,,,,,,,,,,,,,,,,,,,,,,,
,,,,,,,,,,,,,,,,,,,,,,,,,,,,,,,,,,,,,,,,,,,,,,,,,,,,,,,,,,,,,,,,,,,,,,,,,,,,,,,,,,,,,,,,,,,,,,,,,,,,,,,,,,,,,,,,,,,,,,,,,,,,,,,,,,,,,,,,,,,,,,
,,,,,,,,,,,,,,,,,,,,,,,,,,,,,,,,,,,,,,,,,,,,,,,,,,,,,,,,,,,,,,,,,,,,,,,,,,,,,,,,,,,,,,,,,,,,,,,,,,,,,,,,,,,,,,,,,,,,,,,,,,,,,,,,,,,,,,,,,,,,,,
,,,,,,,,,,,,,,,,,,,,,,,,,,,,,,,,,,,,,,,,,,,,,,,,,,,,,,,,,,,,,,,,,,,,,,,,,,,,,,,,,,,,,,,,,,,,,,,,,,,,,,,,,,,,,,,,,,,,,,,,,,,,,,,,,,,,,,,,,,,,,,
,,,,,,,,,,,,,,,,,,,,,,,,,,,,,,,,,,,,,,,,,,,,,,,,,,,,,,,,,,,,,,,,,,,,,,,,,,,,,,,,,,,,,,,,,,,,,,,,,,,,,,,,,,,,,,,,,,,,,,,,,,,,,,,,,,,,,,,,,,,,,,
,,,,,,,,,,,,,,,,,,,,,,,,,,,,,,,,,,,,,,,,,,,,,,,,,,,,,,,,,,,,,,,,,,,,,,,,,,,,,,,,,,,,,,,,,,,,,,,,,,,,,,,,,,,,,,,,,,,,,,,,,,,,,,,,,,,,,,,,,,,,,,
,,,,,,,,,,,,,,,,,,,,,,,,,,,,,,,,,,,,,,,,,,,,,,,,,,,,,,,,,,,,,,,,,,,,,,,,,,,,,,,,,,,,,,,,,,,,,,,,,,,,,,,,,,,,,,,,,,,,,,,,,,,,,,,,,,,,,,,,,,,,,,
,,,,,,,,,,,,,,,,,,,,,,,,,,,,,,,,,,,,,,,,,,,,,,,,,,,,,,,,,,,,,,,,,,,,,,,,,,,,,,,,,,,,,,,,,,,,,,,,,,,,,,,,,,,,,,,,,,,,,,,,,,,,,,,,,,,,,,,,,,,,,,
,,,,,,,,,,,,,,,,,,,,,,,,,,,,,,,,,,,,,,,,,,,,,,,,,,,,,,,,,,,,,,,,,,,,,,,,,,,,,,,,,,,,,,,,,,,,,,,,,,,,,,,,,,,,,,,,,,,,,,,,,,,,,,,,,,,,,,,,,,,,,,
,,,,,,,,,,,,,,,,,,,,,,,,,,,,,,,,,,,,,,,,,,,,,,,,,,,,,,,,,,,,,,,,,,,,,,,,,,,,,,,,,,,,,,,,,,,,,,,,,,,,,,,,,,,,,,,,,,,,,,,,,,,,,,,,,,,,,,,,,,,,,,
,,,,,,,,,,,,,,,,,,,,,,,,,,,,,,,,,,,,,,,,,,,,,,,,,,,,,,,,,,,,,,,,,,,,,,,,,,,,,,,,,,,,,,,,,,,,,,,,,,,,,,,,,,,,,,,,,,,,,,,,,,,,,,,,,,,,,,,,,,,,,,
,,,,,,,,,,,,,,,,,,,,,,,,,,,,,,,,,,,,,,,,,,,,,,,,,,,,,,,,,,,,,,,,,,,,,,,,,,,,,,,,,,,,,,,,,,,,,,,,,,,,,,,,,,,,,,,,,,,,,,,,,,,,,,,,,,,,,,,,,,,,,,
,,,,,,,,,,,,,,,,,,,,,,,,,,,,,,,,,,,,,,,,,,,,,,,,,,,,,,,,,,,,,,,,,,,,,,,,,,,,,,,,,,,,,,,,,,,,,,,,,,,,,,,,,,,,,,,,,,,,,,,,,,,,,,,,,,,,,,,,,,,,,,
,,,,,,,,,,,,,,,,,,,,,,,,,,,,,,,,,,,,,,,,,,,,,,,,,,,,,,,,,,,,,,,,,,,,,,,,,,,,,,,,,,,,,,,,,,,,,,,,,,,,,,,,,,,,,,,,,,,,,,,,,,,,,,,,,,,,,,,,,,,,,,
,,,,,,,,,,,,,,,,,,,,,,,,,,,,,,,,,,,,,,,,,,,,,,,,,,,,,,,,,,,,,,,,,,,,,,,,,,,,,,,,,,,,,,,,,,,,,,,,,,,,,,,,,,,,,,,,,,,,,,,,,,,,,,,,,,,,,,,,,,,,,,
,,,,,,,,,,,,,,,,,,,,,,,,,,,,,,,,,,,,,,,,,,,,,,,,,,,,,,,,,,,,,,,,,,,,,,,,,,,,,,,,,,,,,,,,,,,,,,,,,,,,,,,,,,,,,,,,,,,,,,,,,,,,,,,,,,,,,,,,,,,,,,
,,,,,,,,,,,,,,,,,,,,,,,,,,,,,,,,,,,,,,,,,,,,,,,,,,,,,,,,,,,,,,,,,,,,,,,,,,,,,,,,,,,,,,,,,,,,,,,,,,,,,,,,,,,,,,,,,,,,,,,,,,,,,,,,,,,,,,,,,,,,,,
,,,,,,,,,,,,,,,,,,,,,,,,,,,,,,,,,,,,,,,,,,,,,,,,,,,,,,,,,,,,,,,,,,,,,,,,,,,,,,,,,,,,,,,,,,,,,,,,,,,,,,,,,,,,,,,,,,,,,,,,,,,,,,,,,,,,,,,,,,,,,,
,,,,,,,,,,,,,,,,,,,,,,,,,,,,,,,,,,,,,,,,,,,,,,,,,,,,,,,,,,,,,,,,,,,,,,,,,,,,,,,,,,,,,,,,,,,,,,,,,,,,,,,,,,,,,,,,,,,,,,,,,,,,,,,,,,,,,,,,,,,,,,
,,,,,,,,,,,,,,,,,,,,,,,,,,,,,,,,,,,,,,,,,,,,,,,,,,,,,,,,,,,,,,,,,,,,,,,,,,,,,,,,,,,,,,,,,,,,,,,,,,,,,,,,,,,,,,,,,,,,,,,,,,,,,,,,,,,,,,,,,,,,,,
,,,,,,,,,,,,,,,,,,,,,,,,,,,,,,,,,,,,,,,,,,,,,,,,,,,,,,,,,,,,,,,,,,,,,,,,,,,,,,,,,,,,,,,,,,,,,,,,,,,,,,,,,,,,,,,,,,,,,,,,,,,,,,,,,,,,,,,,,,,,,,
,,,,,,,,,,,,,,,,,,,,,,,,,,,,,,,,,,,,,,,,,,,,,,,,,,,,,,,,,,,,,,,,,,,,,,,,,,,,,,,,,,,,,,,,,,,,,,,,,,,,,,,,,,,,,,,,,,,,,,,,,,,,,,,,,,,,,,,,,,,,,,
,,,,,,,,,,,,,,,,,,,,,,,,,,,,,,,,,,,,,,,,,,,,,,,,,,,,,,,,,,,,,,,,,,,,,,,,,,,,,,,,,,,,,,,,,,,,,,,,,,,,,,,,,,,,,,,,,,,,,,,,,,,,,,,,,,,,,,,,,,,,,,
,,,,,,,,,,,,,,,,,,,,,,,,,,,,,,,,,,,,,,,,,,,,,,,,,,,,,,,,,,,,,,,,,,,,,,,,,,,,,,,,,,,,,,,,,,,,,,,,,,,,,,,,,,,,,,,,,,,,,,,,,,,,,,,,,,,,,,,,,,,,,,
,,,,,,,,,,,,,,,,,,,,,,,,,,,,,,,,,,,,,,,,,,,,,,,,,,,,,,,,,,,,,,,,,,,,,,,,,,,,,,,,,,,,,,,,,,,,,,,,,,,,,,,,,,,,,,,,,,,,,,,,,,,,,,,,,,,,,,,,,,,,,,
,,,,,,,,,,,,,,,,,,,,,,,,,,,,,,,,,,,,,,,,,,,,,,,,,,,,,,,,,,,,,,,,,,,,,,,,,,,,,,,,,,,,,,,,,,,,,,,,,,,,,,,,,,,,,,,,,,,,,,,,,,,,,,,,,,,,,,,,,,,,,,
,,,,,,,,,,,,,,,,,,,,,,,,,,,,,,,,,,,,,,,,,,,,,,,,,,,,,,,,,,,,,,,,,,,,,,,,,,,,,,,,,,,,,,,,,,,,,,,,,,,,,,,,,,,,,,,,,,,,,,,,,,,,,,,,,,,,,,,,,,,,,,
,,,,,,,,,,,,,,,,,,,,,,,,,,,,,,,,,,,,,,,,,,,,,,,,,,,,,,,,,,,,,,,,,,,,,,,,,,,,,,,,,,,,,,,,,,,,,,,,,,,,,,,,,,,,,,,,,,,,,,,,,,,,,,,,,,,,,,,,,,,,,,
,,,,,,,,,,,,,,,,,,,,,,,,,,,,,,,,,,,,,,,,,,,,,,,,,,,,,,,,,,,,,,,,,,,,,,,,,,,,,,,,,,,,,,,,,,,,,,,,,,,,,,,,,,,,,,,,,,,,,,,,,,,,,,,,,,,,,,,,,,,,,,
,,,,,,,,,,,,,,,,,,,,,,,,,,,,,,,,,,,,,,,,,,,,,,,,,,,,,,,,,,,,,,,,,,,,,,,,,,,,,,,,,,,,,,,,,,,,,,,,,,,,,,,,,,,,,,,,,,,,,,,,,,,,,,,,,,,,,,,,,,,,,,
,,,,,,,,,,,,,,,,,,,,,,,,,,,,,,,,,,,,,,,,,,,,,,,,,,,,,,,,,,,,,,,,,,,,,,,,,,,,,,,,,,,,,,,,,,,,,,,,,,,,,,,,,,,,,,,,,,,,,,,,,,,,,,,,,,,,,,,,,,,,,,
,,,,,,,,,,,,,,,,,,,,,,,,,,,,,,,,,,,,,,,,,,,,,,,,,,,,,,,,,,,,,,,,,,,,,,,,,,,,,,,,,,,,,,,,,,,,,,,,,,,,,,,,,,,,,,,,,,,,,,,,,,,,,,,,,,,,,,,,,,,,,,
,,,,,,,,,,,,,,,,,,,,,,,,,,,,,,,,,,,,,,,,,,,,,,,,,,,,,,,,,,,,,,,,,,,,,,,,,,,,,,,,,,,,,,,,,,,,,,,,,,,,,,,,,,,,,,,,,,,,,,,,,,,,,,,,,,,,,,,,,,,,,,
,,,,,,,,,,,,,,,,,,,,,,,,,,,,,,,,,,,,,,,,,,,,,,,,,,,,,,,,,,,,,,,,,,,,,,,,,,,,,,,,,,,,,,,,,,,,,,,,,,,,,,,,,,,,,,,,,,,,,,,,,,,,,,,,,,,,,,,,,,,,,,
,,,,,,,,,,,,,,,,,,,,,,,,,,,,,,,,,,,,,,,,,,,,,,,,,,,,,,,,,,,,,,,,,,,,,,,,,,,,,,,,,,,,,,,,,,,,,,,,,,,,,,,,,,,,,,,,,,,,,,,,,,,,,,,,,,,,,,,,,,,,,,
,,,,,,,,,,,,,,,,,,,,,,,,,,,,,,,,,,,,,,,,,,,,,,,,,,,,,,,,,,,,,,,,,,,,,,,,,,,,,,,,,,,,,,,,,,,,,,,,,,,,,,,,,,,,,,,,,,,,,,,,,,,,,,,,,,,,,,,,,,,,,,
,,,,,,,,,,,,,,,,,,,,,,,,,,,,,,,,,,,,,,,,,,,,,,,,,,,,,,,,,,,,,,,,,,,,,,,,,,,,,,,,,,,,,,,,,,,,,,,,,,,,,,,,,,,,,,,,,,,,,,,,,,,,,,,,,,,,,,,,,,,,,,
,,,,,,,,,,,,,,,,,,,,,,,,,,,,,,,,,,,,,,,,,,,,,,,,,,,,,,,,,,,,,,,,,,,,,,,,,,,,,,,,,,,,,,,,,,,,,,,,,,,,,,,,,,,,,,,,,,,,,,,,,,,,,,,,,,,,,,,,,,,,,,
,,,,,,,,,,,,,,,,,,,,,,,,,,,,,,,,,,,,,,,,,,,,,,,,,,,,,,,,,,,,,,,,,,,,,,,,,,,,,,,,,,,,,,,,,,,,,,,,,,,,,,,,,,,,,,,,,,,,,,,,,,,,,,,,,,,,,,,,,,,,,,
,,,,,,,,,,,,,,,,,,,,,,,,,,,,,,,,,,,,,,,,,,,,,,,,,,,,,,,,,,,,,,,,,,,,,,,,,,,,,,,,,,,,,,,,,,,,,,,,,,,,,,,,,,,,,,,,,,,,,,,,,,,,,,,,,,,,,,,,,,,,,,
,,,,,,,,,,,,,,,,,,,,,,,,,,,,,,,,,,,,,,,,,,,,,,,,,,,,,,,,,,,,,,,,,,,,,,,,,,,,,,,,,,,,,,,,,,,,,,,,,,,,,,,,,,,,,,,,,,,,,,,,,,,,,,,,,,,,,,,,,,,,,,
,,,,,,,,,,,,,,,,,,,,,,,,,,,,,,,,,,,,,,,,,,,,,,,,,,,,,,,,,,,,,,,,,,,,,,,,,,,,,,,,,,,,,,,,,,,,,,,,,,,,,,,,,,,,,,,,,,,,,,,,,,,,,,,,,,,,,,,,,,,,,,
,,,,,,,,,,,,,,,,,,,,,,,,,,,,,,,,,,,,,,,,,,,,,,,,,,,,,,,,,,,,,,,,,,,,,,,,,,,,,,,,,,,,,,,,,,,,,,,,,,,,,,,,,,,,,,,,,,,,,,,,,,,,,,,,,,,,,,,,,,,,,,
,,,,,,,,,,,,,,,,,,,,,,,,,,,,,,,,,,,,,,,,,,,,,,,,,,,,,,,,,,,,,,,,,,,,,,,,,,,,,,,,,,,,,,,,,,,,,,,,,,,,,,,,,,,,,,,,,,,,,,,,,,,,,,,,,,,,,,,,,,,,,,
,,,,,,,,,,,,,,,,,,,,,,,,,,,,,,,,,,,,,,,,,,,,,,,,,,,,,,,,,,,,,,,,,,,,,,,,,,,,,,,,,,,,,,,,,,,,,,,,,,,,,,,,,,,,,,,,,,,,,,,,,,,,,,,,,,,,,,,,,,,,,,
,,,,,,,,,,,,,,,,,,,,,,,,,,,,,,,,,,,,,,,,,,,,,,,,,,,,,,,,,,,,,,,,,,,,,,,,,,,,,,,,,,,,,,,,,,,,,,,,,,,,,,,,,,,,,,,,,,,,,,,,,,,,,,,,,,,,,,,,,,,,,,
