,,,,,,,,,,,,,,,,,,TIME TABLE JULY TO DEC 2026,,,,,,,,,,,,,,,,,,,,,,,,,,,,,,,,,,,,,,,,,,,,,,,,,,,,,,,,,,,,,,,,,,TIME TABLE JULY TO DEC 2026,,,,,,,,,,TIME TABLE JULY TO DEC 2026,,,,,,,,,,,,,,,,,,,,TIME TABLE JULY TO DEC 2026,,,,,,,,,,,,,,,,,,,,,,
,,,,,,,,,,,,,,,,,,,3RD YEAR -B,,,,,,,,,,,,,,,,,,,,,,,,,,,,,,,,,,,,,,,,,,,,,,,,,,,,,,,,,,,,,,,,,       3RD YEAR B,,,,,,,,,,       3RD YEAR B,,,,,,,,,,,,,,,,,,,,       3RD YEAR B,,,,,,,,,,,,,,,,,,,,,,
,,BRANCH,,COMPUTER ENGG,,,,,,,,,,,,,,,,COMPUTER ENGG,,,,,,,,,,COMPUTER ENGG,,,,,,,,,,COMPUTER ENGG,,,,,,,,,,COMPUTER ENGG,,,,,,,,,,COMPUTER ENGG,,,,,,,,,,COMPUTER ENGG,,,,,,,,,,,,,,COMPUTER SCIENCE AND ENGG,,,,,,,,,,COMPUTER SCIENCE AND ENGG,,,,,,,,,,COMPUTER SCIENCE AND ENGG,,,,,,,,,,,,COMPUTER SCIENCE AND ENGG,,,,,,,,AI AND MACHINE LEARNING,,,,,,,,,,,,
,,LECTURE,,3C1,,,,,,,,,,,,,,,,3C2,,,,,,,,,,3C3,,,,,,,,,,3C4,,,,,,,,,,3C5,,,,,,,,,,3C6,,,,,,,,,,3C7,,,,,,,,,,,,,,3Q1,,,,,,,,,,3Q2,,,,,,,,,,3Q3,,,,,,,,,,3P1,,,,,,,,LEET,,3X1,,,,,,,,,,,,
,,TUTORIAL,,3C11,,3C12,,3C13,,3C14,,3C15,,3C16,,3C17,,3C18,,3C21,,3C22,,3C23,,3C24,,3C25,,3C31,,3C32,,3C33,,3C34,,3C35,,3C41,,3C42,,3C43,,3C44,,3C45,,3C51,,3C52,,3C53,,3C54,,3C55,,3C61,,3C62,,3C63,,3C64,,3C65,,3C71,,3C72,,3C73,,3C74,,3C75,,3C811,,3C812,,3Q11,,3Q12,,3Q13,,3Q14,,3Q15,,3Q21,,3Q22,,3Q23,,3Q24,,3Q25,,3Q31,,3Q32,,3Q33,,3Q34,,3Q35,,3P11,,3P12,,3P13,,3P14,,3Q41,,3X11,,3X12,,3X13,,3X14,,3X15,,,,
DAY,,PRACTICAL,HOURS,3C1A,,3C1B,,3C1C,,3C1D,,3C1E,,3C1F,,3C1G,,3C1H,,3C2A,,3C2B,,3C2C,,3C2D,,3C2E,,3C3A,,3C3B,,3C3C,,3C3D,,3C3E,,3C4A,,3C4B,,3C4C,,3C4D,,3C4E,,3C5A,,3C5B,,3C5C,,3C5D,,3C5E,,3C6A,,3C6B,,3C6C,,3C6D,,3C6E,,3C7A,,3C7B,,3C7C,,3C7D,,3C7E,,3C81A,,3C81B,,3Q1A,,3Q1B,,3Q1C,,3Q1D,,3Q1E,,3Q2A,,3Q2B,,3Q2C,,3Q2D,,3Q2E,,3Q3A,,3Q3B,,3Q3C,,3Q3D,,3Q3E,,3P1A,,3P1B,,3P1C,,3P1D,,3Q4A,,3X1A,,3X1B,,3X1C,,3X1D,,3X1E,,DAY,,HOURS
,1,,8:00 AM,UCS503L,,,,,,,,,,,,,,,,UCS615L,,,,,,,,,,UCS503P,,UCS503P,,UCS553P,,,,,,UCS503L,,,,,,,,,,UML501P,,UML501P,,UCS615P,,UCS615P,,UML501P,,UCS510L,,,,,,,,,,,,,,,,,,,,UCS503L,,,,,,UML501P,,,,,,UCS503P,,UCS420P,,,,UCS553P,,UCS553P,,UCS553P,,,,,,,,,,,,,,,,,,,,,,,,,,,,,,,,,1,8:00 AM
M,,,,LT102,,,,,,,,,,,,,,,ASB,LT402,,,,,,,,,ANP,SE1(L104),,SE2(L105),,NS2(L103),,,,,,LT401,,,,,,,,,KML,PG(L313),,AI(L301),,IS1(L408),,IS2(L409),,DT(L308),,LT403,,,,,,,,,YAD,,,,,,,,,,,LT102,,,ASB,,,ML(L009),,,,,,SD(L501),,CIS(L301),,,,NS1(L102),,ES1(L401),,ES2(L402),,,,,,,,,,,,,,,,,,,,,,,,,,,,,,,,M,,
,2,,8:50 AM,UCS615L,,,,,,,,,,,,,,,,UCS421L,,,,,,,,,,LAB,,LAB,,LAB,,,,,,UCS615L,,,,,,,,,,LAB,,LAB,,LAB,,LAB,,LAB,,UCS503L,,,,,,,,,,,,,,,,,,,,UCS615L,,,,,,LAB,,,,,,LAB,,LAB,,,,LAB,,LAB,,LAB,,,,,,,,,,,,,,,,,,,,,,,,,,,,,,,,,2,8:50 AM
O,,,,LT102,,,,,,,,,,,,,,,ABK,LT402,,,,,,,,,APB,PRM-RA,,JEE-RA,,NIK-RA,,,,,,LT401,,,,,,,,,ANP,HJS-RA,,ABY-RA,,MNV-RA,,GAU-RA,,AMR-RA,,LT403,,,,,,,,,ASB,,,,,,,,,,,LT102,,,ABK,,,SHK-RA,,,,,,SKH-RA,,ANY-RA,,,,NRD-RA,,KAK-RA,,DIM-RA,,,,,,,,,,,,,,,,,,,,,,,,,,,,,,,,O,,
,3,,9:40 AM,UCS510L,,,,,,,,,,,,,,,,UML501P,,UML501P,,UCS503P,,,,UCS553P,,UCS615L,,,,,,,,,,UCS615P,,UCS615P,,UCS553P,,UML501P,,UCS503P,,UCS553L,,,,,,,,,,,,,,UCS615P,,UCS553P,,UCS553P,,,,,,UML501P,,,,,,UCS510L,,,,UCS421L,,,,,,,,,,UCS553L,,,,,,,,,,,,,,,,UCS503P,,UML501P,,,,,,,,,,UCS420P,,UAI502L,,,,,,,,,,,3,9:40 AM
N,,,,LT102,,,,,,,,,,,,,,,YAD,AI(L307),,PG(L313),,SE2(L105),,,,NS1(L102),,LT302,,,,,,,,,NIS,IS1(L408),,IS2(L409),,NS2(L103),,ML(L009),,SE1(L104),,LT303,,,,,,,,,NF1,,,,,CG2(L430),,ES1(L401),,ES2(L402),,,,,,HPC(L312),,,,,,LT102,,,YAS,LT402,,,,,,,,,SMR,LT403,,,,,,,,,JAB,,,,,,,SD(L501),,DT(L308),,,,,,,,,,CIS(L301),,T106,,,,,,,,,SJ,N,,
,4,,10:30 AM,UCS421L,,,,,,,,,,UCS421L,,,,,,LAB,,LAB,,LAB,,,,LAB,,UCS421L,,,,,,,,,,LAB,,LAB,,LAB,,LAB,,LAB,,UCS421L,,,,,,,,,,,,,,LAB,,LAB,,LAB,,,,,,LAB,,,,,,UCS421L,,,,UCS503L,,,,,,,,,,UCS510L,,,,,,,,,,,,,,,,LAB,,LAB,,,,,,,,,,LAB,,UAI501L,,,,,,,,,,,4,10:30 AM
D,,,,LT102,,,,,,,,,MKB,LT401,,,,,APB,SKK,,MCL,,JHS-RA,,,,CHN,,LT302,,,,,,,,,ASK(DE),MNV-RA,,KML-RA,,CHC-RA,,SHK-RA,,KRT-TA,,LT303,,,,,,,,,DBD,,,,,GAU-RA,,SUR,,DEG-RA,,,,,,RTS,,,,,,LT401,,,APB,LT402,,,,,,,,,TAG,LT403,,,,,,,,,AAS,,,,,,,NDK-RA,,AMR-RA,,,,,,,,,,MMK,,T106,,,,,,,,,ASA,D,,
,5,,11:20 AM,UCS503P,,UCS503P,,,,,,,,,,UCS615P,,UCS615P,,,,,,,,,,,,UML501L,,,,,,,,,,,,,,,,,,,,UCS531P/UCS548P,,,,,,,,,,,,,,,,,,,,UCS421L,,,,,,,,,,,,,,UCS553P,,,,UCS553P,,UCS420P,,,,UML501P,,UCS553P,,,,,,,,UML501L,,,,,,,,,,UCS510L,,,,,,,,,,UCS503P,,UAI502P,,UAI501P,,,,UAI504P,,,5,11:20 AM
A,,,,SE1(L104),,SE2(L105),,,,,,,,,,IS1(L408),,IS2(L409),,,,,,,,,,,,LT302,,,,,,,,,SKK,,,,,,,,,,,L302/LL313,,,,,,,,,,,,,,,,,,,,T105,,,,,,,,,DSH,,,,,ES1(L401),,,,ES2(L402),,CIS(L301),,,,HPC(L312),,NS1(L102),,,,,,,,LT403,,,,,,,,,AMR,T106,,,,,,,,,GVR,SD(L501),,AI(L307),,CG2(L430),,,,NS2(L103),,A,,
,6,,12:10 PM,LAB,,LAB,,,,,,,,,,LAB,,LAB,,,,,,,,,,,,UCS503L,,,,,,,,,,,,,,,,,,,,LAB,,,,,,,,,,,,,,,,,,,,UCS510L,,,,,,,,,,,,,,LAB,,,,LAB,,LAB,,,,LAB,,LAB,,,,,,,,UCS421L,,,,,,,,,,UCS420L,,,,,,,,,,LAB,,LAB,,LAB,,,,LAB,,,6,12:10 PM
Y,,,,PRM-RA,,ASB,,,,,,,,,,ABK,,NIS,,,,,,,,,,,,LT302,,,,,,,,,TAG,,,,,,,,,,,VPS/PTK-RA,,,,,,,,,,,,,,,,,,,,T105,,,,,,,,,GVR,,,,,NRD-RA,,,,DIM-RA,,AMY-RA,,,,RKG,,JAB,,,,,,,,LT403,,,,,,,,,DBD,T106,,,,,,,,,MMK,JEE-RA,,SJ,,SAT-RF,,,,ASH-RF,,Y,,
,7,,1:00 PM,,,,,,,,,,,,,,,,,,,,,,,,,,,,,,,,,,,,,,,,,,,,,,,,,,,,,,,,,UCS553L,,,,,,,,,,,,,,,,,,,,,,,,,,,,,,,,,,,,,,,,,,,,,,,,,,,,,,,,,,,,,,,,,,,,,,,,,,,7,1:00 PM
,,,,,,,,,,,,,,,,,,,,,,,,,,,,,,,,,,,,,,,,,,,,,,,,,,,,,,,,,,,,LP105,,,,,,,,,SUR,,,,,,,,,,,,,,,,,,,,,,,,,,,,,,,,,,,,,,,,,,,,,,,,,,,,,,,,,,,,,,,,,,,
,8,,1:50 PM,,,,,,,,,,,,,,,,,,,,,,,,,,,,,,,,,,,,,,,,,,,,,,,UCS503P,,,,,,,,,,UML501L,,,,,,,,,,,,,,,,,,,,UCS503P,,UCS503P,,UCS420P,,,,,,,,,,,,,,,,,,,,,,,,,,,,,,UML501L,,,,,,,,,,,,,,,,,,,,,8,1:50 PM
,,,,,,,,,,,,,,,,,,,,,,,,,,,,,,,,,,,,,,,,,,,,,,,,,,SD(L501),,,,,,,,,,LP105,,,,,,,,,AMR,,,,,,,,,,,SE1(L104),,SE2(L105),,CIS(L301),,,,,,,,,,,,,,,,,,,,,,,,,,,,,,T106,,,,,,,,,MHK,,,,,,,,,,,,,
,9,,2:40 PM,,,,,,,,,,,,,,,,,,,,,,,,,,,,,,,,,,,,,,,,,,,,,,,LAB,,,,,,,,,,UCS615L,,,,,,,,,,,,,,,,,,,,LAB,,LAB,,LAB,,,,,,,,,,,,,,,,,,,,,,,,,,,,,,UCS503L,,,,,,,,,,,,,,,,,,,,,9,2:40 PM
,,,,,,,,,,,,,,,,,,,,,,,,,,,,,,,,,,,,,,,,,,,,,,,,,,RGB,,,,,,,,,,LP105,,,,,,,,,KPR,,,,,,,,,,,SKH-RA,,JHS-RA,,AMO,,,,,,,,,,,,,,,,,,,,,,,,,,,,,,T106,,,,,,,,,SOR,,,,,,,,,,,,,
,10,,3:30 PM,UCS534P/UCS668P/UCS550P/UCS539L(Upto 04:20 PM),,,,,,,,,,,,,,,,UCS534P/UCS668P/UCS550P/UCS539L(Upto 04:20 PM),,,,,,,,,,UCS534P/UCS668P/UCS550P/UCS539L(Upto 04:20 PM),,,,,,,,,,UCS668P/UCS550P/UCS539L(Upto 04:20 PM),,,,,,,,,,UCS532P/UCS668P/UCS550P/UCS539L(Upto 04:20 PM),,,,,,,,,,UCS532P/UCS668P/UCS550P/UCS539L(Upto 04:20 PM),,,,,,,,,,UCS532P/UCS668P/UCS550P/UCS539L(Upto 04:20 PM),,,,,,,,,,UCS532P/UCS534P/UCS668P/UCS550P/UCS539L(Upto 04:20 PM),,,,UCS531P/UCS532P/UCS548P/UMC513P/UCS534P/UCS537P/UCS542P/UCS668P/UCS550P/UCS539L(Upto 04:20 PM)/UCS551P,,,,,,,,UCS531P/UCS532P/UCS548P/UMC513P/UCS534P/UCS537P/UCS542P/UCS668P/UCS550P/UCS539L(Upto 04:20 PM)/UCS551P,,UCS532P/UCS548P/UCS534P/UCS537P/UCS668P/UCS550P/UCS539L(Upto 04:20 PM),,,,UCS532P/UCS548P/UCS534P/UCS537P/UCS668P/UCS550P/UCS539L(Upto 04:20 PM),,,,,,UCS531P/UCS532P/UCS548P/UMC513P/UCS534P/UCS537P/UCS668P/UCS550P/UCS539L(Upto 04:20 PM),,,,,,,,,,UCS531P/UCS532P/UCS548P/UMC513P/UCS534P/UCS537P/UCS542P/UCS668P/UCS550P/UCS539L(Upto 04:20 PM)/UCS551P,,,,UCS531P/UCS532P/UCS548P/UMC513P/UCS534P/UCS537P/UCS542P/UCS668P/UCS550P/UCS539L(Upto 04:20 PM)/UCS551P,,,,UCS531P/UCS532P/UCS548P/UMC513P/UCS534P/UCS537P/UCS542P/UCS668P/UCS550P/UCS539L(Upto 04:20 PM),,UCS531P/UCS532P/UMC513P/UCS534P/UCS537P/UCS542P/UCS668P/UCS550P/UCS539L(Upto 04:20 PM),,,,,,,,,,,10,3:30 PM
,,,,L408/L004/L102/LT102,,,,,,,,,,,,,,,,L408/L004/L102/LT102,,,,,,,,,,L408/L004/L102/LT102,,,,,,,,,,L004/L102/LT102,,,,,,,,,,L002/L004/L102/LT102,,,,,,,,,,L002/L004/L102/LT102,,,,,,,,,,L002/L004/L102/LT102,,,,,,,,,,L002/L408/L004/L102/LT102,,,,L430/L429/L308/---/L409/L106/L206/L004/L102/LT102/LP108,,,,,,,,L402/L429/L313/---/L409/L106/L206/L004/L102/LT102/LP108,,L429/L313/L409/L106/L004/L102/LT102,,,,L429/L312/L409/L106/L004/L102/LT102,,,,,,L402/L429/L301/---/L409/L106/L004/L102/LT102,,,,,,,,,,L302/L002/L009/---/L409/L106/L206/L004/L102/LT102/LP108,,,,L302/L002/L307/---/L409/L106/L206/L004/L102/LT102/LP108,,,,L302/L002/L307/---/L409/L106/L206/L004/L102/LT102,,L208/L002/---/L408/L106/L206/L011/L102/LT102,,,,,,,,,,,,
,11,,4:20 PM,LAB,,,,,,,,,,,,,,,,LAB,,,,,,,,,,LAB,,,,,,,,,,LAB,,,,,,,,,,LAB,,,,,,,,,,LAB,,,,,,,,,,LAB,,,,,,,,,,LAB,,,,LAB,,,,,,,,LAB,,LAB,,,,LAB,,,,,,LAB,,,,,,,,,,LAB,,,,LAB,,,,LAB,,LAB,,,,,,,,,,,11,4:20 PM
,,,,MAN/JHB/SAL/ROS,,,,,,,,,,,,,,,,MAN/JHB/SAL/ROS,,,,,,,,,,MAN/JHB/SAL/ROS,,,,,,,,,,JHB/SAL/ROS,,,,,,,,,,ST/JHB/SAL/ROS,,,,,,,,,,ST/JHB/SAL/ROS,,,,,,,,,,ST/JHB/SAL/ROS,,,,,,,,,,ST/MAN/JHB/SAL/ROS,,,,SAM/PRK-RA/ANT-CRA/---/KNK-RA/GS/MKB/JHB/SAL/ROS/JS,,,,,,,,ISN-RA/PRK-RA/SAK-CRA/---/KNK-RA/GS/MKB/JHB/SAL/ROS/JS,,PRK-RA/SAK-CRA/KNK-RA/GS/JHB/SAL/ROS,,,,PRK-RA/SHV/KNK-RA/GS/JHB/SAL/ROS,,,,,,ISN-RA/PRK-RA/AMT/---/KNK-RA/GS/JHB/SAL/ROS,,,,,,,,,,VPS/ST/PTK-RA/---/KNK-RA/GS/MKB/JHB/SAL/ROS/JS,,,,VPS/ST/SEM-CRA/---/KNK-RA/GS/MKB/JHB/SAL/ROS/JS,,,,VPS/ST/SEM-CRA/---/KNK-RA/GS/MKB/JHB/SAL/ROS,,ANS/ST/---/MAN/GS/MKB/SHI-RA/SAL/ROS,,,,,,,,,,,,
,12,,5:10 PM,UCS539P,,,,,,,,,,,,,,,,UCS539P,,,,,,,,,,UCS539P,,,,,,,,,,UCS539P,,,,,,,,,,UCS539P,,,,,,,,,,UCS539P,,,,,,,,,,UCS539P,,,,,,,,,,UCS539P,,,,UCS539P,,,,,,,,,,UCS539P,,,,,,,,,,UCS539P,,,,,,,,,,UCS539P,,,,,,,,,,UCS539P,,UCS539P,,,,,,,,,12,5:10 PM
,,,,L002,,,,,,,,,,,,,,,,L007,,,,,,,,,,L008,,,,,,,,,,L010,,,,,,,,,,L011,,,,,,,,,,L003,,,,,,,,,,L003,,,,,,,,,,L010,,,,L004,,,,,,,,,,L005,,,,,,,,,,L009,,,,,,,,,,L004,,,,,,,,,,L009,,L208,,,,,,,,,,
,13,,6:00PM,LAB,,,,,,,,,,,,,,,,LAB,,,,,,,,,,LAB,,,,,,,,,,LAB,,,,,,,,,,LAB,,,,,,,,,,LAB,,,,,,,,,,LAB,,,,,,,,,,LAB,,,,LAB,,,,,,,,,,LAB,,,,,,,,,,LAB,,,,,,,,,,LAB,,,,,,,,,,LAB,,LAB,,,,,,,,,13,6:00PM
,,,,ROS,,,,,,,,,,,,,,,,ROS,,,,,,,,,,ROS,,,,,,,,,,ROS,,,,,,,,,,ROS,,,,,,,,,,ROS,,,,,,,,,,ROS,,,,,,,,,,ROS,,,,ROS,,,,,,,,,,ROS,,,,,,,,,,ROS,,,,,,,,,,ROS,,,,,,,,,,ROS,,ROS,,,,,,,,,,
,14,,6:50PM,,,,,,,,,,,,,,,,,,,,,,,,,,,,,,,,,,,,,,,,,,,,,,,,,,,,,,,,,,,,,,,,,,,,,,,,,,,,,,,,,,,,,,,,,,,,,,,,,,,,,,,,,,,,,,,,,,,,,,,,,,,,,,,,,,,,14,6:50PM
,,,,,,,,,,,,,,,,,,,,,,,,,,,,,,,,,,,,,,,,,,,,,,,,,,,,,,,,,,,,,,,,,,,,,,,,,,,,,,,,,,,,,,,,,,,,,,,,,,,,,,,,,,,,,,,,,,,,,,,,,,,,,,,,,,,,,,,,
,1,,8:00 AM,UCS510L,,,,,,,,,,,,,,,,,,,,,,UML501P,,,,,,,,,,,,,,,,,,,,,,,,,,,,,,UCS503P,,UCS503P,,UCS615P,,UCS553P,,UCS553P,,UCS503P,,UCS615P,,UCS503L,,,,,,,,,,UCS510L,,,,UCS421L,,,,,,,,,,UCS531P/UCS542P/UCS551P,,,,,,,,,,UCS542P/UCS551P,,,,,,,,,,,,UCS553P,,UCS420P,,UCS420P,,UCS551P,,UCS551P,,,,,,,,,,,1,8:00 AM
T,,,,LT102,,,,,,,,,,,,,,,YAD,,,,,,,PG(L313),,,,,,,,,,,,,,,,,,,,,,,,,,,,,,SE2(L105),,SE1(L104),,IS1(L408),,NS1(L102),,ES1(L401),,SD(L501),,IS2(L409),,T106,,,,,,,,,SOR,LT102,,,YAD,LT402,,,,,,,,,SMR,L430/L402/LP108,,,,,,,,,,L402/LP108,,,,,,,,,,,,NS-2(L103),,ED-2(L209),,CIS(L301),,LP108,,LP108,,,,,,,,,,T,,
,2,,8:50 AM,UCS421L,,,,,,,,,,UCS421L,,,,,,,,,,,,LAB,,,,,,,,,,,,,,,,,,,,,,,,,,,,,,LAB,,LAB,,LAB,,LAB,,LAB,,LAB,,LAB,,UCS510L,,,,,,,,,,UCS421L,,,,UCS420L,,,,,,,,,,LAB,,,,,,,,,,LAB,,,,,,,,,,,,LAB,,LAB,,LAB,,JS,,JS,,,,,,,,,,,2,8:50 AM
U,,,,LT102,,,,,,,,,MKB,LT401,,,,,APB,,,,,,,MHK,,,,,,,,,,,,,,,,,,,,,,,,,,,,,,JEE-RA,,NIT-RA,,GAU-RA,,NRA-RA,,DIM-RA,,DAM-RA,,MNV-RA,,T106,,,,,,,,,GVR,LT401,,,APB,LT402,,,,,,,,,AMO,ISN-RAGUK-RA/JS,,,,,,,,,,GUK-RA/JS,,,,,,,,,,,,NIK-RA,,JSC-RA,,ANY-RA,,,,,,,,,,,,,,U,,
,3,,9:40 AM,,,,,UCS615P,,,,UML501P,,UCS553P,,,,,,,,,,,,UCS553P,,UCS503P,,UML501P,,UCS553P,,,,,,UML501P,,UCS421L,,,,,,,,,,UCS615L,,,,,,,,,,UCS615L,,,,,,,,,,,,UCS615P,,,,UCS615P,,UML501P,,,,,,UCS503P,,UCS503P,,,,UCS553P,,,,,,,,,,,,,,,,,,,,,,UCS420P,,UCS421L,,,,,,,,,,UAI503L,,,,,,,,,,,3,9:40 AM
E,,,,,,,,CG2(L430),,,,HPC(L312),,NS-2,,,,,,,,,,,,ES1(L401),,SD(L501),,ML(L009),,ES2(L402),,,,,,DT(L308),,LT401,,,,,,,,,ASK(DE),LT302,,,,,,,,,NIS,LT403,,,,,,,,,KPR,,,IS1(L408),,,,IS2(L409),,PG(L313),,,,,,SE1(L104),,SE2(L105),,,,NS1(L102),,,,,,,,,,,,,,,,,,,,,,CIS(L301),,LT303,,,,,,,,,DSH,LT402,,,,,,,,,ABD,E,,
,4,,10:30 AM,,,,,LAB,,,,LAB,,LAB,,,,,,,,,,,,LAB,,LAB,,LAB,,LAB,,,,,,LAB,,UCS510L,,,,,,,,,,UCS510L,,,,,,,,,,UCS510L,,,,,,,,,,,,LAB,,,,LAB,,LAB,,,,,,LAB,,LAB,,,,LAB,,,,,,,,,,,,,,,,,,,,,,LAB,,UCS553L,,,,,,,,,,UAI501L,,,,,,,,,,,4,10:30 AM
S,,,,,,,,PRK-RA,,,,RKG,,SHM-RA,,,,,,,,,,,,DEG-RA,,VJY,,ABK-RA,,JAB,,,,,,AMR-RA,,LT401,,,,,,,,,MJU,LT302,,,,,,,,,AAS,LT403,,,,,,,,,YAD,,,ANP,,,,ALK-RA,,HJS-RA,,,,,,RGB,,SOR,,,,CHN,,,,,,,,,,,,,,,,,,,,,,MMK,,LT303,,,,,,,,,SAU,LT402,,,,,,,,,ASA,S,,
,5,,11:20 AM,,,,,,,,,,,,,,,,,,,,,,,,,,,UCS421L,,,,,,,,,,UCS553L,,,,,,,,,,UML501L,,,,,,,,,,UCS421L,,,,,,,,,,,,,,,,,,,,,,,,,,,,,,,,,,,,,,,,,,,,UML501L,,,,,,,,,,UML501P,,UML501P,,UCS503P,,UML501P,,UML501P,,UCI502L,,,,,,,,,,,5,11:20 AM
D,,,,,,,,,,,,,,,,,,,,,,,,,,,,,,LT301,,,,,,,,,ASK(DE),LT401,,,,,,,,,SAU,LT302,,,,,,,,,MCL,LT403,,,,,,,,,DBD,,,,,,,,,,,,,,,,,,,,,,,,,,,,,,,,,,,LP105,,,,,,,,,AMR,PG(L313),,AI(L307),,SE-1(L104),,HPC(L312),,DT(L308),,LT402,,,,,,,,,SJ,D,,
,6,,12:10 PM,,,,,,,,,,,,,,,,,,,,,,,,,,,UCS615L,,,,,,,,,,UML501L,,,,,,,,,,UCS553L,,,,,,,,,,UCS553L,,,,,,,,,,,,,,,,,,,,,,,,,,,,,,,,,,,,,,,,,,,,UCS421L,,,,,,,,,,LAB,,LAB,,LAB,,LAB,,LAB,,UAI504L,,,,,,,,,,,6,12:10 PM
A,,,,,,,,,,,,,,,,,,,,,,,,,,,,,,LT301,,,,,,,,,NIS,LT401,,,,,,,,,MCL,LT302,,,,,,,,,NF1,LT403,,,,,,,,,SUR,,,,,,,,,,,,,,,,,,,,,,,,,,,,,,,,,,,LP105,,,,,,,,,DBD,SHK-RA,,KAG-RF,,KML,,KUA-RA,,ARU-RA,,LT402,,,,,,,,,SR,A,,
,7,,1:00 PM,UCS503L,,,,,,,,,,,,,,,,UML501L,,,,,,,,,,,,,,,,,,,,,,,,,,,,,,,,,,,,,,,,,,,,,,,,,,UML501L,,,,,,,,,,UCS503L,,,,UCS503L,,,,,,,,,,UCS421L,,,,,,,,,,,,,,,,,,,,,,,,,,,,,,,,,,,,,,,,,7,1:00 PM
Y,,,,LT102,,,,,,,,,,,,,,,ASB,LT402,,,,,,,,,SKK,,,,,,,,,,,,,,,,,,,,,,,,,,,,,,,,,,,,,,,,,T106,,,,,,,,,MHK,LT102,,,ASB,LT401,,,,,,,,,TAG,LT403,,,,,,,,,SMR,,,,,,,,,,,,,,,,,,,,,,,,,,,,,,,Y,,
,8,,1:50 PM,UCS615L,,,,,,,,,,,,,,,,UCS553L,,,,,,,,,,,,,,UCS503P,,UCS503P,,UCS615P,,UML501P,,UCS553P,,UML501P,,,,UCS615P,,UCS615P,,UCS503P,,,,,,,,,,,,,,,,,,UCS615L,,,,,,,,,,UCS615L,,,,UCS510L,,,,,,,,,,UCS420L,,,,,,,,,,UCS553P,,UCS553P,,UML501P,,UML501P,,,,UCS553P,,UCS420P,,UML501P,,,,,,,,,,,,,,,,,8,1:50 PM
,,,,LT102,,,,,,,,,,,,,,,ABK,LT402,,,,,,,,,CHN,,,,,SE1(L104),,SE2(L105),,CG2(L430),,HPC(L312),,NS1(L102),,ML(L009),,,,IS2(L409),,IS1(L408),,SD(L501),,,,,,,,,,,,,,,,,,T106,,,,,,,,,KPR,LT102,,,ABK,LT401,,,,,,,,,SHI,LT403,,,,,,,,,MMK,ES1(L401),,ES2(L402),,PG(L313),,AI(L307),,,,NS2(L103),,CIS(L301),,DT(L308),,,,,,,,,,,,,,,,,,
,9,,2:40 PM,UML501L,,,,,,,,,,,,,,,,UCS503L,,,,,,,,,,,,,,LAB,,LAB,,LAB,,LAB,,LAB,,LAB,,,,LAB,,LAB,,LAB,,,,,,,,,,,,,,,,,,UCS421L,,,,,,,,,,UML501L,,,,UML501L,,,,,,,,,,UCS510L,,,,,,,,,,LAB,,LAB,,LAB,,LAB,,,,LAB,,LAB,,LAB,,,,,,,,,,,,,,,,,9,2:40 PM
,,,,LT102,,,,,,,,,,,,,,,RKG,LT402,,,,,,,,,VJY,,,,,ASH,,JEE-RA,,GAU-RA,,AMR,,NRD-RA,,ABK-RA,,,,MNV,,ANP,,DAM-RA,,,,,,,,,,,,,,,,,,T106,,,,,,,,,DSH,LT102,,,RKG,LT401,,,,,,,,,JBD,LT403,,,,,,,,,AAS,DIM-RA,,DEG-RA,,MCL,,,,,,NIK-RA,,ANY-RA,,AMR-RA,,,,,,,,,,,,,,,,,,
,10,,3:30 PM,UCS553L,,,,,,,,,,,,,,,,UCS503P,,UCS503P,,UCS553P,,,,,,UCS553L,,,,,,,,,,UCS503L,,,,,,,,,,UCS421L,,,,,,,,,,,,,,,,,,,,,,,,,,,,,,UCS553L,,,,,,,,UCS420P,,,,,,UML501L,,,,,,,,,,UCS420L,,,,,,,,,,UCS503L,,,,,,,,,,UAI501P,,,,UAI504P,,,,,,,10,3:30 PM
,,,,LT102,,,,,,,,,,,,,,,MNK,SE2(L105),,SD(L501),,ES2(L402),,,,,,LT302,,,,,,,,,JAB,LT402,,,,,,,,,KML,LT401,,,,,,,,,DBD,,,,,,,,,,,,,,,,,,,,,LT102,,,MNK,,,,,CIS(L301),,,,,,LT403,,,,,,,,,AA,LP104,,,,,,,,,AMO,T106,,,,,,,,,SOR,CG-2(L430),,,,NS2(L103),,,,,,,,
,11,,4:20 PM,,,,,,,,,,,,,,,,,LAB,,LAB,,LAB,,,,,,UCS510L,,,,,,,,,,UCS615L,,,,,,,,,,UCS503L,,,,,,,,,,,,,,,,,,,,,,,,,,,,,,,,,,,,,,LAB,,,,,,UCS503L,,,,,,,,,,UCS553L,,,,,,,,,,UCS510L,,,,,,,,,,LAB,,,,LAB,,,,,,,11,4:20 PM
,,,,,,,,,,,,,,,,,,,,SKH-RA,,ANU-RA,,SAU,,,,,,LT302,,,,,,,,,SHI,LT402,,,,,,,,,ANP,LT401,,,,,,,,,VJY,,,,,,,,,,,,,,,,,,,,,,,,,,,,,JSC-RA,,,,,,LT403,,,,,,,,,RGB,LP104,,,,,,,,,NF1,T106,,,,,,,,,GVR,ASA,,,,SHS,,,,,,,,
,12,,5:10 PM,,,,,,,,,,,,,,,,,,,,,,,,,,,,,,,,,,,,,,,,,,,,,,,,,,,,,,,,,,,,,,,,,,,,,,,,,,,,,,,,,,,,,,,,,,,,,,,,,,,,,,,,,,,,,,,,,,,,,,,,,,,,,,,,,,,,12,5:10 PM
,,,,,,,,,,,,,,,,,,,,,,,,,,,,,,,,,,,,,,,,,,,,,,,,,,,,,,,,,,,,,,,,,,,,,,,,,,,,,,,,,,,,,,,,,,,,,,,,,,,,,,,,,,,,,,,,,,,,,,,,,,,,,,,,,,,,,,,,
,13,,6:00PM,,,,,,,,,,,,,,,,,,,,,,,,,,,,,,,,,,,,,,,,,,,,,,,,,,,,,,,,,,,,,,,,,,,,,,,,,,,,,,,,,,,,,,,,,,,,,,,,,,,,,,,,,,,,,,,,,,,,,,,,,,,,,,,,,,,,13,6:00PM
,,,,,,,,,,,,,,,,,,,,,,,,,,,,,,,,,,,,,,,,,,,,,,,,,,,,,,,,,,,,,,,,,,,,,,,,,,,,,,,,,,,,,,,,,,,,,,,,,,,,,,,,,,,,,,,,,,,,,,,,,,,,,,,,,,,,,,,,
,14,,6:50PM,,,,,,,,,,,,,,,,,,,,,,,,,,,,,,,,,,,,,,,,,,,,,,,,,,,,,,,,,,,,,,,,,,,,,,,,,,,,,,,,,,,,,,,,,,,,,,,,,,,,,,,,,,,,,,,,,,,,,,,,,,,,,,,,,,,,14,6:50PM
,,,,,,,,,,,,,,,,,,,,,,,,,,,,,,,,,,,,,,,,,,,,,,,,,,,,,,,,,,,,,,,,,,,,,,,,,,,,,,,,,,,,,,,,,,,,,,,,,,,,,,,,,,,,,,,,,,,,,,,,,,,,,,,,,,,,,,,,
,1,,8:00 AM,UCS531P/UCS532P/UCS548P/UMC513P/UCS537P/UCS542P/UCS551P,,,,,,,,UCS531P/UCS532P/UCS548P/UMC513P/UCS537P/UCS542P/UCS551P,,,,,,,,UCS531P/UCS532P/UCS548P/UMC513P/UCS537P/UCS542P/UCS551P,,,,UCS531P/UCS532P/UCS548P/UMC513P/UCS537P/UCS542P/UCS551P,,,,,,UCS531P/UCS532P/UCS548P/UMC513P/UCS537P/UCS542P/UCS551P,,,,UCS531P/UCS532P/UCS548P/UMC513P/UCS537P/UCS542P/UCS551P,,,,,,UCS532P/UMC513P/UCS537P/UCS542P,,,,,,,,,,UCS537P,,,,,,,,,,UCS537P,,,,,,,,,,UCS537P,,,,,,,,,,UCS537P/UCS542P,,,,,,UCS553P,,UCS503P,,UCS503P,,UCS420P,,UMC513P,,,,,,,,,,UCS510L,,,,,,,,,,UCS503L,,,,,,,,,,,,UCS503P,,,,,,,,,1,8:00 AM
W,,,,L402/L002/L009/---/L106/L206/LP108,,,,,,,,L409/L002/L313/---/L106/L206/LP108,,,,,,,,L302/L002/L307/---/L106/L207/LP108,,,,L302/L002/L308/---/L106/L207/LP108,,,,,,L408/L002/L312/---/L106/L207/LP108,,,,L408/L002/L003/---/L106/L207/LP108,,,,,,L002/---/L106/L207,,,,,,,,,,L106,,,,,,,,,,L106,,,,,,,,,,L106,,,,,,,,,,L106/L206,,,,,,ES1(L401),,SE(L104),,SE(L105),,CIS(L301),,(---),,,,,,,,,,LT303,,,,,,,,,ABD,T106,,,,,,,,,SOR,,,SD(L501),,,,,,,,W,,
,2,,8:50 AM,LAB,,,,,,,,LAB,,,,,,,,LAB,,,,LAB,,,,,,LAB,,,,LAB,,,,,,LAB,,,,,,,,,,LAB,,,,,,,,,,LAB,,,,,,,,,,LAB,,,,,,,,,,LAB,,,,,,LAB,,LAB,,LAB,,LAB,,LAB,,,,,,,,,,UCS503L,,,,,,,,,,UCS510L,,,,,,,,,,,,LAB,,,,,,,,,2,8:50 AM
E,,,,ANS/ST/SHV/---/GS/MKB/JS,,,,,,,,SAM/ST/DET/---/GS/MKB/JS,,,,,,,,VPS/ST/PTK-RA/---/GS/GUK-RA/JS,,,,VPS/ST/SEM-CRA/---/GS/GUK-RA/JS,,,,,,ISN-RA/ST/ANT-CRA/---/GS/GUK-RA/JS,,,,ISN-RA/ST/SAK-CRA/---/GS/GUK-RA/JS,,,,,,ST/---/GS/GUK-RA,,,,,,,,,,GS,,,,,,,,,,GS,,,,,,,,,,GS,,,,,,,,,,GS/MKB,,,,,,SOR,,SKH-RA,,ABH-RA,,JSC-RA,,(---),,,,,,,,,,LT303,,,,,,,,,KML,T106,,,,,,,,,GVR,,,ANU-RA,,,,,,,,E,,
,3,,9:40 AM,UCS503L,,,,,,,,,,,,,,,,UCS503L,,,,,,,,,,,,,,,,,,,,UCS615L,,,,,,,,,,UCS553P,,UCS615P,,UML501P,,,,UCS615P,,,,,,,,,,,,,,,,,,UCS503P,,UCS503P,,USC503L,,,,UCS553L,,,,,,,,,,,,UML501P,,,,UCS420P,,,,UCS553L,,,,,,,,,,UCS503P,,,,,,,,,,,,UAI504P,,UAI502P,,UAI501P,,,,,3,9:40 AM
D,,,,LT102,,,,,,,,,,,,,,,ASB,LT402,,,,,,,,,VJY,,,,,,,,,,,LT403,,,,,,,,,ANP,ES2(L402),,IS1(L408),,DT(L308),,,,IS2(L409),,,,,,,,,,,,,,,,,,SE1(L104),,SE2(L105),,LT102,,,ASB,LT401,,,,,,,,,CHN,,,PG(L313),,,,CIS(L301),,,,LT303,,,,,,,,,NF1,SD(L501),,,,,,,,,,,,NS-2(L103),,HPC(L312),,CG-2(L430),,,,D,,
,4,,10:30 AM,UML501L,,,,,,,,,,,,,,,,UCS421L,,,,,,,,,,,,,,,,,,,,UCS510L,,,,,,,,,,LAB,,LAB,,LAB,,,,LAB,,,,,,,,,,,,,,,,,,LAB,,LAB,,UML501L,,,,UML501L,,,,,,,,,,,,LAB,,,,LAB,,,,UCS421L,,,,,,,,,,LAB,,,,,,,,,,,,LAB,,LAB,,LAB,,,,,4,10:30 AM
N,,,,LT102,,,,,,,,,,,,,,,RKG,LT402,,,,,,,,,APB,,,,,,,,,,,LT403,,,,,,,,,MJU,KAK-RA,,MNS,,RTA-RA,,,,KPR,,,,,,,,,,,,,,,,,,KML,,NIT-RA,,LT102,,,RKG,LT401,,,,,,,,,JBD,,,SKK,,,,AMO,,,,LT303,,,,,,,,,DBD,JHS-RA,,,,,,,,,,,,ARZ-RF,,SJ,,SAT-RF,,,,N,,
,5,,11:20 AM,UML501P,,UML501P,,UCS553P,,UCS503P,,UCS503P,,UML501P,,UCS503P,,UML501P,,,,,,,,,,,,,,,,,,,,,,UML501L,,,,,,,,,,,,,,,,,,,,,,,,,,,,,,,,,,,,,,,,UCS553P,,UML501P,,,,,,,,,,,,,,,,,,,,,,,,,,,,,,,,,,,,,,,,,,,,,,,,,,,,,5,11:20 AM
E,,,,PG(L313),,AI(L307),,NS1(L102),,SD(L501),,SE1(L104),,HPC(L312),,SE2(L105),,DT(L308),,,,,,,,,,,,,,,,,,,,,,LT403,,,,,,,,,MCL,,,,,,,,,,,,,,,,,,,,,,,,,,,,,,,NS2(L103),,ML(L009),,,,,,,,,,,,,,,,,,,,,,,,,,,,,,,,,,,,,,,,,,,,,,,,,,,,E,,
,6,,12:10 PM,LAB,,LAB,,LAB,,LAB,,LAB,,LAB,,LAB,,LAB,,,,,,,,,,,,,,,,,,,,,,UCS421L,,,,,,,,,,,,,,,,,,,,,,,,,,,,,,,,,,,,,,,,LAB,,LAB,,UCS002/UTD004/UHU016/UMA069L,,,,,,,,,,,,,,,,,,,,,,,,,,,,,,,,,,,,,,,,,,,,,,,,,,,6,12:10 PM
S,,,,SND-RF,,RTS,,SAU,,ANU-RA,,SKH-RA,,KUA-RA,,TAG,,AKN-RA,,,,,,,,,,,,,,,,,,,,,,LT403,,,,,,,,,ASK(DE),,,,,,,,,,,,,,,,,,,,,,,,,,,,,,,SHM-RA,,SHK-RA,,LT101/LT102/B303/F201,,,,,,,,,,,,,,,,,,,,,,,,,,,,,,,,,,,,,,,,,,,,,,,,SUS/VK/PS/AM,,S,,
,7,,1:00 PM,,,,,,,,,,,,,,,,,UCS553L,,,,,,,,,,UCS553L,,,,,,,,,,,,,,,,,,,,UML501L,,,,,,,,,,UCS510L,,,,,,,,,,UCS553L,,,,,,,,,,,,,,UHU018L,,,,,,,,,,,,,,,,,,,,,,,,,,,,,,,,,,,,,,,,,,,,,,,,,,,7,1:00 PM
D,,,,,,,,,,,,,,,,,,,,LT402,,,,,,,,,CHN,LT401,,,,,,,,,JAB,,,,,,,,,,,LT403,,,,,,,,,MCL,LP104,,,,,,,,,YAD,T106,,,,,,,,,SUR,,,,,LT101,,,,,,,,,,,,,,,,,,,,,,,,,,,,,,,,,,,,,,,,,,,,,,,,,ANS,D,,
,8,,1:50 PM,,,,,UML501P,,,,UCS553P,,UCS615P,,UML501P,,UCS503P,,UML501L,,,,,,,,,,UCS503L,,,,,,,,,,,,,,,,,,,,UCS503L,,,,,,,,,,UML501L,,,,,,,,,,UCS503L,,,,,,,,,,UML501P,,UCS615P,,UML501P,,,,,,,,UCS553P,,,,,,UCS420P,,,,UCS503P,,,,UCS503P,,,,,,,,,,,,,,UCS553P,,UCS553P,,UCS503L,,,,,,,,,,,8,1:50 PM
A,,,,,,,,PG(L313),,,,NS2(L103),,IS1(L408),,DT(L308),,SE2(L105),,LT402,,,,,,,,,SKK,LT401,,,,,,,,,TAG,,,,,,,,,,,LT403,,,,,,,,,VJY,LP104,,,,,,,,,AMR,T106,,,,,,,,,SOR,ML)L009),,ML(L009),,AI(L307),,,,,,,,NS1(L102),,,,,,CIS(L301),,,,SD(L501),,,,SE1(L104),,,,,,,,,,,,,,ES2(L402),,ES1(L401),,LP101,,,,,,,,,RGB,A,,
,9,,2:40 PM,,,,,LAB,,,,LAB,,LAB,,LAB,,LAB,,UCS510L,,,,,,,,,,UML501L,,,,,,,,,,,,,,,,,,,,UCS510L,,,,,,,,,,UCS421L,,,,,,,,,,UCS510L,,,,,,,,,,LAB,,LAB,,LAB,,,,,,,,LAB,,,,,,LAB,,,,LAB,,,,LAB,,,,,,,,,,,,,,LAB,,LAB,,UAI504L,,,,,,,,,,,9,2:40 PM
Y,,,,,,,,AKS-RA,,,,KNP-RA,,ANP,,AMR-RA,,ABH-RA,,LT402,,,,,,,,,MJU,LT401,,,,,,,,,SKK,,,,,,,,,,,LT403,,,,,,,,,AAS,LP104,,,,,,,,,DBD,T106,,,,,,,,,GVR,SHK-RA,,ALK-RA,,JBD,,,,,,,,CHN,,,,,,MMK,,,,NIT-RA,,,,SAN-RA,,,,,,,,,,,,,,NF2,,NIK-RA,,LP101,,,,,,,,,SR,Y,,
,10,,3:30 PM,UCS553L,,,,,,,,,,,,,,,,,,,,UCS615P,,,,,,UCS510L,,,,,,,,,,,,,,UCS503P,,UCS503P,,,,,,,,,,UML501P,,,,UML501P,,UCS615P,,UCS503P,,UCS615P,,UML501P,,UCS553P,,UCS553P,,UCS553P,,,,,,UCS553L,,,,,,,,,,,,,,UML501L,,,,,,,,,,,,UCS420P,,,,,,,,UCS553L,,,,,,,,,,,,,,,,UAI502P,,,,,10,3:30 PM
,,,,LT102,,,,,,,,,,,,,,,MNK,,,,,CG2(L430),,,,,,LT401,,,,,,,,,SHI,,,,,SE1(L104),,SE2(L105),,,,,,,,,,AI(L307),,,,HPC(L312),,IS1(L408),,SD(L501),,IS2(L409),,DT(L308),,ES-1(L401),,ES2(L402),,NS1L102),,,,,,LT102,,,MNK,,,,,,,,,,,LT403,,,,,,,,,AA,,,CIS(L301),,,,,,,,T106,,,,,,,,,SAU,,,,,,,ML(L009),,,,,,
,11,,4:20 PM,UCS421L,,,,,,,,,,UCS421L,,,,,,,,,,LAB,,,,,,,,,,,,,,,,,,,,LAB,,LAB,,,,,,,,,,LAB,,,,LAB,,LAB,,LAB,,LAB,,LAB,,LAB,,LAB,,LAB,,,,,,UCS421L,,,,,,,,,,,,,,UCS510L,,,,,,,,,,,,LAB,,,,,,,,UML501L,,,,,,,,,,,,,,,,LAB,,,,,11,4:20 PM
,,,,LT103,,,,,,,,,MKB,LT401,,,,,APB,,,,,GAU-RA,,,,,,,,,,,,,,,,,,,,ASB,,RGB,,,,,,,,,,SND-RA,,,,AMR,,YAS,,SOR,,KPR,,AKN-RA,,SHM-RA,,KAK-RA,,JAB,,,,,,LT401,,,APB,,,,,,,,,,,LT403,,,,,,,,,AAS,,,AMO,,,,,,,,T106,,,,,,,,,MHK,,,,,,,SJ,,,,,,
,12,,5:10PM,UCS539L,,,,,,,,,,,,,,,,UCS539L,,,,,,,,,,UCS539L,,,,,,,,,,UCS539L,,,,,,,,,,UCS539L,,,,,,,,,,UCS539L,,,,,,,,,,UCS539L,,,,,,,,,,UCS539L,,,,UCS539L,,,,,,,,,,UCS539L,,,,,,,,,,UCS539L,,,,,,,,,,UCS539L,,,,,,,,,,UCS539L,,,,,,,,,,,12,5:10PM
,,,,LP101,,,,,,,,,,,,,,,ROS,LP101,,,,,,,,,ROS,LP101,,,,,,,,,ROS,LP101,,,,,,,,,ROS,LP101,,,,,,,,,ROS,LP101,,,,,,,,,ROS,LP101,,,,,,,,,ROS,LP101,,,ROS,LP101,,,,,,,,,ROS,LP101,,,,,,,,,ROS,LP101,,,,,,,,,ROS,LP101,,,,,,,,,ROS,LP101,,,,,,,,,ROS,,,
,13,,6:00PM,,,,,,,,,,,,,,,,,,,,,,,,,,,,,,,,,,,,,,,,,,,,,,,,,,,,,,,,,,,,,,,,,,,,,,,,,,,,,,,,,,,,,,,,,,,,,,,,,,,,,,,,,,,,,,,,,,,,,,,,,,,,,,,,,,,,13,6:00PM
,,,,,,,,,,,,,,,,,,,,,,,,,,,,,,,,,,,,,,,,,,,,,,,,,,,,,,,,,,,,,,,,,,,,,,,,,,,,,,,,,,,,,,,,,,,,,,,,,,,,,,,,,,,,,,,,,,,,,,,,,,,,,,,,,,,,,,,,
,14,,6:50PM,,,,,,,,,,,,,,,,,,,,,,,,,,,,,,,,,,,,,,,,,,,,,,,,,,,,,,,,,,,,,,,,,,,,,,,,,,,,,,,,,,,,,,,,,,,,,,,,,,,,,,,,,,,,,,,,,,,,,,,,,,,,,,,,,,,,14,6:50PM
,,,,,,,,,,,,,,,,,,,,,,,,,,,,,,,,,,,,,,,,,,,,,,,,,,,,,,,,,,,,,,,,,,,,,,,,,,,,,,,,,,,,,,,,,,,,,,,,,,,,,,,,,,,,,,,,,,,,,,,,,,,,,,,,,,,,,,,,
,1,,8:00 AM,,,,,,,,,,,,,,,,,UCS615P,,UCS615P,,,,,,,,,,,,,,UML501P,,,,UCS553P,,,,UCS615P,,UCS553P,,UCS553P,,,,,,,,,,,,UCS553P,,UCS503P,,,,,,,,UCS503P,,UML501P,,UCS503P,,,,,,,,,,UCS002/UTD004/UHU016/UMA069L,,,,,,,,,,,,,,,,,,,,,,,,,,,,,,,,,,,,,,,,,,,,,,,,,,,1,8:00 AM
T,,,,,,,,,,,,,,,,,,,,IS2(L409),,CG2(L430),,,,,,,,,,,,,,PG(L313),,,,NS2(L103),,,,IS1(L408),,ES1(L401),,ES2(L402),,,,,,,,,,,,NS1(L102),,SD(L501),,,,,,,,SE1(L104),,HP(L312),,SE2(L105),,,,,,,,,,LT101/LT102/B303/F201,,,,,,,,,,,,,,,,,,,,,,,,,,,,,,,,,,,,,,,,,,,,,,,,SUS/VK/PS/AM,,T,,
,2,,8:50 AM,,,,,,,,,,,,,,,,,LAB,,LAB,,,,,,,,,,,,,,LAB,,,,LAB,,,,LAB,,LAB,,LAB,,,,,,,,,,,,LAB,,LAB,,,,,,,,LAB,,LAB,,LAB,,,,,,,,,,UHU018L,,,,,,,,,,,,,,,,,,,,,,,,,,,,,,,,,,,,,,,,,,,,,,,,,,,2,8:50 AM
H,,,,,,,,,,,,,,,,,,,,PRK-RA,,KPR,,,,,,,,,,,,,,SHW-RA,,,,JAB,,,,KML-RA,,SUR,,NF2,,,,,,,,,,,,SAU,,DAM-RA,,,,,,,,SAN-RA,,KUA-RA,,ABH-RA,,,,,,,,,,LT101,,,,,,,,,,,,,,,,,,,,,,,,,,,,,,,,,,,,,,,,,,,,,,,,,ANS,H,,
,3,,9:40 AM,UCS553L,,,,,,,,,,,,,,,,UCS510L,,,,,,,,,,UCS553P,,UML501P,,UCS615P,,UCS615P,,,,UCS421L,,,,,,,,,,,,,,,,,,,,UCS503P,,UML501P,,UML501P,,,,,,UCS503L,,,,,,,,,,UCS553L,,,,UCS421L,,,,,,,,,,UCS503L,,,,,,,,,,UCS420P,,,,UCS553P,,UCS553P,,UCS503P,,,,,,,,,,,,,,,,,,UAI504P,,UAI502P,,,3,9:40 AM
U,,,,LT102,,,,,,,,,,,,,,,MNK,LT402,,,,,,,,,MJU,ES1(L401),,DT(L308),,IS1(L408),,IS2(L409),,,,LT303,,,,,,,,,ASK(DE),,,,,,,,,,,SD(L501),,AI(L307),,PG(L313),,,,,,T106,,,,,,,,,SOR,LT102,,,MNK,LT401,,,,,,,,,SMR,LT403,,,,,,,,,AA,CIS(L301),,,,NS1(L102),,ES2(L402),,SE2(L105),,,,,,,,,,,,,,,,,,NS2(L103),,HPC(L312),,U,,
,4,,10:30 AM,UML501L,,,,,,,,,,,,,,,,UCS553L,,,,,,,,,,LAB,,LAB,,LAB,,LAB,,,,UCS510L,,,,,,,,,,UCS510L,,,,,,,,,,LAB,,LAB,,LAB,,,,,,UCS615L,,,,,,,,,,UML501L,,,,UML501L,,,,,,,,,,UCS553L,,,,,,,,,,LAB,,,,LAB,,LAB,,LAB,,UCS421L,,,,,,,,,,,,,,,,LAB,,LAB,,,4,10:30 AM
R,,,,LT102,,,,,,,,,,,,,,,RKG,LT402,,,,,,,,,CHN,KNP-RA,,MHK,,ALK-RA,,NIS,,,,LT303,,,,,,,,,MJU,LT302,,,,,,,,,AAS,ABH-RA,,ARU-RA,,AMR,,,,,,T106,,,,,,,,,KPR,LT102,,,RKG,LT401,,,,,,,,,JBD,LT403,,,,,,,,,JAB,MMK,,,,SAU,,DEG-RA,,KML,,LT301,,,,,,,,,DSH,,,,,,,ARZ-RF,,SJ,,R,,
,5,,11:20 AM,UCS531L/UCS548L/UCS532L/UCS534L/UCS537L/UCS542L/UCS551L/UCS668L/UCS550L/UMC513L,,,,,,,,,,,,,,,,UCS531L/UCS548L/UCS532L/UCS534L/UCS537L/UCS542L/UCS551L/UCS668L/UCS550L/UMC513L,,,,,,,,,,UCS531L/UCS548L/UCS532L/UCS534L/UCS537L/UCS542L/UCS551L/UCS668L/UCS550L/UMC513L,,,,,,,,,,UCS531L/UCS548L/UCS532L/UCS534L/UCS537L/UCS542L/UCS551L/UCS668L/UCS550L/UMC513L,,,,,,,,,,UCS531L/UCS548L/UCS532L/UCS534L/UCS537L/UCS542L/UCS551L/UCS668L/UCS550L/UMC513L,,,,,,,,,,UCS531L/UCS548L/UCS532L/UCS534L/UCS537L/UCS542L/UCS551L/UCS668L/UCS550L/UMC513L,,,,,,,,,,UCS531L/UCS548L/UCS532L/UCS534L/UCS537L/UCS542L/UCS551L/UCS668L/UCS550L/UMC513L,,,,,,,,,,UCS531L/UCS548L/UCS532L/UCS534L/UCS537L/UCS542L/UCS551L/UCS668L/UCS550L/UMC513L,,,,UCS531L/UCS548L/UCS532L/UCS534L/UCS537L/UCS542L/UCS551L/UCS668L/UCS550L/UMC513L,,,,,,,,,,UCS531L/UCS548L/UCS532L/UCS534L/UCS537L/UCS542L/UCS551L/UCS668L/UCS550L/UMC513L,,,,,,,,,,UCS531L/UCS548L/UCS532L/UCS534L/UCS537L/UCS542L/UCS551L/UCS668L/UCS550L/UMC513L,,,,,,,,,,UCS531L/UCS548L/UCS532L/UCS534L/UCS537L/UCS542L/UCS551L/UCS668L/UCS550L/UMC513L,,,,,,,,,,UCS531L/UCS532L/UCS534L/UCS537L/UCS542L/UCS551L/UCS668L/UCS550L/UMC513L,,,,,,,,,,,5,11:20 AM
S,,,,LT301/LT401/LP109/LP108/E101/LT101/LT101/LT102/E104/T106,,,,,,,,,,SAM/DET/ST/MAN/GS/MKB/JS/JHB/SAL/YK,,,,,,LT301/LT401/LP109/LP108/E101/LT101/LT101/LT102/E104/T106,,,,,SAM/DET/ST/MAN/GS/MKB/JS/JHB/SAL/YK,,,,,LT301/LT401/LP109/LP108/E101/LT101/LT101/LT102/E104/T106,,,,,SAM/DET/ST/MAN/GS/MKB/JS/JHB/SAL/YK,,,,,LT301/LT402/LP109/LP108/E101/LT101/LT101/LT102/E104/T106,,,,,SAM/AMT/ST/MAN/GS/MKB/JS/JHB/SAL/YK,,,,,LT302/LT402/LP109/LP108/E101/LT101/LT101/LT102/E104/T106,,,,,VPS/AMT/ST/MAN/GS/MKB/JS/JHB/SAL/YK,,,,,LT302/LT402/LP109/LP108/E101/LT101/LT101/LT102/E104/T106,,,,,VPS/AMT/ST/MAN/GS/MKB/JS/JHB/SAL/YK,,,,,LT302/LT402/LP109/LP108/E101/LT101/LT101/LT102/E104/T106,,,,,VPS/AMT/ST/MAN/GS/MKB/JS/JHB/SAL/YK,,,,,LT302/LT402/LP109/LP108/E101/LT101/LT101/LT102/E104/T106,,VPS/AMT/ST/MAN/GS/MKB/JS/JHB/SAL/YK,,LT303/LT403/LP109/LP108/E101/LT101/LT101/LT102/E104/T106,,,,,ANS/SHV/ST/MAN/GS/MKB/JS/JHB/SAL/YK,,,,,LT303/LT403/LP109/LP108/E101/LT101/LT101/LT102/E104/T106,,,,,ANS/SHV/ST/MAN/GS/MKB/JS/JHB/SAL/YK,,,,,LT303/LT403/LP109/LP108/E101/LT101/LT101/LT102/E104/T106,,,,,ANS/SHV/ST/MAN/GS/MKB/JS/JHB/SAL/YK,,,,,LT303/LT403/LP109/LP108/E101/LT101/LT101/LT102/E104/T106,,,,,ANS/SHV/ST/MAN/GS/MKB/JS/JHB/SAL/YK,,,,,LT303/LP109/LP108/E101/LT101/LT101/LT102/E104/T106,,,,,ANS/ST/MAN/GS/MKB/JS/JHB/SAL/YK,,,,,S,,
,6,,12:10 PM,UCS531L/UCS548L/UCS532L/UCS534L/UCS537L/UCS542L/UCS551L/UCS668L/UCS550L/UMC513L,,,,,,,,,,,,,,,,UCS531L/UCS548L/UCS532L/UCS534L/UCS537L/UCS542L/UCS551L/UCS668L/UCS550L/UMC513L,,,,,,,,,,UCS531L/UCS548L/UCS532L/UCS534L/UCS537L/UCS542L/UCS551L/UCS668L/UCS550L/UMC513L,,,,,,,,,,UCS531L/UCS548L/UCS532L/UCS534L/UCS537L/UCS542L/UCS551L/UCS668L/UCS550L/UMC513L,,,,,,,,,,UCS531L/UCS548L/UCS532L/UCS534L/UCS537L/UCS542L/UCS551L/UCS668L/UCS550L/UMC513L,,,,,,,,,,UCS531L/UCS548L/UCS532L/UCS534L/UCS537L/UCS542L/UCS551L/UCS668L/UCS550L/UMC513L,,,,,,,,,,UCS531L/UCS548L/UCS532L/UCS534L/UCS537L/UCS542L/UCS551L/UCS668L/UCS550L/UMC513L,,,,,,,,,,UCS531L/UCS548L/UCS532L/UCS534L/UCS537L/UCS542L/UCS551L/UCS668L/UCS550L/UMC513L,,,,UCS531L/UCS548L/UCS532L/UCS534L/UCS537L/UCS542L/UCS551L/UCS668L/UCS550L/UMC513L,,,,,,,,,,UCS531L/UCS548L/UCS532L/UCS534L/UCS537L/UCS542L/UCS551L/UCS668L/UCS550L/UMC513L,,,,,,,,,,UCS531L/UCS548L/UCS532L/UCS534L/UCS537L/UCS542L/UCS551L/UCS668L/UCS550L/UMC513L,,,,,,,,,,UCS531L/UCS548L/UCS532L/UCS534L/UCS537L/UCS542L/UCS551L/UCS668L/UCS550L/UMC513L,,,,,,,,,,,,,,,,,,,,,6,12:10 PM
D,,,,LT301/LT401/LP109/LP108/E101/LT101/LT101/LT102/E104/T106,,,,,,,,,,SAM/DET/ST/MAN/GS/MKB/JS/JHB/SAL/YK,,,,,,LT301/LT401/LP109/LP108/E101/LT101/LT101/LT102/E104/T106,,,,,SAM/DET/ST/MAN/GS/MKB/JS/JHB/SAL/YK,,,,,LT301/LT401/LP109/LP108/E101/LT101/LT101/LT102/E104/T106,,,,,SAM/DET/ST/MAN/GS/MKB/JS/JHB/SAL/YK,,,,,LT301/LT402/LP109/LP108/E101/LT101/LT101/LT102/E104/T106,,,,,SAM/AMT/ST/MAN/GS/MKB/JS/JHB/SAL/YK,,,,,LT302/LT402/LP109/LP108/E101/LT101/LT101/LT102/E104/T106,,,,,VPS/AMT/ST/MAN/GS/MKB/JS/JHB/SAL/YK,,,,,LT302/LT402/LP109/LP108/E101/LT101/LT101/LT102/E104/T106,,,,,VPS/AMT/ST/MAN/GS/MKB/JS/JHB/SAL/YK,,,,,LT302/LT402/LP109/LP108/E101/LT101/LT101/LT102/E104/T106,,,,,VPS/AMT/ST/MAN/GS/MKB/JS/JHB/SAL/YK,,,,,LT302/LT402/LP109/LP108/E101/LT101/LT101/LT102/E104/T106,,VPS/AMT/ST/MAN/GS/MKB/JS/JHB/SAL/YK,,LT303/LT403/LP109/LP108/E101/LT101/LT101/LT102/E104/T106,,,,,ANS/SHV/ST/MAN/GS/MKB/JS/JHB/SAL/YK,,,,,LT303/LT403/LP109/LP108/E101/LT101/LT101/LT102/E104/T106,,,,,ANS/SHV/ST/MAN/GS/MKB/JS/JHB/SAL/YK,,,,,LT303/LT403/LP109/LP108/E101/LT101/LT101/LT102/E104/T106,,,,,ANS/SHV/ST/MAN/GS/MKB/JS/JHB/SAL/YK,,,,,LT303/LT403/LP109/LP108/E101/LT101/LT101/LT102/E104/T106,,,,,ANS/SHV/ST/MAN/GS/MKB/JS/JHB/SAL/YK,,,,,,,,,,,,,,,D,,
,7,,1:00 PM,,,,,,,,,,,,,,,,,,,,,,,,,,,,,,,,,,,,,,,,,,,,,,,,,,,,,,,,,,,,,,,,,,,,,,,,,,,,,,,,,,,,,,,,,,,,,,,,,,,,,,,,,,,,,,,,,,,,,,,,,,,,,,,,,,,,7,1:00 PM
A,,,,,,,,,,,,,,,,,,,,,,,,,,,,,,,,,,,,,,,,,,,,,,,,,,,,,,,,,,,,,,,,,,,,,,,,,,,,,,,,,,,,,,,,,,,,,,,,,,,,,,,,,,,,,,,,,,,,,,,,,,,,,,,,,,,,,,A,,
,8,,1:50 PM,,,,,,,UCS615P,,UCS615P,,,,UCS553P,,,,,,UCS553P,,UML501P,,UCS503P,,UML501P,,UCS503L,,,,,,,,,,UML501L,,,,,,,,,,UCS503L,,,,,,,,,,UCS503L,,,,,,,,,,,,,,,,UML501P,,UCS553P,,,,,,,,,,,,,,,,UCS553P,,,,UCS503P,,UCS503P,,UML501P,,UCS510L,,,,,,,,,,,,,,,,,,,,UCS503L,,,,,,,,,,,8,1:50 PM
Y,,,,,,,,,,IS2(L409),,IS1(L408),,,,NS2(L103),,,,,,ES2(L402),,PG(L313),,SD(L501),,ML(L009),,LT401,,,,,,,,,TAG,LT402,,,,,,,,,MCL,LP104,,,,,,,,,VJY,LT403,,,,,,,,,ASB,,,,,,,DT(L308),,ES1(L401),,,,,,,,,,,,,,,,NS1(L102),,,,SE1(L104),,SE2(L105),,AI(L307),,LP105,,,,,,,,,ABD,,,,,,,,,,,T106,,,,,,,,,RGB,Y,,
,9,,2:40 PM,,,,,,,LAB,,LAB,,,,LAB,,,,,,LAB,,LAB,,LAB,,LAB,,UCS510L,,,,,,,,,,UCS553L,,,,,,,,,,UCS615L,,,,,,,,,,UCS615L,,,,,,,,,,,,,,,,LAB,,LAB,,,,,,,,,,,,,,,,LAB,,,,LAB,,LAB,,LAB,,UCS503L,,,,,,,,,,,,,,,,,,,,UAI501L,,,,,,,,,,,9,2:40 PM
,,,,,,,,,,PRK-RA,,KML-RA,,,,CHC-RA,,,,,,NF2,,SKK,,SOR,,KAG-RA,,LT401,,,,,,,,,SHI,LT402,,,,,,,,,SAU,LP104,,,,,,,,,NIS,LT403,,,,,,,,,KPR,,,,,,,APK-RA,,NIK-RA,,,,,,,,,,,,,,,,KAK-RA,,,,SAN-RA,,ABH-RA,,JBD,,LP105,,,,,,,,,KML,,,,,,,,,,,T106,,,,,,,,,ASA,,,
,10,,3:30 PM,UCS553P,,UCS553P,,UCS503P,,,,,,,,,,,,UCS615L,,,,,,,,,,,,UCS615P,,UML501P,,,,UCS503P,,,,UML501P,,,,UCS615P,,,,,,,,,,,,UCS553P,,,,,,,,,,UCS503P,,UCS553L,,,,,,,,,,,,UCS553P,,UCS553L,,,,,,,,,,UML501L,,,,,,,,,,,,,,,,UCS420P,,,,,,,,,,,,,,UAI502L,,,,,,,,,,,10,3:30 PM
,,,,ES1(L401),,ES2(L402),,SE1(L104),,,,,,,,,,,,LT402,,,,,,,,,ANP,,,IS1(L408),,DT(L308),,,,SE2(L105),,,,ML(L009),,,,CG2(L430),,,,,,,,,,,,NS1(L102),,,,,,,,,,SD(L501),,T105,,,,,,,,,SUR,,,NS2(L409),,LT401,,,,,,,,,CHN,LT403,,,,,,,,,RKG,,,,,,,CIS(L301),,,,,,,,,,,,,,T106,,,,,,,,,SJ,,,
,11,,4:20 PM,LAB,,LAB,,LAB,,,,,,,,,,,,UCS421L,,,,,,,,,,,,LAB,,LAB,,,,LAB,,,,LAB,,,,LAB,,,,,,,,,,,,LAB,,,,,,,,,,LAB,,UML501L,,,,,,,,,,,,LAB,,UCS510L,,,,,,,,,,UCS421L,,,,,,,,,,,,,,,,LAB,,,,,,,,,,,,,,UAI503L,,,,,,,,,,,11,4:20 PM
,,,,DEG-RA,,MNK,,ROS,,,,,,,,,,,,LT402,,,,,,,,,APB,,,YAS,,ARU-RA,,,,TAG,,,,SNJ-RF,,,,NIS,,,,,,,,,,,,KNP-RA,,,,,,,,,,VJY,,T105,,,,,,,,,MHK,,,CHC-RA,,LT401,,,,,,,,,SHI,LT403,,,,,,,,,SMR,,,,,,,AMO,,,,,,,,,,,,,,T106,,,,,,,,,ABD,,,
,12,,5:10 PM,,,,,,,,,,,,,,,,,,,,,,,,,,,,,,,,,,,,,,,,,,,,,,,,,,,,,,,,,,,,,,,,,,,,,,,,,,,,,,,,,,,,,,,,,,,,,,,,,,,,,,,,,,,,,,,,,,,,,,,,,,,,,,,,,,,,12,5:10 PM
,,,,,,,,,,,,,,,,,,,,,,,,,,,,,,,,,,,,,,,,,,,,,,,,,,,,,,,,,,,,,,,,,,,,,,,,,,,,,,,,,,,,,,,,,,,,,,,,,,,,,,,,,,,,,,,,,,,,,,,,,,,,,,,,,,,,,,,,
,13,,6:00PM,,,,,,,,,,,,,,,,,,,,,,,,,,,,,,,,,,,,,,,,,,,,,,,,,,,,,,,,,,,,,,,,,,,,,,,,,,,,,,,,,,,,,,,,,,,,,,,,,,,,,,,,,,,,,,,,,,,,,,,,,,,,,,,,,,,,13,6:00PM
,,,,,,,,,,,,,,,,,,,,,,,,,,,,,,,,,,,,,,,,,,,,,,,,,,,,,,,,,,,,,,,,,,,,,,,,,,,,,,,,,,,,,,,,,,,,,,,,,,,,,,,,,,,,,,,,,,,,,,,,,,,,,,,,,,,,,,,,
,14,,6:50PM,,,,,,,,,,,,,,,,,,,,,,,,,,,,,,,,,,,,,,,,,,,,,,,,,,,,,,,,,,,,,,,,,,,,,,,,,,,,,,,,,,,,,,,,,,,,,,,,,,,,,,,,,,,,,,,,,,,,,,,,,,,,,,,,,,,,14,6:50PM
,,,,,,,,,,,,,,,,,,,,,,,,,,,,,,,,,,,,,,,,,,,,,,,,,,,,,,,,,,,,,,,,,,,,,,,,,,,,,,,,,,,,,,,,,,,,,,,,,,,,,,,,,,,,,,,,,,,,,,,,,,,,,,,,,,,,,,,,
,1,,8:00 AM,UCS615L,,,,,,,,,,,,,,,,UCS503L,,,,,,,,,,,,,,,,,,,,UCS553L,,,,,,,,,,,,UCS553P,,UCS503P,,UCS553P,,,,UCS503L,,,,,,,,,,UCS615L,,,,,,,,,,UCS615L,,,,,,UCS420P,,UML501P,,UML501P,,UML501P,,UCS503L,,,,,,,,,,UCS503P,,UML501P,,UCS503P,,,,UCS553P,,,,,,,,,,,,UAI502P,,,,,,,,UAI501P,,,1,8:00 AM
F,,,,LT102,,,,,,,,,,,,,,,ABK,LT402,,,,,,,,,VJY,,,,,,,,,,,LT401,,,,,,,,,SAU,,,ES2(L402),,SD(L501),,NS1(L102),,,,LT303,,,,,,,,,ASB,T106,,,,,,,,,KPR,LT102,,,ABK,,,CIS(L301),,DT(L308),,AI(L307),,PG(L313),,LT403,,,,,,,,,RGB,SE1(L104),,ML(L009),,SE2(L105),,,,ES1(L401),,,,,,,,,,,,HPC(L312),,,,,,,,CG2(L430),,F,,
,2,,8:50 AM,UCS510L,,,,,,,,,,,,,,,,UCS615L,,,,,,,,,,,,,,,,,,,,UCS503L,,,,,,,,,,,,LAB,,LAB,,LAB,,,,UCS421L,,,,,,,,,,UCS421L,,,,,,,,,,UCS510L,,,,,,LAB,,LAB,,LAB,,LAB,,UCS421L,,,,,,,,,,LAB,,LAB,,LAB,,,,LAB,,,,,,,,,,,,LAB,,,,,,,,LAB,,,2,8:50 AM
R,,,,LT102,,,,,,,,,,,,,,,YAD,LT402,,,,,,,,,ANP,,,,,,,,,,,LT401,,,,,,,,,KML,,,KNP-RA,,PRM-RA,,CHC-RA,,,,LT303,,,,,,,,,DBD,T106,,,,,,,,,DSH,LT102,,,YAD,,,AKN-RA,,AKS-RA,,SHW-RA,,DPK-RA,,LT403,,,,,,,,,SMR,ANU-RA,,ARUA-RA,,HDK-RA,,,,NRD-RA,,,,,,,,,,,,ARN,,,,,,,,PLK-RF,,R,,
,3,,9:40 AM,UCS615P,,UCS615P,,,,UCS553P,,,,,,,,UCS553P,,UCS510L,,,,,,,,,,,,,,,,,,,,UCS503P,,UCS503P,,,,,,UML501P,,,,,,UCS553P,,,,,,,,,,,,UML501P,,,,UML501L,,,,,,,,,,UCS615P,,,,UCS420L,,,,,,,,,,UCS420L,,,,,,,,,,UML501P,,,,UCS420P,,,,,,,,,,,,,,,,UAI504P,,,,UCS503P,,,,,,,3,9:40 AM
I,,,,IS2(L409),,IS1(L408),,,,ES2(L402),,,,,,,,ES1(L401),,LT402,,,,,,,,,MJU,,,,,,,,,,,SE1(L104),,SE2(L105),,,,,,DT(L308),,,,,,NS1(L102),,,,,,,,,,,,PG(L313),,,,T106,,,,,,,,,MHK,CG2(L430),,,,LT401,,,,,,,,,AMO,LT403,,,,,,,,,MMK,HPC(L312),,,,CIS(L301),,,,,,,,,,,,,,,,NS2(L103),,,,SD(L501),,,,,,I,,
,4,,10:30 AM,LAB,,LAB,,,,LAB,,,,,,,,LAB,,UML501L,,,,,,,,,,,,,,,,,,,,LAB,,LAB,,,,,,LAB,,,,,,LAB,,,,,,,,,,,,LAB,,,,UCS553L,,,,,,,,,,LAB,,,,UCS503L,,,,,,,,,,UCS553L,,,,,,,,,,LAB,,,,LAB,,,,,,,,,,,,,,,,LAB,,,,LAB,,,,,,,4,10:30 AM
D,,,,ALK-RA,,ABK,,,,NF2,,,,,,,,KAK-RA,,LT402,,,,,,,,,SKK,,,,,,,,,,,NIT-RA,,DAM-RA,,,,,,SNJ-RF,,,,,,SHM-RA,,,,,,,,,,,,MCL,,,,T106,,,,,,,,,SUR,KPR,,,,LT401,,,,,,,,,TAG,LT403,,,,,,,,,JAB,ARN,,,,JSC-RA,,,,,,,,,,,,,,,,ASH-RF,,,,SAN-RA,,,,,,D,,
,5,,11:20 AM,,,,,,,UML501P,,,,,,,,,,UCS553P,,,,,,UCS615P,,UCS615P,,UML501L,,,,,,,,,,,,,,,,,,,,UCS421L,,,,,,,,,,,,,,,,,,,,UML501P,,UCS503P,,UCS615P,,UCS553P,,,,,,,,,,,,,,,,,,UCS503P,,UCS503P,,UML501P,,UML501P,,UCS420P,,,,,,,,,,,,UCS553L,,,,,,,,,,,,,,,,,,,,,5,11:20 AM
A,,,,,,,,,,HPC(L312),,,,,,,,,,ES2(L402),,,,,,IS1(L408),,IS2(L409),,LT401,,,,,,,,,SKK,,,,,,,,,,,LT402,,,,,,,,,DBD,,,,,,,,,,,PG(L313),,SD(L501),,CG2(L430),,NS1(L102),,,,,,,,,,,,,,,,,,SE1(L104),,SE2(L105),,DT(L308),,AI(L307),,CIS(L301),,,,,,,,,,,,T106,,,,,,,,,SAU,,,,,,,,,,,A,,
,6,,12:10 PM,,,,,,,LAB,,,,,,,,,,LAB,,,,,,LAB,,LAB,,UCS421L,,,,,,,,,,,,,,,,,,,,UML501L,,,,,,,,,,,,,,,,,,,,LAB,,LAB,,LAB,,LAB,,,,,,,,,,,,,,,,,,LAB,,LAB,,LAB,,LAB,,LAB,,,,,,,,,,,,UCS421L,,,,,,,,,,,,,,,,,,,,,6,12:10 PM
Y,,,,,,,,,,MHK,,,,,,,,,,DIM-RA,,,,,,PRK-RA,,ANP,,LT401,,,,,,,,,ASK(DE),,,,,,,,,,,LT402,,,,,,,,,MCL,,,,,,,,,,,RTA-RA,,VJY,,YAS,,CHN,,,,,,,,,,,,,,,,,,ASB,,TAG,,AKS-RA,,SHW-RA,,ANY-RA,,,,,,,,,,,,T106,,,,,,,,,DSH,,,,,,,,,,,Y,,
,7,,1:00 PM,,,,,,,,,,,,,,,,,,,,,,,,,,,,,,,,,,,,,,,,,,,,,,,,,,,,,,,,,,,,,,,,,,,,,,,,,,,,,,,,,,,,,,,,,,,,,,,,,,,,,UCS503L,,,,,,,,,,,,,,,,,,,,,,,,,,,,,,,7,1:00 PM
,,,,,,,,,,,,,,,,,,,,,,,,,,,,,,,,,,,,,,,,,,,,,,,,,,,,,,,,,,,,,,,,,,,,,,,,,,,,,,,,,,,,,,,,,,,,,,,,,,,,,,,,LP103,,,,,,,,,KML,,,,,,,,,,,,,,,,,,,,,,,
,8,,1:50 PM,,,,,,,,,,,UCS503P,,,,,,,,,,,,,,,,UCS615P,,,,,,UCS553P,,UCS553P,,UCS531P/UCS548P/UCS534P/UCS551P,,,,UCS531P/UCS548P/UCS534P/UCS551P,,,,,,UMC513P/UCS534P/UCS551P/UCS542P,,,,,,,,,,UCS531P/UCS548P/UMC513P/UCS534P/UCS551P/UCS542P,,,,,,UCS531P/UCS548P/UMC513P/UCS534P/UCS551P/UCS542P,,,,UCS531P/UCS548P/UMC513P/UCS534P/UCS551P/UCS542P,,,,UCS531P/UCS548P/UMC513P/UCS534P/UCS551P/UCS542P,,,,,,UCS531P/UCS548P/UMC513P/UCS534P/UCS551P,,,,UCS510L,,,,,,,,,,,,UCS420P,,,,,,,,UCS553L,,,,,,,,,,UML501L,,,,,,,,,,,,UAI501P,,,,UCS503P,,UCS503P,,,8,1:50 PM
,,,,,,,,,,,,,,SD(L501),,,,,,,,,,,,,,,,IS1(L408),,,,,,NS2(L103),,NS1(L102),,L302/L307/L409/LP108,,,,L302/L308/L409/LP108,,,,,,L207/L409/LP108/L206,,,,,,,,,,L401/L009/L207/L409/LP108/L206,,,,,,L202/L009/L207/L409/LP108/L206,,,,L402/L313/L207/L409/LP108/L206,,,,L402/L312/L207/L409/LP108/L206,,,,,,L302/L308/L207/L409/LP108,,,,LT401,,,,,,,,,SHI,,,CIS(L301),,,,,,,,LP103,,,,,,,,,NF1,T106,,,,,,,,,MHK,,,CG2(L430),,,,SE2(L105),,SE-1(L104),,,,
,9,,2:40 PM,,,,,,,,,,,LAB,,,,,,,,,,,,,,,,LAB,,,,,,LAB,,LAB,,LAB,,,,LAB,,,,,,LAB,,,,,,,,,,LAB,,,,,,LAB,,,,LAB,,,,LAB,,,,,,LAB,,,,UCS553L,,,,,,,,,,,,LAB,,,,,,,,UCS420L,,,,,,,,,,UCS420L,,,,,,,,,,,,LAB,,,,LAB,,LAB,,,9,2:40 PM
,,,,,,,,,,,,,,PRM-RA,,,,,,,,,,,,,,,,,,,,,,KNP-RA,,CHC-RA,,VPS/AMT/MAN/JS,,,,VPS/DET/MAN/JS,,,,,,(---)/MAN/JS/MKB,,,,,,,,,,ANS/SEM-CRA/---/MAN/JS/MKB,,,,,,SAM/SEM-CRA/---/MAN/JS/MKB,,,,ISN-RA/ANT-CRA/---/MAN/JS/MKB,,,,ISN-RA/SAK-CRA/---/MAN/JS/MKB,,,,,,VPS/DET/---/MAN/JS,,,,LT401,,,,,,,,,CHN,,,AKN-RA,,,,,,,,LP103,,,,,,,,,AMO,T106,,,,,,,,,MMK,,,PLK-RF,,,,HDK-RA,,ANU-RA,,,,
,10,,3:30 PM,,,,,,,,,,,,,,,,,,,,,,,,,,,UCS553L,,,,,,,,,,,,,,,,,,,,UCS615L,,,,,,,,,,UML501L,,,,,,,,,,UCS615P,,,,,,,,UCS615P,,,,,,,,,,,,,,,,,,,,,,,,,,UCS510L,,,,,,,,,,UCS420P,,UCS503P,,UCS553P,,UCS503P,,UCS503P,,UCS503L,,,,,,,,,,,10,3:30 PM
,,,,,,,,,,,,,,,,,,,,,,,,,,,,,,LT303,,,,,,,,,JAB,,,,,,,,,,,LT401,,,,,,,,,NIS,LT402,,,,,,,,,AMR,IS1(L408),,,,,,,,IS2(L409),,,,,,,,,,,,,,,,,,,,,,,,,,LP103,,,,,,,,,ABD,CIS(L301),,SD(L501),,NS1(L102),,SE2(L105),,SE1(L104),,T106,,,,,,,,,RGB,,,
,11,,4:20 PM,,,,,,,,,,,,,,,,,,,,,,,,,,,UCS615L,,,,,,,,,,,,,,,,,,,,UCS553L,,,,,,,,,,UCS553L,,,,,,,,,,LAB,,,,,,,,LAB,,,,,,,,,,,,,,,,,,,,,,,,,,UML501L,,,,,,,,,,LAB,,LAB,,LAB,,LAB,,LAB,,UAI503L,,,,,,,,,,,11,4:20 PM
,,,,,,,,,,,,,,,,,,,,,,,,,,,,,,LT303,,,,,,,,,NIS,,,,,,,,,,,LT401,,,,,,,,,NF1,LT402,,,,,,,,,SUR,PRK-RA,,,,,,,,ALK-RA,,,,,,,,,,,,,,,,,,,,,,,,,,LP103,,,,,,,,,AMR,JSC-RA,,SAN-RA,,SHM-RA,,DAM-RA,,NIT-RA,,T106,,,,,,,,,ABD,,,
,12,,5:10PM,,,,,,,,,,,,,,,,,,,,,,,,,,,,,,,,,,,,,,,,,,,,,,,,,,,,,,,,,,,,,,,,,,,,,,,,,,,,,,,,,,,,,,,,,,,,,,,,,,,,,,,,,,,,,,,,,,,,,,,,,,,,,,,,,,,,12,5:10PM
,,,,,,,,,,,,,,,,,,,,,,,,,,,,,,,,,,,,,,,,,,,,,,,,,,,,,,,,,,,,,,,,,,,,,,,,,,,,,,,,,,,,,,,,,,,,,,,,,,,,,,,,,,,,,,,,,,,,,,,,,,,,,,,,,,,,,,,,
,13,,6:00PM,,,,,,,,,,,,,,,,,,,,,,,,,,,,,,,,,,,,,,,,,,,,,,,,,,,,,,,,,,,,,,,,,,,,,,,,,,,,,,,,,,,,,,,,,,,,,,,,,,,,,,,,,,,,,,,,,,,,,,,,,,,,,,,,,,,,13,6:00PM
,,,,,,,,,,,,,,,,,,,,,,,,,,,,,,,,,,,,,,,,,,,,,,,,,,,,,,,,,,,,,,,,,,,,,,,,,,,,,,,,,,,,,,,,,,,,,,,,,,,,,,,,,,,,,,,,,,,,,,,,,,,,,,,,,,,,,,,,
,14,,6:50PM,,,,,,,,,,,,,,,,,,,,,,,,,,,,,,,,,,,,,,,,,,,,,,,,,,,,,,,,,,,,,,,,,,,,,,,,,,,,,,,,,,,,,,,,,,,,,,,,,,,,,,,,,,,,,,,,,,,,,,,,,,,,,,,,,,,,14,6:50PM
,,,,,,,,,,,,,,,,,,,,,,,,,,,,,,,,,,,,,,,,,,,,,,,,,,,,,,,,,,,,,,,,,,,,,,,,,,,,,,,,,,,,,,,,,,,,,,,,,,,,,,,,,,,,,,,,,,,,,,,,,,,,,,,,,,,,,,,,
