,,,,,,,,,,,,,,,,,,,,,,,,,,,,,,,,,,,,,,,,,,,,,,,,,,,,,,,,,,,,,,,,,,,,,,,,,,,,,,,,,,,,,,,,,,,,,,,,,,,,,,,,,,,,,,,,,,,,,,,,,,,,,,,,,,,,,,,,,,,,
,,,,,,,,,,,,,             TIME TABLE JULY TO DEC 2026,,,,,,,,,,,,,,,,,,,,,,,,,,,             TIME TABLE JULY TO DEC 2026,,,,,,,,,,,,,,,,,,,,,,,,             TIME TABLE JULY TO DEC  2026,,,,,,,,,,,,,,,,,,,,,,,,,,,,,,,,,             TIME TABLE JULY TO DEC 2026,,,,,,,,,,,,,,,,,,,,,,,,,,,,,,,,,,,,,,,,,,,
,,,,,,,,,,,,,,FIRST YEAR -A,,,,,,,,,,,,,,,,,,,,,,,,,,,FIRST YEAR -A,,,,,,,,,,,,,,,,,,,,,,,,FIRST YEAR -A,,,,,,,,,,,,,,,,,,,,,,,,,,,,,,,,,FIRST YEAR -A,,,,,,,,,,,,,,,,,,,,,,,,,,,,,,,,,,,,,,,,,,
,,LECTURE,,1A1,,,,,,,,,,,,,,,,1A2,,,,,,,,,,,,,,,,1A3,,,,,,,,,,,,,,,,1A4,,,,,,,,,,1A5,,,,,,,,,,1A6,,,,,,,,,,1A7,,,,,,,,,,1A8,,,,,,,,,,1A9,,,,,,,,,,1X1,,,,,,,,1X2,,,,,,,,1C1,,,,,,,,,,,,
,,TUTORIAL,,1A11,,1A12,,1A13,,1A14,,1A15,,1A16,,1A17,,1A18,,1A21,,1A22,,1A23,,1A24,,1A25,,1A26,,1A27,,1A28,,1A31,,1A32,,1A33,,1A34,,1A35,,1A36,,1A37,,1A38,,1A41,,1A42,,1A43,,1A44,,1A45,,1A51,,1A52,,1A53,,1A54,,1A55,,1A61,,1A62,,1A63,,1A64,,1A65,,1A71,,1A72,,1A73,,1A74,,1A75,,1A81,,1A82,,1A83,,1A84,,1A85,,1A91,,1A92,,1A93,,1A94,,1A95,,1X11,,1X12,,1X13,,1X14,,1X21,,1X22,,1X23,,1X24,,1C11,,1C12,,1C13,,1C14,,1C15,,,,
DAY,SR NO,PRACTICAL,HOURS,1A1A,,1A1B,,1A1C,,1A1D,,1A1E,,1A1F,,1A1G,,1A1H,,1A2A,,1A2B,,1A2C,,1A2D,,1A2E,,1A2F,,1A2G,,1A2H,,1A3A,,1A3B,,1A3C,,1A3D,,1A3E,,1A3F,,1A3G,,1A3H,,1A4A,,1A4B,,1A4C,,1A4D,,1A4E,,1A5A,,1A5B,,1A5C,,1A5D,,1A5E,,1A6A,,1A6B,,1A6C,,1A6D,,1A6E,,1A7A,,1A7B,,1A7C,,1A7D,,1A7E,,1A8A,,1A8B,,1A8C,,1A8D,,1A8E,,1A9A,,1A9B,,1A9C,,1A9D,,1A9E,,1X1A,,1X1B,,1X1C,,1X1D,,1X2A,,1X2B,,1X2C,,1X2D,,1C1A,,1C1B,,1C1C,,1C1D,,1C1E,,DAY,SR.NO,HOURS
,,,,,,,,,,,,,,,,,,,,,,,,,,,,,,,,,,,,,,,,,,,,,,,,,,,,,,,,,,,,,,,,,,,,,,,,,,,,,,,,,,,,,,,,,,,,,,,,,,,,,,,,,,,,,,,,,,,,,,,,,,,,,,,,,,,,,,,,,,,,
,1,,8:00 AM,,,,,,,,,,,,,,,,,UCB009P,,UCB009P,,UCB009P,,UES103P,,UES103P,,UES103P,,UES013T,,UMA022T,,,,,,,,,,,,,,,,,,,,,,,,,,,,,,,,,,,,,,,,,,,,,,,,,,,,,,,,,,,,,,,,,,,,,,,,,,,,,,,,,,,,,,,,,,,,,,,,,,,,,,,,,1,8:00 AM
M,,,,,,,,,,,,,,,,,,,,CBCL(G114),,CBO(G141),,CBTL(G253-A),,PL-1(L007),,PL-2(L008),,PL-3(L010),,E304,TA8,E305,ANK,,,,,,,,,,,,,,,,,,,,,,,,,,,,,,,,,,,,,,,,,,,,,,,,,,,,,,,,,,,,,,,,,,,,,,,,,,,,,,,,,,,,,,,,,,,,,,,,,,,,,,,M,,
,2,,8:50:AM,UCB009L,,,,,,,,,,,,,,,,LAB,,LAB,,LAB,,LAB,,LAB,,LAB,,UMA022T,,UES013T,,,,,,,,,,,,,,,,,,,,,,,,,,,,UMA022L,,,,,,,,,,,,,,,,,,,,,,,,,,,,,,,,,,,,,,,,,,,,,,,,,,UES013L,,,,,,,,,,,,,,,,UES103L,,,,,,,,,,,2,8:50 AM
O,,,,LP101,,,,,,,,,,,,,,,SBA,TA20,,TA7,,TA2,,KNK-RA,,MNK-RA,,ISS-RA,,E304,ANK,E305,TA7,,,,,,,,,,,,,,,,,,,,,,,,,,,LP102,,,,,,,,,SS,,,,,,,,,,,,,,,,,,,,,,,,,,,,,,,,,,,,,,,,,T105,,,,,,,AMT,,,,,,,,,LP103,,,,,,,,,VAA,O,,
,3,,9:40: AM,UEN008L,,,,,,,,,,,,,,,,UES103P,,UES103P,,UES103P,,UCB009P,,UCB009P,,UCB009P,,UES013P,,UES013P,,UES013P,,UES013P,,UES013T,,UMA022T,,,,,,,,,,,,,,,,,,,,UES013L,,,,,,,,,,,,,,,,,,,,,,,,,,,,,,,,,,,,,,,,,,UES013T,,,,,,,,UMA022L,,,,,,,,,,,,,,,,UCB009L,,,,,,,,,,,3,9:40 AM
N,,,,LP101,,,,,,,,,,,,,,,SV,PL-1(L007),,PL-2(L008),,PL-3(L010),,CBCL(G114),,CBOL(G141),,CBTL(G253-A),,H221/B105,,H222/C201,,B105/H221,,C201/H222,,E311,UKS,T302,TA40,,,,,,,,,,,,,,,,,,,LP102,,,,,,,,,AMK-2,,,,,,,,,,,,,,,,,,,,,,,,,,,,,,,,,E101,JSK,,,,,,,T105,,,,,,,HG,,,,,,,,,LP103,,,,,,,,,BG,N,,
,4,,10:30: AM,UES013L,,,,,,,,,,,,,,,,LAB,,LAB,,LAB,,LAB,,LAB,,LAB,,LAB,,LAB,,LAB,,LAB,,UMA022T,,UES013T,,,,,,,,,,UCB009L,,,,,,,,,,,,,,,,,,,,,,,,,,,,,,,,,,,,,,,,UCB009L,,,,,,,,,,,,UMA022T,,,,,,,,UES103L,,,,,,,,,,,,,,,,,,UES013T,,,,,,,,,4,10:30 AM
D,,,,LP101,,,,,,,,,,,,,,,MBD,SND,,JAS,,ISH-RA,,BM,,MNC,,TA24,,SS/AAR,,NIN/APC3,,AAR/SS,,APC3/NIN,,E311,ANK,T302,APC4,,,,,,,,,LP102,,,,,,,,,VLX,,,,,,,,,,,,,,,,,,,,,,,,,,,,,,,LP103,,,,,,,,,SNS,,,E305,TA18,,,,,,,T105,,,,,,,RAK,,,,,,,,,,,E304,TA13,,,,,,,D,,
,5,,11:20 AM,UCB009P,,UCB009P,,UCB009P,,,,,,,,,,,,,,,,,,,,,,,,,,,,UEN008L,,,,,,,,,,,,,,,,UEN008L,,,,,,,,,,,,,,,,,,,,,,,,,,,,,,UES013P,,UES013P,,,,,,,,UMA022L,,,,,,,,,,,,,,,,,,,,UES103P,,UES103P,,UES103P,,,,UES013P,,UES013P,,UES013T,,,,UES103P,,UMA022T,,,,,,,,,5,11:20 AM
A,,,,CBCL(G114),,CBOL(G141),,CBTL(G253-A),,,,,,,,,,,,,,,,,,,,,,,,,,,,LP101,,,,,,,,,,,,,,,ADH,LP102,,,,,,,,,NJ,,,,,,,,,,,,,,,,,,,,,B105/H221,,C201/H222,,,,,,,,LP103,,,,,,,,,SS,,,,,,,,,,,PL-1(L007),,PL-2(L008),,PL-3(L010),,,,H221/B105,,H222/C201,,E304,TA14,,,PL-4(L011),,E305,ANU,,,,,,,A,,
,6,,12:10 PM,LAB,,LAB,,LAB,,,,,,,,,,,,,,,,,,,,,,,,,,,,UES013L,,,,,,,,,,,,,,,,UES013L,,,,,,,,,,,,,,,,,,,,,,,,,,,,,,LAB,,LAB,,,,,,,,UES103L,,,,,,,,,,,,,,,,,,,,LAB,,LAB,,LAB,,,,LAB,,LAB,,UMA022T,,UES013T,,LAB,,,,,,,,,,,6,12:10 PM
Y,,,,MRP,,KPU,,SBA,,,,,,,,,,,,,,,,,,,,,,,,,,,,LP101,,,,,,,,,,,,,,,AAR,LP102,,,,,,,,,UKS,,,,,,,,,,,,,,,,,,,,,HDJ/NF2,,APC9/TA2,,,,,,,,LP103,,,,,,,,,SUJ,,,,,,,,,,,CHP,,RAV-RF,,PCH,,,,NF-2/HDJ,,TA2/APC9,,E304,TA17,E305,TA13,RAK,,,,,,,,,,Y,,
,7,,1:00 PM,,,,,,,,,,,,,,,,,,,,,,,,,,,,,,,,,,,,,,,,,,,,,,,,,,,,,,,,,,,,,,,,,,,,,UEN008L,,,,,,,,,,,,,,,,,,,,,,,,,,,,,,UMA022L,,,,,,,,,,,,,,,,,,,,,,,,,,,,,,,,,,,,,7,1:00 PM
,,,,,,,,,,,,,,,,,,,,,,,,,,,,,,,,,,,,,,,,,,,,,,,,,,,,,,,,,,,,,,,,,,,,,,,,LP102,,,,,,,,,ADH,,,,,,,,,,,,,,,,,,,,,LP103,,,,,,,,,PKV,,,,,,,,,,,,,,,,,,,,,,,,,,,,,
,8,,1:50 PM,,,,,,,UCB009P,,UCB009P,,UCB009P,,UES103P,,UES103P,,UMA022L,,,,,,,,,,,,,,,,,,,,,,,,,,,,,,,,,,,,,,,,,,UES013T,,UMA022T,,UES013P,,,,,,UMA022L,,,,,,,,,,,,,,,,,,UES013P,,UES013P,,UES013P,,,,,,,,UES103L,,,,,,,,,,,,,,,,,,,,,,,,,,,,,,UES103P,,,,,,,8,1:50 PM
,,,,,,,,,,CBCL(G114),,CBOL(G141),,CBTL(G253-A),,PL-1,,PL-2(L008),,LP101,,,,,,,,,,,,,,,MUK,,,,,,,,,,,,,,,,,,,,,,,,,,,E311,AMK2,T302,TA20,B105/H221,,,,,,LP102,,,,,,,,,SMC,,,,,,,,,C201/H222,,H221/B105,,H222/C201,,,,,,,,LP103,,,,,,,,,HRS,,,,,,,,,,,,,,,,,,,,,PL-3(L010),,,,,,,,
,9,,2:40 PM,UES013T,,,,,,LAB,,LAB,,LAB,,LAB,,LAB,,UES013L,,,,,,,,,,,,,,,,,,,,,,,,,,,,,,,,,,,,,,,,,,UMA022T,,UES013T,,LAB,,,,,,UCB009L,,,,,,,,,,,,,,,,,,LAB,,LAB,,LAB,,,,,,,,UCB009L,,,,,,,,,,,,,,,,,,,,,,,,,,,,,,LAB,,,,,,,9,2:40 PM
,,,,E305,MBD,,,,,PV,,TA5,,TA14,,KNK-RA,,RCH-RA,,LP101,,,,,,,,,,,,,,,SS,,,,,,,,,,,,,,,,,,,,,,,,,,,E311,TA39,T302,APC3,APC2/YT,,,,,,LP102,,,,,,,,,MIL,,,,,,,,,APC4/TA11,,YT/APC2,,TA11/APC4,,,,,,,,LP103,,,,,,,,,DAV,,,,,,,,,,,,,,,,,,,,,ISS-RA,,,,,,,,
,10,,3:30 PM,UMA022T,,UES013T,,,,UES103P,,UES103P,,UES103P,,UCB009P,,UCB009P,,,,,,,,,,,,,,,,,,,,,,,,,,,,,,,,,,,,,,,,,,,,,,,,,,,,,,,,,,,,,,,,UCB009L,,,,,,,,,,,,,,UES013P,,UES013P,,,,UES013L,,,,,,,,,,UMA022T,,UCB009P,,UES013P,,UES013P,,,,UES103P,,,,,,,,,,,,,,,,,10,3:30 PM
,,,,E304,VKS,E305,MBD,,,PL-3(L010),,PL-1(L007),,PL-2(L008),,CBCL(G114),,CBOL(G141),,,,,,,,,,,,,,,,,,,,,,,,,,,,,,,,,,,,,,,,,,,,,,,,,,,,,,,,,,,,,,,,LP102,,,,,,,,,VT,,,,,H221/B105,,H222/C201,,,,LP103,,,,,,,,,HDJ,E311,TA15,CBTL(G253-A),,B105/H221,,C201/H222,,,,PL4(L007),,,,,,,,,,,,,,,,,,
,11,,4:20 PM,,,UMA022T,,,,LAB,,LAB,,LAB,,LAB,,LAB,,,,,,,,,,,,,,,,,,,,,,,,,,,,,,,,,,,,,,,,,,,,,,,,,,,,,,,,,,,,,,,,UES103L,,,,,,,,,,,,,,LAB,,LAB,,,,,,,,,,,,,,UES013T,,LAB,,LAB,,LAB,,,,LAB,,,,,,,,,,,,,,,,,11,4:20 PM
,,,,,,E304,VKS,,,HRS,,CHP,,SND,,SNS,,RKD,,,,,,,,,,,,,,,,,,,,,,,,,,,,,,,,,,,,,,,,,,,,,,,,,,,,,,,,,,,,,,,,LP102,,,,,,,,,SUJ,,,,,TA7/APC7,,TA8/AMK2,,,,,,,,,,,,,,E311,APC2,TA5,,APC7/TA7,,AMK2/TA8,,,,MNK-RA,,,,,,,,,,,,,,,,,,
,12,,5:10 PM,,,,,,,,,,,,,,,,,,,,,,,,,,,,,,,,,,,,,,,,,,,,,,,,,,,,,,,,,,,,,,,,,,,,,,,,,,,,,,,,,,,,,,,,,,,,,,,,,,,,,,,,,,,,,,,,,,,,,,,,,,,,,,,,,,,,,,,,12,5:10 PM
,,,,,,,,,,,,,,,,,,,,,,,,,,,,,,,,,,,,,,,,,,,,,,,,,,,,,,,,,,,,,,,,,,,,,,,,,,,,,,,,,,,,,,,,,,,,,,,,,,,,,,,,,,,,,,,,,,,,,,,,,,,,,,,,,,,,,,,,,,,,
,13,,6:00 PM,,,,,,,,,,,,,,,,,,,,,,,,,,,,,,,,,,,,,,,,,,,,,,,,,,,,,,,,,,,,,,,,,,,,,,,,,,,,,,,,,,,,,,,,,,,,,,,,,,,,,,,,,,,,,,,,,,,,,,,,,,,,,,,,,,,,,,,,13,6:00 PM
,,,,,,,,,,,,,,,,,,,,,,,,,,,,,,,,,,,,,,,,,,,,,,,,,,,,,,,,,,,,,,,,,,,,,,,,,,,,,,,,,,,,,,,,,,,,,,,,,,,,,,,,,,,,,,,,,,,,,,,,,,,,,,,,,,,,,,,,,,,,
,14,,6:50 PM,,,,,,,,,,,,,,,,,,,,,,,,,,,,,,,,,,,,,,,,,,,,,,,,,,,,,,,,,,,,,,,,,,,,,,,,,,,,,,,,,,,,,,,,,,,,,,,,,,,,,,,,,,,,,,,,,,,,,,,,,,,,,,,,,,,,,,,,14,6:50 PM
,,,,,,,,,,,,,,,,,,,,,,,,,,,,,,,,,,,,,,,,,,,,,,,,,,,,,,,,,,,,,,,,,,,,,,,,,,,,,,,,,,,,,,,,,,,,,,,,,,,,,,,,,,,,,,,,,,,,,,,,,,,,,,,,,,,,,,,,,,,,
,1,,8:00 AM,,,,,,,,,,,,,,,,,UMA022T,,UES013T,,,,,,,,,,UES103P,,UES103P,,UES103L,,,,,,,,,,,,,,,,,,,,,,,,,,,,,,,,,,,,,,,,,,,,,,UES103L,,,,,,,,,,UES013L,,,,,,,,,,,,,,,,,,,,UMA022L,,,,,,,,UES103P,,,,UES013P,,UES013 P,,UCB009P,,UCB009P,,UCB009P,,,,,,,1,8:00 AM
T,,,,,,,,,,,,,,,,,,,,E304,TA40,E305,TA7,,,,,,,,,PL-1(L007),,PL-2(L008),,LP101,,,,,,,,,,,,,,,VAA,,,,,,,,,,,,,,,,,,,,,,,,,,,,,,,LP102,,,,,,,,,SUJ,LP103,,,,,,,,,YT,,,,,,,,,,,T105,,,,,,,HG,PL-3(L010),,,,H221 /B105,,H222/C201,,CBCL(G114),,CBOL(G141),,CBTL(G253A),,,,,,T,,
,2,,8:50 AM,,,,,,,,,,,,,,,,,UES013T,,UMA022T,,,,,,,,,,LAB,,LAB,,UCB009L,,,,,,,,,,,,,,,,,,,,,,,,,,,,,,,,,,,,,,,,,,,,,,UCB009L,,,,,,,,,,UMA022 L,,,,,,,,,,,,,,,,,,,,UES013L,,,,,,,,LAB,,,,LAB,,LAB,,LAB,,LAB,,LAB,,,,,,,2,8:50 AM
U,,,,,,,,,,,,,,,,,,,,E304,TA8,E305,TA18,,,,,,,,,SND,,MNK-RA,,LP101,,,,,,,,,,,,,,,MNC,,,,,,,,,,,,,,,,,,,,,,,,,,,,,,,LP102,,,,,,,,,VT,LP103,,,,,,,,,SS,,,,,,,,,,,T105,,,,,,,AMT,ISS-RA,,,,NF2/APC2,,TA2/APC4,,TA38,,TA44,,TA9,,,,,,U,,
,3,,9:40 AM,,,,,,,,,,,,,,,,,UEN008L,,,,,,,,,,,,,,,,UCB009P,,UCB009P,,UCB009P,,UES103P,,UES103P,,UES103P,,,,,,,,,,,,,,,,,,,,UES013T,,UMA022T,,,,UES013L,,,,,,,,,,,,,,,,,,,,UCB009L,,,,,,,,,,UES013T,,,,,,,,,,,,,,,,,,UCB009L,,,,,,,,UES013T,,,,,,,,UES103P,,,3,9:40 AM
E,,,,,,,,,,,,,,,,,,,,LP101,,,,,,,,,,,,,,,NTP,CBOL(G114),,CBOL(G141),,CBTL(G253-A),,PL-1(L007),,PL-2(L008),,PL-3(L010),,,,,,,,,,,,,,,,,,,,E311,UKS,E110,TA21,,,LP102,,,,,,,,,SHT,,,,,,,,,,,LP103,,,,,,,,,SNS,E305,APC6,,,,,,,,,,,,,,,,,T106,,,,,,,BM,E304,TA12,,,,,,,L003,,E,,
,4,,10:30 AM,,,,,,,,,,,,,,,,,UES103 L,,,,,,,,,,,,,,,,LAB,,LAB,,LAB,,LAB,,LAB,,LAB,,,,,,,,,,,,,,,,,,,,UMA022T,,UES013T,,,,UES103L,,,,,,,,,,,,,,,,,,,,UES103L,,,,,,,,,,UMA022T,,,,,,,,,,,,,,,,,,UES013L,,,,,,,,UMA022T,,,,,,,,LAB,,,4,10:30 AM
S,,,,,,,,,,,,,,,,,,,,LP101,,,,,,,,,,,,,,,SND,TA21,,TA22,,TA24,,RAK,,VAA,,ISH-RA,,,,,,,,,,,,,,,,,,,,E311,TA20,E110,JSK,,,LP102,,,,,,,,,HRS,,,,,,,,,,,LP103,,,,,,,,,SUJ,E305,TA25,,,,,,,,,,,,,,,,,T106,,,,,,,NF2,E304,ANU,,,,,,,CHP,,S,,
,5,,11:20 AM,,,,,,,,,,,,,,,,,UMA022L,,,,,,,,,,,,,,,,,,UES103P,,UES103P,,,,,,,,,,,,,,,,,,,,,,,,,,,,,,,,UEN008L,,,,,,,,,,,,,,UES013T,,UMA022T,,,,UES103P,,UES103P,,UES103P,,UCB009P,,UCB009P,,UCB009L,,,,,,,,,,,,,,,,UCB009P,,UMA022L,,,,,,,,,,,,,,,,,,,5,11:20 AM
D,,,,,,,,,,,,,,,,,,,,LP101,,,,,,,,,,,,,,,MUK,,,NS2(L103),,NS1(L102),,,,,,,,,,,,,,,,,,,,,,,,,,,,,,,,LP102,,,,,,,,,ADH,,,,,T302,APC9,E311,TA18,,,PL-1(L007),,PL-2(L008),,PL-3(L010),,CBCL(G-114),,CBOL(G141),,LP103,,,,,,,,,DAV,,,,,,,CBTL(G253-A),,T106,,,,,,,PKV,,,,,,,,,,,D,,
,6,,12:10 PM,,,,,,,,,,,,,,,,,UES013L,,,,,,,,,,,,,,,,,,LAB,,LAB,,,,,,,,,,,,,,,,,,,,,,,,,,,,,,,,UCB009L,,,,,,,,,,,,,,UMA022T,,UES013T,,,,LAB,,LAB,,LAB,,LAB,,LAB,,UES013L,,,,,,,,,,,,,,,,LAB,,UES103L,,,,,,,,,,,,,,,,,,,6,12:10 PM
A,,,,,,,,,,,,,,,,,,,,LP101,,,,,,,,,,,,,,,SS,,,VBH-RA,,RCH-RA,,,,,,,,,,,,,,,,,,,,,,,,,,,,,,,,LP102,,,,,,,,,MIL,,,,,T302,TA10,E311,AAR,,,KNK-RA,,ISH-RA,,RCH-RA,,MRP,,PV,,LP103,,,,,,,,,HDJ,,,,,,,TA9,,T106,,,,,,,PCH,,,,,,,,,,,A,,
,7,,1:00 PM,UMA022 L,,,,,,,,,,,,,,,,,,,,,,,,,,,,,,,,,,,,,,,,,,,,,,,,,,,,,,,,,,UEN008L,,,,,,,,,,,,,,,,,,,,,,,,,,,,,,,,,,,,,,,,,,,,,,,,,,,,,,,,,,,,,,,,,,,,,,,,,,,,,7,1:00 PM
Y,,,,LP101,,,,,,,,,,,,,,,VKS,,,,,,,,,,,,,,,,,,,,,,,,,,,,,,,,,,,,,,,,,,,LP102,,,,,,,,,ANP,,,,,,,,,,,,,,,,,,,,,,,,,,,,,,,,,,,,,,,,,,,,,,,,,,,,,,,,,,,,,,,,,,,Y,,
,8,,1:50 PM,UES103P,,UES103P,,UES103P,,UES013T,,UES013P,,UES013P,,,,,,,,,,,,,,,,,,,,,,UMA022L,,,,,,,,,,,,,,,,UES013T,,UMA022T,,UES013P,,UES013P,,,,UMA022L,,,,,,,,,,,,,,,,,,,,,,,,,,,,,,,,,,,,,,,,,,,,,,,,,,,,,,,,,,UCB009P,,UCB009P,,UCB009P,,,,UES013L,,,,,,,,,,,8,1:50 PM
,,,,PL-1(L007),,PL-2(L008),,PL-3(L010),,E305,TA2,H222/B105,,H223/C201,,,,,,,,,,,,,,,,,,,,,,LP101,,,,,,,,,,,,,,,MG,E311,MFD,T302,RA5,B105/H221,,C201/H222,,,,LP102,,,,,,,,,SS,,,,,,,,,,,,,,,,,,,,,,,,,,,,,,,,,,,,,,,,,,,,,,,,,CBCL(G-114),,CBOL(G141),,CBTL(G253-A),,,,LP103,,,,,,,,,SVG,,,
,9,,2:40 PM,LAB,,LAB,,LAB,,UMA022T,,LAB,,LAB,,,,,,,,,,,,,,,,,,,,,,UES013L,,,,,,,,,,,,,,,,UMA022T,,UES013T,,LAB,,LAB,,,,UES013L,,,,,,,,,,,,,,,,,,,,,,,,,,,,,,,,,,,,,,,,,,,,,,UMA022T,,,,UES103L,,,,,,,,LAB,,LAB,,LAB,,,,UEN008L,,,,,,,,,,,9,2:40 PM
,,,,VAA,,ISS-RA,,MNK-RA,,E305,SS,MBD/HDJ,,TA14/APC9,,,,,,,,,,,,,,,,,,,,,,LP101,,,,,,,,,,,,,,,AAR,E311,TA11,T302,APC5,HDJ/MBD,,APC9/TA13,,,,LP102,,,,,,,,,AMK-2,,,,,,,,,,,,,,,,,,,,,,,,,,,,,,,,,,,,,E304,TA25,,,T105,,,,,,,RAK,TA25,,TA17,,TA29,,,,LP103,,,,,,,,,GAG,,,
,10,,3:30 PM,UES103 L,,,,,,,,,,,,,,,,,,,,,,,,,,,,,,,,UES103P,,,,,,UCB009P,,UCB009P,,UCB009P,,,,,,UCB009L,,,,,,,,,,,,,,,,,,,,,,,,UES013T,,UMA022T,,UES013P,,,,,,,,,,,,,,,,,,,,,,UES013P,,,,,,UES013T,,,,UCB009L,,,,,,,,,,,,,,,,UCB009L,,,,,,,,,,,10,3:30 PM
,,,,LP101,,,,,,,,,,,,,,,CHP,,,,,,,,,,,,,,,,,PL-1(L007),,,,,,CBCL(G114),,CBOL(G141),,CBTL(G253-A),,,,,,LP102,,,,,,,,,VLX,,,,,,,,,,,,,,,E311,TA13,T302,TA11,H222/C201,,,,,,,,,,,,,,,,,,,,,,C201/H222,,,,,,E304,APC2,,,T105,,,,,,,PV,,,,,,,,,LP103,,,,,,,,,BG,,,
,11,,4:20 PM,UES013 L,,,,,,,,,,,,,,,,,,,,,,,,,,,,,,,,LAB,,,,,,LAB,,LAB,,LAB,,,,,,UES103L,,,,,,,,,,,,,,,,,,,,,,,,UMA022T,,UES013T,,LAB,,,,,,,,,,,,,,,,,,,,,,LAB,,,,,,,,,,UAI101L,,,,,,,,,,,,,,,,UMA022L,,,,,,,,,,,11,4:20 PM
,,,,LP101,,,,,,,,,,,,,,,MBD,,,,,,,,,,,,,,,,,HRS,,,,,,SNS,,DAV,,VT,,,,,,LP102,,,,,,,,,PCH,,,,,,,,,,,,,,,E311,TA21,T302,TA15,SHT/RF9,,,,,,,,,,,,,,,,,,,,,,TA11/RF9,,,,,,,,,,T105,,,,,,,RKR,,,,,,,,,LP103,,,,,,,,,MG,,,
,12,,5:10 PM,,,,,,,,,,,,,,,,,,,,,,,,,,,,,,,,,,,,,,,,,,,,,,,,,,,,,,,,,,,,,,,,,,,,,,,,,,,,,,,,,,,,,,,,,,,,,,,,,,,,,,,,,,,,,,,,,,,,,,,,,,,,,,,,,,,,,,,,12,5:10 PM
,,,,,,,,,,,,,,,,,,,,,,,,,,,,,,,,,,,,,,,,,,,,,,,,,,,,,,,,,,,,,,,,,,,,,,,,,,,,,,,,,,,,,,,,,,,,,,,,,,,,,,,,,,,,,,,,,,,,,,,,,,,,,,,,,,,,,,,,,,,,
,13,,6:00 PM,,,,,,,,,,,,,,,,,,,,,,,,,,,,,,,,,,,,,,,,,,,,,,,,,,,,,,,,,,,,,,,,,,,,,,,,,,,,,,,,,,,,,,,,,,,,,,,,,,,,,,,,,,,,,,,,,,,,,,,,,,,,,,,,,,,,,,,,13,6:00 PM
,,,,,,,,,,,,,,,,,,,,,,,,,,,,,,,,,,,,,,,,,,,,,,,,,,,,,,,,,,,,,,,,,,,,,,,,,,,,,,,,,,,,,,,,,,,,,,,,,,,,,,,,,,,,,,,,,,,,,,,,,,,,,,,,,,,,,,,,,,,,
,14,,6:50 PM,,,,,,,,,,,,,,,,,,,,,,,,,,,,,,,,,,,,,,,,,,,,,,,,,,,,,,,,,,,,,,,,,,,,,,,,,,,,,,,,,,,,,,,,,,,,,,,,,,,,,,,,,,,,,,,,,,,,,,,,,,,,,,,,,,,,,,,,14,6:50 PM
,,,,,,,,,,,,,,,,,,,,,,,,,,,,,,,,,,,,,,,,,,,,,,,,,,,,,,,,,,,,,,,,,,,,,,,,,,,,,,,,,,,,,,,,,,,,,,,,,,,,,,,,,,,,,,,,,,,,,,,,,,,,,,,,,,,,,,,,,,,,
,1,,8:00 AM,UES103L,,,,,,,,,,,,,,,,,,,,,,,,,,,,,,,,,,,,,,,,,,,,,,,,UMA022L,,,,,,,,,,,,,,,,UES013P,,UES013P,,UES103P,,UES103P,,,,,,,,,,,,,,UCB009P,,UCB009P,,,,,,,,,,,,UES103L,,,,,,,,,,UES013L,,,,,,,,,,,,,,,,UES013P,,UES013P,,,,,,,,,1,8:00 AM
W,,,,LP101,,,,,,,,,,,,,,,CHP,,,,,,,,,,,,,,,,,,,,,,,,,,,,,,,,,LP102,,,,,,,,,AKJ,,,,,,,B105/H221,,C201/H222,,PL-1(L007),,PL-2(L008),,,,,,,,,,,,,,CBCL(G-114),,CBOL(G141),,,,,,,,,,,,LP103,,,,,,,,,HRS,T105,,,,,,,AMT,,,,,,,,,H221/B105,,H222/C201,,,,,,,,W,,
,2,,8:50 AM,UES013L,,,,,,,,,,,,,,,,,,,,,,,,,,,,,,,,,,,,,,,,,,,,,,,,UES013L,,,,,,,,,,,,,,,,LAB,,LAB,,LAB,,LAB,,,,,,,,,,,,,,LAB,,LAB,,,,,,,,,,,,UCB009L,,,,,,,,,,UMA022L,,,,,,,,,,,,,,UMA022T,,LAB,,LAB,,,,,,,,,2,8:50 AM
E,,,,LP101,,,,,,,,,,,,,,,MBD,,,,,,,,,,,,,,,,,,,,,,,,,,,,,,,,,LP102,,,,,,,,,UKS,,,,,,,APC3/,,APC5/,,SUJ,,KNK-RA,,,,,,,,,,,,,,TA4,,TA30,,,,,,,,,,,,LP103,,,,,,,,,DAV,T105,,,,,,,HG,,,,,,,E304,TA32,SVG/APC3,,TA8/APC5,,,,,,,,E,,
,3,,9:40 AM,UCB009L,,,,,,,,,,,,,,,,,,,,UES013T,,,,UES013P,,UES013P,,UCB009P,,UCB009P,,UES013T,,UMA022T,,UES013P,,UES013P,,,,,,UES103P,,UES103P,,UES103L,,,,,,,,,,,,,,,,,,,,,,UCB009P,,,,,,,,,,,,,,,,,,,,,,,,,,UES103P,,UEN008L,,,,,,,,,,,,,,,,,,UCB009L,,,,,,,,,,,,UMA022T,,,,,,,3,9:40 AM
D,,,,LP101,,,,,,,,,,,,,,,SBA,,,,,E305,SS,,,H221/B105,,H222/C201,,CBCL(G114),,CBOL(G141),,E311,APC4,T302,ANK,B105/H221,,C201/H222,,,,,,PL-1(L007),,PL-2(L008),,LP102,,,,,,,,,PCH,,,,,,,,,,,,,CBTL(G253-A),,,,,,,,,,,,,,,,,,,,,,,,,,L003,,LP103,,,,,,,,,DDK,,,,,,,,,T106,,,,,,,BM,,,,,E304,RA5,,,,,D,,
,4,,10:30 AM,UMA022L,,,,,,,,,,,,,,,,,,,,UMA022T,,,,LAB,,LAB,,LAB,,LAB,,UMA022T,,UES013T,,LAB,,LAB,,,,,,LAB,,LAB,,UCB009L,,,,,,,,,,,,,,,,,,,,,,LAB,,,,,,,,,,,,,,,,,,,,,,,,,,LAB,,UMA022L,,,,,,,,,,,,,,,,,,UAI101L,,,,,,,,,,,,UES013T,,,,,,,4,10:30 AM
N,,,,LP101,,,,,,,,,,,,,,,VKS,,,,,E305,TA17,,,PAW/MFD,,TA4/AMK2,,MNC,,TA51,,E311,ANJ,T302,APC3,MFD/PAW,,AMK2/MBK,,,,,,CHP,,SND,,LP102,,,,,,,,,VLX,,,,,,,,,,,,,TA21,,,,,,,,,,,,,,,,,,,,,,,,,,BDK-RA,,LP103,,,,,,,,,PKV,,,,,,,,,T106,,,,,,,VJY,,,,,E304,NF2,,,,,N,,
,5,,11:20 AM,,,,,UES013T,,,,,,,,UES013P,,UES013P,,,,,,,,,,,,,,,,,,UES103L,,,,,,,,,,,,,,,,UES013P,,UES013P,,UES013T,,UMA022T,,,,,,,,,,,,,,UMA022L,,,,,,,,,,,,,,,,,,,,,,,,,,,,,,UES103P,,UES103P,,UES013T,,UCB009P,,UCB009P,,UCB009P,,,,,,,,,,,,,,,,UES013L,,,,,,,,,,,5,11:20 AM
E,,,,,,,,E305,TA2,,,,,,,H221/B105,,H222/C201,,,,,,,,,,,,,,,,,,LP101,,,,,,,,,,,,,,,VVA,B105/H221,,C201/H222,,E311,APC5,T302,TA18,,,,,,,,,,,,,LP102,,,,,,,,,SMC,,,,,,,,,,,,,,,,,,,,,PL-1(L007),,PL-2(L008),,E304,APC44,CBCL(G114),,CBOL(G141),,CBTL(G253-A),,,,,,,,,,,,,,,,LP103,,,,,,,,,SVG,E,,
,6,,12:10 PM,,,,,UMA022T,,,,,,,,LAB,,LAB,,,,,,,,,,,,,,,,,,UEN008L,,,,,,,,,,,,,,,,LAB,,LAB,,UMA022T,,UES013T,,,,,,,,,,,,,,UES103L,,,,,,,,,,,,,,,,,,,,,,,,,,,,,,LAB,,LAB,,UMA022T,,LAB,,LAB,,LAB,,,,,,,,,,,,,,,,UMA022L,,,,,,,,,,,6,12:10 PM
S,,,,,,,,E305,TA16,,,,,,,MBD/APC6,,TA12/AAR,,,,,,,,,,,,,,,,,,LP101,,,,,,,,,,,,,,,ADH,APC6/MBD,,AAR/TA12,,E311,TA17,T302,APC7,,,,,,,,,,,,,LP102,,,,,,,,,SHT,,,,,,,,,,,,,,,,,,,,,PCH,,RAK,,E304,SS,TA22,,TA8,,TA3,,,,,,,,,,,,,,,,LP103,,,,,,,,,MG,S,,
,7,,1:00 PM,,,,,,,,,,,,,,,,,,,,,,,,,,,,,,,,,,,,,,,,,,,,,,,,,,,,,,,,,,,,,,,,,,,,,,,,,,,,,,,UES013L,,,,,,,,,,UEN008L,,,,,,,,,,,,,,,,,,,,,,,,,,,,UEN008L,,,,,,,,,,,,,,,,,,,7,1:00 PM
D,,,,,,,,,,,,,,,,,,,,,,,,,,,,,,,,,,,,,,,,,,,,,,,,,,,,,,,,,,,,,,,,,,,,,,,,,,,,,,,,,,LP102,,,,,,,,,SSK,LP103,,,,,,,,,SV,,,,,,,,,,,,,,,,,,,T105,,,,,,,DDK,,,,,,,,,,,D,,
,8,,1:50 PM,,,,,,,,,,,,,,,,,,,,,UES013P,,UES013P,,,,,,,,,,,,,,,,,,UES013P,,UES013P,,,,,,,,,,,,,,UMA022T,,,,,,,,,,,,,,,,,,,,,,UMA022L,,,,,,,,,,UES013L,,,,,,,,,,,,,,UES103P,,,,,,,,,,UCB009P,,UES103P,,UMA022L,,,,,,,,,,,,,,UCB009P,,UCB009P,,,8,1:50 PM
A,,,,,,,,,,,,,,,,,,,,,,,,H221/B105,,H222/C201,,,,,,,,,,,,,,,,,,B105/H221,,C201/H222,,,,,,,,,,,,,,E311,MG,,,,,,,,,,,,,,,,,,,,,LP102,,,,,,,,,ANU,LP103,,,,,,,,,YT,,,,,PL-1(L007),,,,,,,,,,CBOL(G141),,PL-2(L008),,T105,,,,,,,PKV,,,,,,,CBTL/G253A,,CBCL/G114,,A,,
,9,,2:40 PM,,,,,,,,,,,,,,,,,,,,,LAB,,LAB,,,,,,,,,,,,,,,,,,LAB,,LAB,,,,,,,,,,,,,,UES013T,,UES103L,,,,,,,,,,,,,,,,,,,,,,,,,,,,,,UMA022L,,,,,,,,,,,,,,LAB,,,,,,,,,,LAB,,LAB,,UES013L,,,,,,,,,,,,,,LAB,,LAB,,,9,2:40 PM
Y,,,,,,,,,,,,,,,,,,,,,,,,PBK/JSK,,TA4/AAR,,,,,,,,,,,,,,,,,,JSK/PBK,,AAR/MBK,,,,,,,,,,,,,,E311,APC7,LP102,,,,,,,,,RAK,,,,,,,,,,,,,,,,,,,,,LP103,,,,,,,,,SS,,,,,RCH-RA,,,,,,,,,,TA31,,RAV-RF,,T105,,,,,,,NF-2,,,,,,,TA38,,TA20,,Y,,
,10,,3:30 PM,UES013P,,UES013P,,,,,,,,,,,,,,UCB009L,,,,,,,,,,,,,,,,,,,,,,,,UES013T,,UMA022T,,,,,,,,,,,,,,UES013P,,UCB009L,,,,,,,,,,,,,,,,,,,,UCB009P,,UCB009P,,UCB009P,,,,,,,,,,,,,,,,,,,,,,,,,,UCB009L,,,,,,,,UES013T,,,,UES103P,,UES103P,,UEN008L,,,,,,,,,,,10,3:30 PM
,,,,H221/B105,,H222/C201,,,,,,,,,,,,,,LP101,,,,,,,,,,,,,,,MRP,,,,,,,,,E311,APC6,T302,TA16,,,,,,,,,,,,,B105/H221,,LP102,,,,,,,,,RKD,,,,,,,,,,,CBCL(G-114),,CBOL(G141),,CBTL(G253-A),,,,,,,,,,,,,,,,,,,,,,,,,,T105,,,,,,,PV,E304,NF-2,,,PL-2(L008),,PL-3(L010),,LP103,,,,,,,,,GAG,,,
,11,,4:20 PM,LAB,,LAB,,,,,,,,,,,,,,UES103L,,,,,,,,,,,,,,,,,,,,,,,,UMA022T,,UES013T,,,,,,,,,,,,,,LAB,,UES013L,,,,,,,,,,,,,,,,,,,,LAB,,LAB,,LAB,,,,,,,,,,,,,,,,,,,,,,,,,,,,,,,,,,UMA022T,,,,LAB,,LAB,,UES103L,,,,,,,,,,,11,4:20 PM
,,,,PAW/APC3,,SJ/APC5,,,,,,,,,,,,,,LP101,,,,,,,,,,,,,,,SND,,,,,,,,,E311,TA15,T302,APC7,,,,,,,,,,,,,APC3/PAW,,LP102,,,,,,,,,AMK-2,,,,,,,,,,,SBA,,TA30,,TA33,,,,,,,,,,,,,,,,,,,,,,,,,,,,,,,,,,E304,TA12,,,SUJ,,BDK-RA,,LP103,,,,,,,,,VAA,,,
,12,,5:10 PM,,,,,,,,,,,,,,,,,,,,,,,,,,,,,,,,,,,,,,,,,,,,,,,,,,,,,,,,,,,,,,,,,,,,,,,,,,,,,,,,,,,,,,,,,,,,,,,,,,,,,,,,,,,,,,,,,,,,,,,,,,,,,,,,,,,,,,,,12,5:10 PM
,,,,,,,,,,,,,,,,,,,,,,,,,,,,,,,,,,,,,,,,,,,,,,,,,,,,,,,,,,,,,,,,,,,,,,,,,,,,,,,,,,,,,,,,,,,,,,,,,,,,,,,,,,,,,,,,,,,,,,,,,,,,,,,,,,,,,,,,,,,,
,13,,6:00 PM,,,,,,,,,,,,,,,,,,,,,,,,,,,,,,,,,,,,,,,,,,,,,,,,,,,,,,,,,,,,,,,,,,,,,,,,,,,,,,,,,,,,,,,,,,,,,,,,,,,,,,,,,,,,,,,,,,,,,,,,,,,,,,,,,,,,,,,,13,6:00 PM
,,,,,,,,,,,,,,,,,,,,,,,,,,,,,,,,,,,,,,,,,,,,,,,,,,,,,,,,,,,,,,,,,,,,,,,,,,,,,,,,,,,,,,,,,,,,,,,,,,,,,,,,,,,,,,,,,,,,,,,,,,,,,,,,,,,,,,,,,,,,
,14,,6:50 PM,,,,,,,,,,,,,,,,,,,,,,,,,,,,,,,,,,,,,,,,,,,,,,,,,,,,,,,,,,,,,,,,,,,,,,,,,,,,,,,,,,,,,,,,,,,,,,,,,,,,,,,,,,,,,,,,,,,,,,,,,,,,,,,,,,,,,,,,14,6:50 PM
,,,,,,,,,,,,,,,,,,,,,,,,,,,,,,,,,,,,,,,,,,,,,,,,,,,,,,,,,,,,,,,,,,,,,,,,,,,,,,,,,,,,,,,,,,,,,,,,,,,,,,,,,,,,,,,,,,,,,,,,,,,,,,,,,,,,,,,,,,,,
,1,,8:00 AM,,,,,UES013P,,UES013P,,,,UES013T,,UMA022T,,,,,,,,,,,,,,,,,,,,UCB009L,,,,,,,,,,,,,,,,UCB009P,,UCB009P,,UCB009P,,UES103P,,UES103P,,UES013P,,UES013P,,,,,,UMA022T,,UES013L,,,,,,,,,,UMA022L,,,,,,,,,,,,,,,,,,,,,,,,,,,,,,,,,,,,,,UAI101L,,,,,,,,,,,,,,,,,,,1,8:00 AM
T,,,,,,,,H221/B105,,H222/C201,,,,E305,TA3,E304,SS,,,,,,,,,,,,,,,,,,,LP101,,,,,,,,,,,,,,,MNC,CBCL(G-114),,CBOL(G-141),,CBTL-G253A,,PL-1(L007),,PL-2(L008),,B105/H2210,,C201/H222,,,,,,E311,TA21,LP102,,,,,,,,,SES,LP103,,,,,,,,,ANU,,,,,,,,,,,,,,,,,,,,,,,,,,,,,T105,,,,,,,VJY,,,,,,,,,,,T,,
,2,,8:50 AM,,,,,LAB,,LAB,,,,UMA022T,,UES013T,,,,,,,,,,,,,,,,,,,,UES103L,,,,,,,,,,,,,,,,LAB,,LAB,,LAB,,LAB,,LAB,,LAB,,LAB,,,,,,UES013T,,UMA022L,,,,,,,,,,UES103L,,,,,,,,,,,,,,,,,,,,,,,,,,,,,,,,,,,,,,UCB009L,,,,,,,,,,,,,,,,,,,2,8:50 AM
H,,,,,,,,TA12/APC9,,TA14/RF9,,,,E304,SS,E305,TA3,,,,,,,,,,,,,,,,,,,LP101,,,,,,,,,,,,,,,VAA,TA30,,TA33,,TA44,,KVT,,SUM-RF,,APC9/TA12,,RF9/TA13,,,,,,E311,APC2,LP102,,,,,,,,,SMC,LP103,,,,,,,,,SUJ,,,,,,,,,,,,,,,,,,,,,,,,,,,,,T105,,,,,,,BM,,,,,,,,,,,H,,
,3,,9:40 AM,,,,,,,,,,,,,,,,,,,,,,,UES013T,,UMA022T,,,,,,,,UES013L,,,,,,,,,,,,,,,,UES103P,,UES103P,,UES103P,,UCB009P,,UCB009P,,UEN008L,,,,,,,,,,UCB009P,,UMA022 T,,UES013P,,UES013P,,,,UES013L,,,,,,,,,,,,,,,,,,,,,,UES013P,,UES013P,,,,,,,,,,,,,,UES103L,,,,,,,,,,,,,,UMA022T,,,,,3,9:40 AM
U,,,,,,,,,,,,,,,,,,,,,,,,,,E304,TA7,E305,TA11,,,,,,,LP101,,,,,,,,,,,,,,,AAR,PL-1(L007),,PL-2(L008),,PL-3(L010),,CBCL(G-114),,CBOL(G-141),,LP102,,,,,,,,,ANP,CBTL(G253-A),,E311,TA20,H221/B105,,H222/C201,,,,LP103,,,,,,,,,SSK,,,,,,,,,,,,,B105/H221,,C201/H222,,,,,,,,,,,,,,T105,,,,,,,PCH,,,,,,,E301,ANU,,,U,,
,4,,10:30 AM,,,,,,,,,,,,,,,,,,,,,,,UMA022T,,UES013T,,,,,,,,UMA022L,,,,,,,,,,,,,,,,LAB,,LAB,,LAB,,LAB,,LAB,,UES103L,,,,,,,,,,LAB,,UES013T,,LAB,,LAB,,,,UEN008L,,,,,,,,,,,,,,,,,,,,,,LAB,,LAB,,,,,,,,,,,,,,UEN008L,,,,,,,,,,,,,,UES013T,,,,,4,10:30 AM
R,,,,,,,,,,,,,,,,,,,,,,,,,,E304,SS,E305,TA7,,,,,,,LP101,,,,,,,,,,,,,,,MG,SUJ,,BDK-RA,,ISH-RA,,TA13,,TA24,,LP102,,,,,,,,,RAK,TA31,,E311,TA16,SHT/HDJ,,SKS/PK,,,,LP103,,,,,,,,,NJ,,,,,,,,,,,,,HDJ/SHT,,PK/TA8,,,,,,,,,,,,,,T105,,,,,,,DDK,,,,,,,E301,TA14,,,R,,
,5,,11:20 AM,,,,,,,,,,,,,,,,,UCB009L,,,,,,,,,,,,,,,,,,,,,,,,,,,,UCB009P,,UCB009P,,,,,,,,,,,,UMA022L,,,,,,,,,,UES013P,,,,,,,,,,UES103P,,UES103P,,UES013P,,,,UES013T,,,,UES013T,,UMA022T,,,,,,,,,,,,,,,,,,,,,,,,,,,,,,UCB009P,,UES103L,,,,,,,,,,,5,11:20 AM
S,,,,,,,,,,,,,,,,,,,,LP101,,,,,,,,,,,,,,,MRP,,,,,,,,,,,,,CBCL(G-114),,CBOL(G-141),,,,,,,,,,,,LP102,,,,,,,,,SS,H221/B105,,,,,,,,,,PL-1(L007),,PL-2(L008),,B105/H221,,,,E311,AAR,,,E304,TA11,E305,TA39,,,,,,,,,,,,,,,,,,,,,,,,,,,,,CBTL(G253-A),,LP103,,,,,,,,,VAA,S,,
,6,,12:10 PM,,,,,,,,,,,,,,,,,UEN008L,,,,,,,,,,,,,,,,,,,,,,,,,,,,LAB,,LAB,,,,,,,,,,,,UCB009L,,,,,,,,,,LAB,,,,,,,,,,LAB,,LAB,,LAB,,,,UMA022T,,,,UMA022T,,UES013T,,,,,,,,,,,,,,,,,,,,,,,,,,,,,,LAB,,UCB009L,,,,,,,,,,,6,12:10 PM
D,,,,,,,,,,,,,,,,,,,,LP101,,,,,,,,,,,,,,,NTP,,,,,,,,,,,,,SBA,,SNS,,,,,,,,,,,,LP102,,,,,,,,,RKD,SVG/APC4,,,,,,,,,,PCH,,KVT-RA,,APC4/TA7,,,,E311,TA11,,,E304,TA24,E305,TA11,,,,,,,,,,,,,,,,,,,,,,,,,,,,,TA19,,LP103,,,,,,,,,BG,D,,
,7,,1:00 PM,UEN008L,,,,,,,,,,,,,,,,,,,,,,,,,,,,,,,,,,,,,,,,,,,,,,,,UEN008L,,,,,,,,,,,,,,,,,,,,,,,,,,,,,,,,,,,,,,,,,,,,,,,,,,UEN008L,,,,,,,,,,UEN008L,,,,,,,,,,,,,,,,,,,,,,,,,,,7,1:00 PM
A,,,,LP101,,,,,,,,,,,,,,,SV,,,,,,,,,,,,,,,,,,,,,,,,,,,,,,,,,LP102,,,,,,,,,NJ,,,,,,,,,,,,,,,,,,,,,,,,,,,,,,,,,,,,,,,,,LP103,,,,,,,,,DDK,T105,,,,,,,GAG,,,,,,,,,,,,,,,,,,,A,,
,8,,1:50 PM,UMA022L,,,,,,,,,,,,,,,,,,,,,,,,,,,,,,,,,,,,,,,,,,,,,,,,UMA022L,,,,,,,,,,,,,,,,,,,,,,,,UCB009P,,UCB009P,,UCB009P,,,,,,,,UES103P,,UES103P,,,,,,,,,,UES013T,,UES103L,,,,,,,,,,UAI101L,,,,,,,,,,UMA022T,,,,,,,,UES103P,,,,UES103P,,,,,8,1:50 PM
Y,,,,LP101,,,,,,,,,,,,,,,VKS,,,,,,,,,,,,,,,,,,,,,,,,,,,,,,,,,LP102,,,,,,,,,AKJ,,,,,,,,,,,,,,,CBCL(G114),,CBOL(G141),,CBTL(G253-A),,,,,,,,PL-1(L007),,PL-2(L008),,,,,,,,,,E305,TA11,LP103,,,,,,,,,HRS,T105,,,,,,,RKR,,,E304,TA11,,,,,,,PL-3(L010),,,,L003,,,,Y,,
,9,,2:40 PM,UCB009L,,,,,,,,,,,,,,,,,,,,,,,,,,,,,,,,,,,,,,,,,,,,,,,,UES013L,,,,,,,,,,,,,,,,,,,,,,,,LAB,,LAB,,LAB,,,,,,,,LAB,,LAB,,,,,,,,,,UMA022T,,UES013L,,,,,,,,,,UES103L,,,,,,,,,,UES013T,,,,,,,,LAB,,,,LAB,,,,,9,2:40 PM
,,,,LP101,,,,,,,,,,,,,,,SBA,,,,,,,,,,,,,,,,,,,,,,,,,,,,,,,,,LP102,,,,,,,,,UKS,,,,,,,,,,,,,,,TA35,,TA22,,TA32,,,,,,,,JAS-RF,,SUM-RF,,,,,,,,,,E304,TA24,LP103,,,,,,,,,HDJ,T105,,,,,,,RAK,,,E305,NF2,,,,,,,MNK-RA,,,,ISS-RA,,,,,,
,10,,3:30 PM,,,,,,,,,UES013T,,,,,,,,UES013P,,UES013P,,,,,,,,,,,,,,,,,,,,,,,,,,UES013P,,UES013P,,,,,,,,,,,,,,,,,,,,,,,,,,,,,,UES103P,,,,,,,,,,,,UCB009L,,,,,,,,,,UCB009 P,,UCB009P,,UCB009P,,UES103P,,UES103P,,,,UES013T,,UMA022T,,,,,,,,,,,,UES013L,,,,,,,,,,,10,3:30 PM
,,,,,,,,,,,,E305,TA2,,,,,,,H221/B105,,H222/C201,,,,,,,,,,,,,,,,,,,,,,,,,,B105/H221,,C201/H222,,,,,,,,,,,,,,,,,,,,,,,,,,,,,,PL-3(L010),,,,,,,,,,,,LP102,,,,,,,,,SNS,CBCL(G114),,CBOL(G141),,CBTL(G253-A),,PL-1(L007),,PL-2(L008),,,,E311,AAR,T302,TA12,,,,,,,,,,,LP103,,,,,,,,,SVG,,,
,11,,4:20 PM,,,,,,,,,UMA022T,,,,,,,,LAB,,LAB,,,,,,,,,,,,,,,,,,,,,,,,,,LAB,,LAB,,,,,,,,,,,,,,,,,,,,,,,,,,,,,,LAB,,,,,,,,,,,,UES103L,,,,,,,,,,LAB,,LAB,,LAB,,LAB,,LAB,,,,UMA022T,,UES013T,,,,,,,,,,,,UMA022L,,,,,,,,,,,11,4:20 PM
,,,,,,,,,,,,E305,SS,,,,,,,SS/APC2,,NIN/JSK,,,,,,,,,,,,,,,,,,,,,,,,,,APC2/SS,,JSK/NIN,,,,,,,,,,,,,,,,,,,,,,,,,,,,,,RCH-RA,,,,,,,,,,,,LP102,,,,,,,,,ANS,MRP,,TA6,,TA27,,VAA,,BDK-RA,,,,E311,TA25,T302,APC3,,,,,,,,,,,LP103,,,,,,,,,MG,,,
,12,,5:10 PM,,,,,,,,,,,,,,,,,,,,,,,,,,,,,,,,,,,,,,,,,,,,,,,,,,,,,,,,,,,,,,,,,,,,,,,,,,,,,,,,,,,,,,,,,,,,,,,,,,,,,,,,,,,,,,,,,,,,,,,,,,,,,,,,,,,,,,,,12,5:10 PM
,,,,,,,,,,,,,,,,,,,,,,,,,,,,,,,,,,,,,,,,,,,,,,,,,,,,,,,,,,,,,,,,,,,,,,,,,,,,,,,,,,,,,,,,,,,,,,,,,,,,,,,,,,,,,,,,,,,,,,,,,,,,,,,,,,,,,,,,,,,,
,13,,6:00 PM,,,,,,,,,,,,,,,,,,,,,,,,,,,,,,,,,,,,,,,,,,,,,,,,,,,,,,,,,,,,,,,,,,,,,,,,,,,,,,,,,,,,,,,,,,,,,,,,,,,,,,,,,,,,,,,,,,,,,,,,,,,,,,,,,,,,,,,,13,6:00 PM
,,,,,,,,,,,,,,,,,,,,,,,,,,,,,,,,,,,,,,,,,,,,,,,,,,,,,,,,,,,,,,,,,,,,,,,,,,,,,,,,,,,,,,,,,,,,,,,,,,,,,,,,,,,,,,,,,,,,,,,,,,,,,,,,,,,,,,,,,,,,
,14,,6:50 PM,,,,,,,,,,,,,,,,,,,,,,,,,,,,,,,,,,,,,,,,,,,,,,,,,,,,,,,,,,,,,,,,,,,,,,,,,,,,,,,,,,,,,,,,,,,,,,,,,,,,,,,,,,,,,,,,,,,,,,,,,,,,,,,,,,,,,,,,14,6:50 PM
,,,,,,,,,,,,,,,,,,,,,,,,,,,,,,,,,,,,,,,,,,,,,,,,,,,,,,,,,,,,,,,,,,,,,,,,,,,,,,,,,,,,,,,,,,,,,,,,,,,,,,,,,,,,,,,,,,,,,,,,,,,,,,,,,,,,,,,,,,,,
,1,,8:00 AM,,,,,,,,,,,,,,,,,UES103L,,,,,,,,,,,,,,,,,,,,,,,,,,,,,,,,,,,,,,,,,,UES103L,,,,,,,,,,,,UES013P,,,,,,,,UES013T,,UMA022T,,UES103P,,UES013P,,,,UCB009 P,,UCB009P,,UCB009P,,UES103P,,,,,,,,,,,,,,,,,,,,,,,,,,,,,,,,,,,,,,UMA022T,,,1,8:00 AM
F,,,,,,,,,,,,,,,,,,,,LP101,,,,,,,,,,,,,,,SND,,,,,,,,,,,,,,,,,,,,,,,,,,,LP102,,,,,,,,,RAK,,,H222/C201,,,,,,,,E311,APC6,T302,TA24,PL-3(L010),,C201/H222,,,,CBCL(G114),,CBOL(G141),,CBTL(G253-A),,PL-1(L007),,,,,,,,,,,,,,,,,,,,,,,,,,,,,,,,,,,,,,E304,RA5,F,,
,2,,8:50 AM,,,,,,,,,,,,,,,,,UES013L,,,,,,,,,,,,,,,,,,,,,,,,,,,,,,,,,,,,,,,,,,UCB008L,,,,,,,,,,,,LAB,,,,,,,,UMA022T,,UES013T,,LAB,,LAB,,,,LAB,,LAB,,LAB,,LAB,,,,UMA022L,,,,,,,,,,,,,,,,,,,,,,,,,,,,,,,,,,UES013T,,,2,8:50 AM
R,,,,,,,,,,,,,,,,,,,,LP101,,,,,,,,,,,,,,,SS,,,,,,,,,,,,,,,,,,,,,,,,,,,LP102,,,,,,,,,RKD,,,TA14/APC9,,,,,,,,E311,TA23,T302,UKS,VBH-RA,,APC9/TA14,,,,TA23,,TA16,,TA18,,GUS,,,,LP103,,,,,,,,,PKV,,,,,,,,,,,,,,,,,,,,,,,,,E304,TA12,R,,
,3,,9:40 AM,,,,,,,,,,,,,,,UES013 T,,UMA022L,,,,,,,,,,,,,,,,,,,,,,,,,,,,,,,,,,,,,,,,,,UCB009P,,UCB009P,,UCB009P,,UES103P,,UES103P,,,,,,,,,,,,UMA022L,,,,,,,,,,UES013L,,,,,,,,,,,,,,,,,,UES013T,,,,UES013P,,,,,,,,,,,,,,,,,,,,,,UES013P,,,3,9:40 AM
I,,,,,,,,,,,,,,,,,,E304,TA3,LP101,,,,,,,,,,,,,,,MUK,,,,,,,,,,,,,,,,,,,,,,,,,,,CBCL(G114),,CBOL(G141),,CBTL(G253),,PL-1(L007),,PL-2(L008),,,,,,,,,,,,LP103,,,,,,,,,ANU,LP102,,,,,,,,,YT,,,,,,,,,E305,APC4,,,B105/H221,,,,,,,,,,,,,,,,,,,,,,H221/B105,,I,,
,4,,10:30 AM,,,,,,,,,,,,,,,UMA022T,,UCB009L,,,,,,,,,,,,,,,,,,,,,,,,,,,,UES013T,,UMA022T,,,,,,,,,,,,LAB,,LAB,,LAB,,LAB,,LAB,,,,,,,,,,,,UES013L,,,,,,,,,,UEN008L,,,,,,,,,,,,,,,,,,UMA022T,,,,LAB,,,,,,,,,,,,,,,,,,,,,,LAB,,,4,10:30 AM
D,,,,,,,,,,,,,,,,,,E304,MG,LP101,,,,,,,,,,,,,,,MRP,,,,,,,,,,,,,E311,HDJ,T302,TA16,,,,,,,,,,,MNC,,TA46,,TA12,,HRS,,ISH-RA,,,,,,,,,,,,LP103,,,,,,,,,SSK,LP102,,,,,,,,,SV,,,,,,,,,E305,TA25,,,JSK/ABP,,,,,,,,,,,,,,,,,,,,,,ABP/JSK,,D,,
,5,,11:20 AM,UES103L,,,,,,,,,,,,,,,,,,,,,,,,,,UES013T,,,,,,,,,,,,,,,,,,UMA022T,,UES013T,,UES103L,,,,,,,,,,UES103P,,UES103P,,,,UCB009P,,UCB009P,,,,,,,,,,,,UEN008L,,,,,,,,,,UES013T,,,,,,UES013T,,,,,,,,,,UES013P,,UES013P,,UEN008L,,,,,,,,,,,,,,,,,,,,UES013P,,UES013P,,,,,5,11:20 AM
A,,,,LP101,,,,,,,,,,,,,,,CHP,,,,,,,,,,,E305,SS,,,,,,,,,,,,,,,,,E311,TA15,T302,AMK2,LP102,,,,,,,,,PCH,PL-1(L007),,PL-2(L008),,,,CBCL(G114),,CBOL(G141),,,,,,,,,,,,LP103,,,,,,,,,NJ,E310,TA16,,,,,E304,TA12,,,,,,,,,B105/H221,,C201/H222,,T105,,,,,,,GAG,,,,,,,,,,,,,H221/B105,,H222/C201,,,,A,,
,6,,12:10 PM,,,,,,,,,,,,,,,,,,,,,,,,,,,UMA022T,,,,,,,,,,,,,,,,,,,,,,UMA022L,,,,,,,,,,LAB,,LAB,,,,LAB,,LAB,,,,,,,,,,,,UCB009L,,,,,,,,,,UMA022T,,,,,,UMA022T,,,,,,,,,,LAB,,LAB,,UCB009L,,,,,,,,,,,,,,,,,,,,LAB,,LAB,,,,,6,12:10 PM
Y,,,,,,,,,,,,,,,,,,,,,,,,,,,,,,E305,TA11,,,,,,,,,,,,,,,,,,,,,LP102,,,,,,,,,AKJ,VAA,,KVT-RA,,,,MIL,,BG,,,,,,,,,,,,LP103,,,,,,,,,VT,E310,TA23,,,,,E304,TA24,,,,,,,,,APC6/SVG,,APC5/?,,T105,,,,,,,PV,,,,,,,,,,,,,SVG/APC6,,TA6/APC5,,,,Y,,
,7,,1:00 PM,,,,,,,,,,,,,,,,,,,,,,,,,,,,,,,,,,,,,,,,,,,,,,,,,,,,,,,,,,,,,,,,,,,,,UES103L,,,,,,,,,,,,,,,,,,,,,,,,,,,,,,,,,,,,,,,,,,,,,,,,UES103L,,,,,,,,,,,,,,,,,,,7,1:00 PM
,,,,,,,,,,,,,,,,,,,,,,,,,,,,,,,,,,,,,,,,,,,,,,,,,,,,,,,,,,,,,,,,,,,,,,,,LP102,,,,,,,,,HRS,,,,,,,,,,,,,,,,,,,,,,,,,,,,,,,,,,,,,,,T105,,,,,,,PCH,,,,,,,,,,,,,
,8,,1:50 PM,,,,,,,,,,,,,,,,,,,,,,,,,,,,,,,,,UMA022L,,,,,,,,,,,,,,,,,,,,,,,,,,,,,,UES103P,,,,,,UES013L,,,,,,,,,,,,,,,,,,,,,,,,,,,,UES013P,,,,,,,,,,,,UES013P,,,,,,UES013T,,UMA022L,,,,,,,,,,,,,,,,,,,8,1:50 PM
,,,,,,,,,,,,,,,,,,,,,,,,,,,,,,,,,,,,LP101,,,,,,,,,,,,,,,MG,,,,,,,,,,,,,,,PL-1(L007),,,,,,LP102,,,,,,,,,SHT,,,,,,,,,,,,,,,,,,,H221/B105,,,,,,,,,,,,B105/H221,,,,,,E311,AMK2,T105,,,,,,,PKV,,,,,,,,,,,,,
,9,,2:40 PM,,,,,,,,,,,,,,,,,,,,,,,,,,,,,,,,,UCB009L,,,,,,,,,,,,,,,,,,,,,,,,,,,,,,LAB,,,,,,UCB009L,,,,,,,,,,,,,,,,,,,,,,,,,,,,LAB,,,,,,,,,,,,LAB,,,,,,UMA022T,,UES013L,,,,,,,,,,,,,,,,,,,9,2:40 PM
,,,,,,,,,,,,,,,,,,,,,,,,,,,,,,,,,,,,LP101,,,,,,,,,,,,,,,MNC,,,,,,,,,,,,,,,SUJ,,,,,,LP102,,,,,,,,,MIL,,,,,,,,,,,,,,,,,,,YT/JSK,,,,,,,,,,,,JSK/YT,,,,,,E311,RA5,T105,,,,,,,NF2,,,,,,,,,,,,,
,10,,3:30 PM,,,,,,,,,,,,,,,,,,,,,,,,,,,,,,,,,,,,,,,,,,,,,,,,,,,,,,,,,,,,,,,,,,,,,UES013T,,,,UES103P,,UES103P,,UMA022T,,,,,,,,,,,,,,,,,,,,,,,,,,,,,,,,,,,,,,,,,,,,,,,,,,,,,,,,,,,10,3:30 PM
,,,,,,,,,,,,,,,,,,,,,,,,,,,,,,,,,,,,,,,,,,,,,,,,,,,,,,,,,,,,,,,,,,,,,,,,E311,SHT,,,PL-1(L007),,PL-2(L008),,T302,TA23,,,,,,,,,,,,,,,,,,,,,,,,,,,,,,,,,,,,,,,,,,,,,,,,,,,,,,,,,,,
,11,,4:20 PM,,,,,,,,,,,,,,,,,,,,,,,,,,,,,,,,,,,,,,,,,,,,,,,,,,,,,,,,,,,,,,,,,,,,,UMA022T,,,,LAB,,LAB,,UES013T,,,,,,,,,,,,,,,,,,,,,,,,,,,,,,,,,,,,,,,,,,,,,,,,,,,,,,,,,,,11,4:20 PM
,,,,,,,,,,,,,,,,,,,,,,,,,,,,,,,,,,,,,,,,,,,,,,,,,,,,,,,,,,,,,,,,,,,,,,,,E311,TA21,,,BDK-RA,,KVT-RA,,T302,TA13,,,,,,,,,,,,,,,,,,,,,,,,,,,,,,,,,,,,,,,,,,,,,,,,,,,,,,,,,,,
,12,,5:10 PM,,,,,,,,,,,,,,,,,,,,,,,,,,,,,,,,,,,,,,,,,,,,,,,,,,,,,,,,,,,,,,,,,,,,,,,,,,,,,,,,,,,,,,,,,,,,,,,,,,,,,,,,,,,,,,,,,,,,,,,,,,,,,,,,,,,,,,,,12,5:10 PM
,,,,,,,,,,,,,,,,,,,,,,,,,,,,,,,,,,,,,,,,,,,,,,,,,,,,,,,,,,,,,,,,,,,,,,,,,,,,,,,,,,,,,,,,,,,,,,,,,,,,,,,,,,,,,,,,,,,,,,,,,,,,,,,,,,,,,,,,,,,,
,13,,6:00 PM,,,,,,,,,,,,,,,,,,,,,,,,,,,,,,,,,,,,,,,,,,,,,,,,,,,,,,,,,,,,,,,,,,,,,,,,,,,,,,,,,,,,,,,,,,,,,,,,,,,,,,,,,,,,,,,,,,,,,,,,,,,,,,,,,,,,,,,,13,6:00 PM
,,,,,,,,,,,,,,,,,,,,,,,,,,,,,,,,,,,,,,,,,,,,,,,,,,,,,,,,,,,,,,,,,,,,,,,,,,,,,,,,,,,,,,,,,,,,,,,,,,,,,,,,,,,,,,,,,,,,,,,,,,,,,,,,,,,,,,,,,,,,
,14,,6:50 PM,,,,,,,,,,,,,,,,,,,,,,,,,,,,,,,,,,,,,,,,,,,,,,,,,,,,,,,,,,,,,,,,,,,,,,,,,,,,,,,,,,,,,,,,,,,,,,,,,,,,,,,,,,,,,,,,,,,,,,,,,,,,,,,,,,,,,,,,14,6:50 PM
,,,,,,,,,,,,,,,,,,,,,,,,,,,,,,,,,,,,,,,,,,,,,,,,,,,,,,,,,,,,,,,,,,,,,,,,,,,,,,,,,,,,,,,,,,,,,,,,,,,,,,,,,,,,,,,,,,,,,,,,,,,,,,,,,,,,,,,,,,,,
,1,,8:00 AM,,,,,,,,,,,,,,,,,,,,,,,,,,,,,,,,,,,,,,,,,,,,,,,,,,,,,,,,,,,,,,,,,,,,,,,,,,,,,,,,,,,,,,,,,,,,,,,,,,,,,,,,,,,,,,,,,,,,,,,,,,,,,,,,,,,,,,,,1,8:00 AM
S,,,,,,,,,,,,,,,,,,,,,,,,,,,,,,,,,,,,,,,,,,,,,,,,,,,,,,,,,,,,,,,,,,,,,,,,,,,,,,,,,,,,,,,,,,,,,,,,,,,,,,,,,,,,,,,,,,,,,,,,,,,,,,,,,,,,,,,,,,S,,
,2,,8:50 AM,,,,,,,,,,,,,,,,,,,,,,,,,,,,,,,,,,,,,,,,,,,,,,,,,,,,,,,,,,,,,,,,,,,,,,,,,,,,,,,,,,,,,,,,,,,,,,,,,,,,,,,,,,,,,,,,,,,,,,,,,,,,,,,,,,,,,,,,2,8:50 AM
A,,,,,,,,,,,,,,,,,,,,,,,,,,,,,,,,,,,,,,,,,,,,,,,,,,,,,,,,,,,,,,,,,,,,,,,,,,,,,,,,,,,,,,,,,,,,,,,,,,,,,,,,,,,,,,,,,,,,,,,,,,,,,,,,,,,,,,,,,,A,,
,3,,9:40 AM,,,,,,,,,,,,,,,,,,,,,,,,,,,,,,,,,,,,,,,,,,,,,,,,,,,,,,,,,,,,,,,,,,,,,,,,,,,,,,,,,,,,,,,,,,,,,,,,,,,,,,,,,,,,,,,,,,,,,,,,,,,,,,,,,,,,,,,,3,9:40 AM
,,,,,,,,,,,,,,,,,,,,,,,,,,,,,,,,,,,,,,,,,,,,,,,,,,,,,,,,,,,,,,,,,,,,,,,,,,,,,,,,,,,,,,,,,,,,,,,,,,,,,,,,,,,,,,,,,,,,,,,,,,,,,,,,,,,,,,,,,,T,,
T,4,,10:30 AM,,,,,,,,,,,,,,,,,,,,,,,,,,,,,,,,,,,,,,,,,,,,,,,,,,,,,,,,,,,,,,,,,,,,,,,,,,,,,,,,,,,,,,,,,,,,,,,,,,,,,,,,,,,,,,,,,,,,,,,,,,,,,,,,,,,,,,,,4,10:30 AM
,,,,,,,,,,,,,,,,,,,,,,,,,,,,,,,,,,,,,,,,,,,,,,,,,,,,,,,,,,,,,,,,,,,,,,,,,,,,,,,,,,,,,,,,,,,,,,,,,,,,,,,,,,,,,,,,,,,,,,,,,,,,,,,,,,,,,,,,,,U,,
U,5,,11:20 AM,,,,,,,,,,,,,,,,,,,,,,,,,,,,,,,,,,,,,,,,,,,,,,,,,,,,,,,,,,,,,,,,,,,,,,,,,,,,,,,,,,,,,,,,,,,,,,,,,,,,,,,,,,,,,,,,,,,,,,,,,,,,,,,,,,,,,,,,5,11:20 AM
,,,,,,,,,,,,,,,,,,,,,,,,,,,,,,,,,,,,,,,,,,,,,,,,,,,,,,,,,,,,,,,,,,,,,,,,,,,,,,,,,,,,,,,,,,,,,,,,,,,,,,,,,,,,,,,,,,,,,,,,,,,,,,,,,,,,,,,,,,R,,
R,6,,12:10 PM,,,,,,,,,,,,,,,,,,,,,,,,,,,,,,,,,,,,,,,,,,,,,,,,,,,,,,,,,,,,,,,,,,,,,,,,,,,,,,,,,,,,,,,,,,,,,,,,,,,,,,,,,,,,,,,,,,,,,,,,,,,,,,,,,,,,,,,,6,12:10 PM
,,,,,,,,,,,,,,,,,,,,,,,,,,,,,,,,,,,,,,,,,,,,,,,,,,,,,,,,,,,,,,,,,,,,,,,,,,,,,,,,,,,,,,,,,,,,,,,,,,,,,,,,,,,,,,,,,,,,,,,,,,,,,,,,,,,,,,,,,,D,,
D,7,,1:00 PM,,,,,,,,,,,,,,,,,,,,,,,,,,,,,,,,,,,,,,,,,,,,,,,,,,,,,,,,,,,,,,,,,,,,,,,,,,,,,,,,,,,,,,,,,,,,,,,,,,,,,,,,,,,,,,,,,,,,,,,,,,,,,,,,,,,,,,,,7,1:00 PM
,,,,,,,,,,,,,,,,,,,,,,,,,,,,,,,,,,,,,,,,,,,,,,,,,,,,,,,,,,,,,,,,,,,,,,,,,,,,,,,,,,,,,,,,,,,,,,,,,,,,,,,,,,,,,,,,,,,,,,,,,,,,,,,,,,,,,,,,,,A,,
A,8,,1:50 PM,,,,,,,,,,,,,,,,,,,,,,,,,,,,,,,,,,,,,,,,,,,,,,,,,,,,,,,,,,,,,,,,,,,,,,,,,,,,,,,,,,,,,,,,,,,,,,,,,,,,,,,,,,,,,,,,,,,,,,,,,,,,,,,,,,,,,,,,8,1:50 PM
,,,,,,,,,,,,,,,,,,,,,,,,,,,,,,,,,,,,,,,,,,,,,,,,,,,,,,,,,,,,,,,,,,,,,,,,,,,,,,,,,,,,,,,,,,,,,,,,,,,,,,,,,,,,,,,,,,,,,,,,,,,,,,,,,,,,,,,,,,Y,,
Y,9,,2:40 PM,,,,,,,,,,,,,,,,,,,,,,,,,,,,,,,,,,,,,,,,,,,,,,,,,,,,,,,,,,,,,,,,,,,,,,,,,,,,,,,,,,,,,,,,,,,,,,,,,,,,,,,,,,,,,,,,,,,,,,,,,,,,,,,,,,,,,,,,9,2:40 PM
,,,,,,,,,,,,,,,,,,,,,,,,,,,,,,,,,,,,,,,,,,,,,,,,,,,,,,,,,,,,,,,,,,,,,,,,,,,,,,,,,,,,,,,,,,,,,,,,,,,,,,,,,,,,,,,,,,,,,,,,,,,,,,,,,,,,,,,,,,,,
,10,,3:30 PM,,,,,,,,,,,,,,,,,,,,,,,,,,,,,,,,,,,,,,,,,,,,,,,,,,,,,,,,,,,,,,,,,,,,,,,,,,,,,,,,,,,,,,,,,,,,,,,,,,,,,,,,,,,,,,,,,,,,,,,,,,,,,,,,,,,,,,,,10,3:30 PM
,,,,,,,,,,,,,,,,,,,,,,,,,,,,,,,,,,,,,,,,,,,,,,,,,,,,,,,,,,,,,,,,,,,,,,,,,,,,,,,,,,,,,,,,,,,,,,,,,,,,,,,,,,,,,,,,,,,,,,,,,,,,,,,,,,,,,,,,,,,,
,11,,4:20 PM,,,,,,,,,,,,,,,,,,,,,,,,,,,,,,,,,,,,,,,,,,,,,,,,,,,,,,,,,,,,,,,,,,,,,,,,,,,,,,,,,,,,,,,,,,,,,,,,,,,,,,,,,,,,,,,,,,,,,,,,,,,,,,,,,,,,,,,,11,4:20 PM
,,,,,,,,,,,,,,,,,,,,,,,,,,,,,,,,,,,,,,,,,,,,,,,,,,,,,,,,,,,,,,,,,,,,,,,,,,,,,,,,,,,,,,,,,,,,,,,,,,,,,,,,,,,,,,,,,,,,,,,,,,,,,,,,,,,,,,,,,,,,
,12,,5:10 PM,,,,,,,,,,,,,,,,,,,,,,,,,,,,,,,,,,,,,,,,,,,,,,,,,,,,,,,,,,,,,,,,,,,,,,,,,,,,,,,,,,,,,,,,,,,,,,,,,,,,,,,,,,,,,,,,,,,,,,,,,,,,,,,,,,,,,,,,12,5:10 PM
,,,,,,,,,,,,,,,,,,,,,,,,,,,,,,,,,,,,,,,,,,,,,,,,,,,,,,,,,,,,,,,,,,,,,,,,,,,,,,,,,,,,,,,,,,,,,,,,,,,,,,,,,,,,,,,,,,,,,,,,,,,,,,,,,,,,,,,,,,,,
,13,,6:00 PM,,,,,,,,,,,,,,,,,,,,,,,,,,,,,,,,,,,,,,,,,,,,,,,,,,,,,,,,,,,,,,,,,,,,,,,,,,,,,,,,,,,,,,,,,,,,,,,,,,,,,,,,,,,,,,,,,,,,,,,,,,,,,,,,,,,,,,,,13,6:00 PM
,,,,,,,,,,,,,,,,,,,,,,,,,,,,,,,,,,,,,,,,,,,,,,,,,,,,,,,,,,,,,,,,,,,,,,,,,,,,,,,,,,,,,,,,,,,,,,,,,,,,,,,,,,,,,,,,,,,,,,,,,,,,,,,,,,,,,,,,,,,,
,14,,6:50 PM,,,,,,,,,,,,,,,,,,,,,,,,,,,,,,,,,,,,,,,,,,,,,,,,,,,,,,,,,,,,,,,,,,,,,,,,,,,,,,,,,,,,,,,,,,,,,,,,,,,,,,,,,,,,,,,,,,,,,,,,,,,,,,,,,,,,,,,,14,6:50 PM
,,,,,,,,,,,,,,,,,,,,,,,,,,,,,,,,,,,,,,,,,,,,,,,,,,,,,,,,,,,,,,,,,,,,,,,,,,,,,,,,,,,,,,,,,,,,,,,,,,,,,,,,,,,,,,,,,,,,,,,,,,,,,,,,,,,,,,,,,,,,
TOTAL,,,,,,,,,,,,,,,,,,,,,,,,,,,,,,,,,,,,,,,,,,,,,,,,,,,,,,,,,,,,,,,,,,,,,,,,,,,,,,,,,,,,,,,,,,,,,,,,,,,,,,,,,,,,,,,,,,,,,,,,,,,,,,,,,,,,,,,,,,,,
HOURS,,,,,,,,,,,,,,,,,,,,,,,,,,,,,,,,,,,,,,,,,,,,,,,,,,,,,,,,,,,,,,,,,,,,,,,,,,,,,,,,,,,,,,,,,,,,,,,,,,,,,,,,,,,,,,,,,,,,,,,,,,,,,,,,,,,,,,,,,,,,
SIGNATURE,,,,,,,,,,,,,,,,,,,,,,,,,,,,,,,,,,,,,,,,,,,,,,,,,,,,,,,,,,,,,,,,,,,,,,,,,,,,,,,,,,,,,,,,,,,,,,,,,,,,,,,,,,,,,,,,,,,,,,,,,,,,,,,,,,,,,,,,,,,,
,,,,,,,,,,,,,,,,,,,,,,,,,,,,,,,,,,,,,,,,,,,,,,,,,,,,,,,,,,,,,,,,,,,,,,,,,,,,,,,,,,,,,,,,,,,,,,,,,,,,,,,,,,,,,,,,,,,,,,,,,,,,,,,,,,,,,,,,,,,,
,,,,,,,,,,,,,,,,,,,,,,,,,,,,,,,,,,,,,,,,,,,,,,,,,,,,,,,,,,,,,,,,,,,,,,,,,,,,,,,,,,,,,,,,,,,,,,,,,,,,,,,,,,,,,,,,,,,,,,,,,,,,,,,,,,,,,,,,,,,,
,,,,,,,,,,,,,,,,,,,,,,,,,,,,,,,,,,,,,,,,,,,,,,,,,,,,,,,,,,,,,,,,,,,,,,,,,,,,,,,,,,,,,,,,,,,,,,,,,,,,,,,,,,,,,,,,,,,,,,,,,,,,,,,,,,,,,,,,,,,,
,,,,,,,,,,,,,,,,,,,,,,,,,,,,,,,,,,,,,,,,,,,,,,,,,,,,,,,,,,,,,,,,,,,,,,,,,,,,,,,,,,,,,,,,,,,,,,,,,,,,,,,,,,,,,,,,,,,,,,,,,,,,,,,,,,,,,,,,,,,,
,,,,,,,,,,,,,,,,,,,,,,,,,,,,,,,,,,,,,,,,,,,,,,,,,,,,,,,,,,,,,,,,,,,,,,,,,,,,,,,,,,,,,,,,,,,,,,,,,,,,,,,,,,,,,,,,,,,,,,,,,,,,,,,,,,,,,,,,,,,,
,,,,,,,,,,,,,,,,,,,,,,,,,,,,,,,,,,,,,,,,,,,,,,,,,,,,,,,,,,,,,,,,,,,,,,,,,,,,,,,,,,,,,,,,,,,,,,,,,,,,,,,,,,,,,,,,,,,,,,,,,,,,,,,,,,,,,,,,,,,,
,,,,,,,,,,,,,,,,,,,,,,,,,,,,,,,,,,,,,,,,,,,,,,,,,,,,,,,,,,,,,,,,,,,,,,,,,,,,,,,,,,,,,,,,,,,,,,,,,,,,,,,,,,,,,,,,,,,,,,,,,,,,,,,,,,,,,,,,,,,,
,,,,,,,,,,,,,,,,,,,,,,,,,,,,,,,,,,,,,,,,,,,,,,,,,,,,,,,,,,,,,,,,,,,,,,,,,,,,,,,,,,,,,,,,,,,,,,,,,,,,,,,,,,,,,,,,,,,,,,,,,,,,,,,,,,,,,,,,,,,,
,,,,,,,,,,,,,,,,,,,,,,,,,,,,,,,,,,,,,,,,,,,,,,,,,,,,,,,,,,,,,,,,,,,,,,,,,,,,,,,,,,,,,,,,,,,,,,,,,,,,,,,,,,,,,,,,,,,,,,,,,,,,,,,,,,,,,,,,,,,,
,,,,,,,,,,,,,,,,,,,,,,,,,,,,,,,,,,,,,,,,,,,,,,,,,,,,,,,,,,,,,,,,,,,,,,,,,,,,,,,,,,,,,,,,,,,,,,,,,,,,,,,,,,,,,,,,,,,,,,,,,,,,,,,,,,,,,,,,,,,,
,,,,,,,,,,,,,,,,,,,,,,,,,,,,,,,,,,,,,,,,,,,,,,,,,,,,,,,,,,,,,,,,,,,,,,,,,,,,,,,,,,,,,,,,,,,,,,,,,,,,,,,,,,,,,,,,,,,,,,,,,,,,,,,,,,,,,,,,,,,,
,,,,,,,,,,,,,,,,,,,,,,,,,,,,,,,,,,,,,,,,,,,,,,,,,,,,,,,,,,,,,,,,,,,,,,,,,,,,,,,,,,,,,,,,,,,,,,,,,,,,,,,,,,,,,,,,,,,,,,,,,,,,,,,,,,,,,,,,,,,,
,,,,,,,,,,,,,,,,,,,,,,,,,,,,,,,,,,,,,,,,,,,,,,,,,,,,,,,,,,,,,,,,,,,,,,,,,,,,,,,,,,,,,,,,,,,,,,,,,,,,,,,,,,,,,,,,,,,,,,,,,,,,,,,,,,,,,,,,,,,,
,,,,,,,,,,,,,,,,,,,,,,,,,,,,,,,,,,,,,,,,,,,,,,,,,,,,,,,,,,,,,,,,,,,,,,,,,,,,,,,,,,,,,,,,,,,,,,,,,,,,,,,,,,,,,,,,,,,,,,,,,,,,,,,,,,,,,,,,,,,,
,,,,,,,,,,,,,,,,,,,,,,,,,,,,,,,,,,,,,,,,,,,,,,,,,,,,,,,,,,,,,,,,,,,,,,,,,,,,,,,,,,,,,,,,,,,,,,,,,,,,,,,,,,,,,,,,,,,,,,,,,,,,,,,,,,,,,,,,,,,,
,,,,,,,,,,,,,,,,,,,,,,,,,,,,,,,,,,,,,,,,,,,,,,,,,,,,,,,,,,,,,,,,,,,,,,,,,,,,,,,,,,,,,,,,,,,,,,,,,,,,,,,,,,,,,,,,,,,,,,,,,,,,,,,,,,,,,,,,,,,,
,,,,,,,,,,,,,,,,,,,,,,,,,,,,,,,,,,,,,,,,,,,,,,,,,,,,,,,,,,,,,,,,,,,,,,,,,,,,,,,,,,,,,,,,,,,,,,,,,,,,,,,,,,,,,,,,,,,,,,,,,,,,,,,,,,,,,,,,,,,,
,,,,,,,,,,,,,,,,,,,,,,,,,,,,,,,,,,,,,,,,,,,,,,,,,,,,,,,,,,,,,,,,,,,,,,,,,,,,,,,,,,,,,,,,,,,,,,,,,,,,,,,,,,,,,,,,,,,,,,,,,,,,,,,,,,,,,,,,,,,,
,,,,,,,,,,,,,,,,,,,,,,,,,,,,,,,,,,,,,,,,,,,,,,,,,,,,,,,,,,,,,,,,,,,,,,,,,,,,,,,,,,,,,,,,,,,,,,,,,,,,,,,,,,,,,,,,,,,,,,,,,,,,,,,,,,,,,,,,,,,,
,,,,,,,,,,,,,,,,,,,,,,,,,,,,,,,,,,,,,,,,,,,,,,,,,,,,,,,,,,,,,,,,,,,,,,,,,,,,,,,,,,,,,,,,,,,,,,,,,,,,,,,,,,,,,,,,,,,,,,,,,,,,,,,,,,,,,,,,,,,,
,,,,,,,,,,,,,,,,,,,,,,,,,,,,,,,,,,,,,,,,,,,,,,,,,,,,,,,,,,,,,,,,,,,,,,,,,,,,,,,,,,,,,,,,,,,,,,,,,,,,,,,,,,,,,,,,,,,,,,,,,,,,,,,,,,,,,,,,,,,,
,,,,,,,,,,,,,,,,,,,,,,,,,,,,,,,,,,,,,,,,,,,,,,,,,,,,,,,,,,,,,,,,,,,,,,,,,,,,,,,,,,,,,,,,,,,,,,,,,,,,,,,,,,,,,,,,,,,,,,,,,,,,,,,,,,,,,,,,,,,,
,,,,,,,,,,,,,,,,,,,,,,,,,,,,,,,,,,,,,,,,,,,,,,,,,,,,,,,,,,,,,,,,,,,,,,,,,,,,,,,,,,,,,,,,,,,,,,,,,,,,,,,,,,,,,,,,,,,,,,,,,,,,,,,,,,,,,,,,,,,,
,,,,,,,,,,,,,,,,,,,,,,,,,,,,,,,,,,,,,,,,,,,,,,,,,,,,,,,,,,,,,,,,,,,,,,,,,,,,,,,,,,,,,,,,,,,,,,,,,,,,,,,,,,,,,,,,,,,,,,,,,,,,,,,,,,,,,,,,,,,,
,,,,,,,,,,,,,,,,,,,,,,,,,,,,,,,,,,,,,,,,,,,,,,,,,,,,,,,,,,,,,,,,,,,,,,,,,,,,,,,,,,,,,,,,,,,,,,,,,,,,,,,,,,,,,,,,,,,,,,,,,,,,,,,,,,,,,,,,,,,,
,,,,,,,,,,,,,,,,,,,,,,,,,,,,,,,,,,,,,,,,,,,,,,,,,,,,,,,,,,,,,,,,,,,,,,,,,,,,,,,,,,,,,,,,,,,,,,,,,,,,,,,,,,,,,,,,,,,,,,,,,,,,,,,,,,,,,,,,,,,,
,,,,,,,,,,,,,,,,,,,,,,,,,,,,,,,,,,,,,,,,,,,,,,,,,,,,,,,,,,,,,,,,,,,,,,,,,,,,,,,,,,,,,,,,,,,,,,,,,,,,,,,,,,,,,,,,,,,,,,,,,,,,,,,,,,,,,,,,,,,,
,,,,,,,,,,,,,,,,,,,,,,,,,,,,,,,,,,,,,,,,,,,,,,,,,,,,,,,,,,,,,,,,,,,,,,,,,,,,,,,,,,,,,,,,,,,,,,,,,,,,,,,,,,,,,,,,,,,,,,,,,,,,,,,,,,,,,,,,,,,,
,,,,,,,,,,,,,,,,,,,,,,,,,,,,,,,,,,,,,,,,,,,,,,,,,,,,,,,,,,,,,,,,,,,,,,,,,,,,,,,,,,,,,,,,,,,,,,,,,,,,,,,,,,,,,,,,,,,,,,,,,,,,,,,,,,,,,,,,,,,,
,,,,,,,,,,,,,,,,,,,,,,,,,,,,,,,,,,,,,,,,,,,,,,,,,,,,,,,,,,,,,,,,,,,,,,,,,,,,,,,,,,,,,,,,,,,,,,,,,,,,,,,,,,,,,,,,,,,,,,,,,,,,,,,,,,,,,,,,,,,,
,,,,,,,,,,,,,,,,,,,,,,,,,,,,,,,,,,,,,,,,,,,,,,,,,,,,,,,,,,,,,,,,,,,,,,,,,,,,,,,,,,,,,,,,,,,,,,,,,,,,,,,,,,,,,,,,,,,,,,,,,,,,,,,,,,,,,,,,,,,,
,,,,,,,,,,,,,,,,,,,,,,,,,,,,,,,,,,,,,,,,,,,,,,,,,,,,,,,,,,,,,,,,,,,,,,,,,,,,,,,,,,,,,,,,,,,,,,,,,,,,,,,,,,,,,,,,,,,,,,,,,,,,,,,,,,,,,,,,,,,,
,,,,,,,,,,,,,,,,,,,,,,,,,,,,,,,,,,,,,,,,,,,,,,,,,,,,,,,,,,,,,,,,,,,,,,,,,,,,,,,,,,,,,,,,,,,,,,,,,,,,,,,,,,,,,,,,,,,,,,,,,,,,,,,,,,,,,,,,,,,,
,,,,,,,,,,,,,,,,,,,,,,,,,,,,,,,,,,,,,,,,,,,,,,,,,,,,,,,,,,,,,,,,,,,,,,,,,,,,,,,,,,,,,,,,,,,,,,,,,,,,,,,,,,,,,,,,,,,,,,,,,,,,,,,,,,,,,,,,,,,,
,,,,,,,,,,,,,,,,,,,,,,,,,,,,,,,,,,,,,,,,,,,,,,,,,,,,,,,,,,,,,,,,,,,,,,,,,,,,,,,,,,,,,,,,,,,,,,,,,,,,,,,,,,,,,,,,,,,,,,,,,,,,,,,,,,,,,,,,,,,,
,,,,,,,,,,,,,,,,,,,,,,,,,,,,,,,,,,,,,,,,,,,,,,,,,,,,,,,,,,,,,,,,,,,,,,,,,,,,,,,,,,,,,,,,,,,,,,,,,,,,,,,,,,,,,,,,,,,,,,,,,,,,,,,,,,,,,,,,,,,,
,,,,,,,,,,,,,,,,,,,,,,,,,,,,,,,,,,,,,,,,,,,,,,,,,,,,,,,,,,,,,,,,,,,,,,,,,,,,,,,,,,,,,,,,,,,,,,,,,,,,,,,,,,,,,,,,,,,,,,,,,,,,,,,,,,,,,,,,,,,,
,,,,,,,,,,,,,,,,,,,,,,,,,,,,,,,,,,,,,,,,,,,,,,,,,,,,,,,,,,,,,,,,,,,,,,,,,,,,,,,,,,,,,,,,,,,,,,,,,,,,,,,,,,,,,,,,,,,,,,,,,,,,,,,,,,,,,,,,,,,,
,,,,,,,,,,,,,,,,,,,,,,,,,,,,,,,,,,,,,,,,,,,,,,,,,,,,,,,,,,,,,,,,,,,,,,,,,,,,,,,,,,,,,,,,,,,,,,,,,,,,,,,,,,,,,,,,,,,,,,,,,,,,,,,,,,,,,,,,,,,,
,,,,,,,,,,,,,,,,,,,,,,,,,,,,,,,,,,,,,,,,,,,,,,,,,,,,,,,,,,,,,,,,,,,,,,,,,,,,,,,,,,,,,,,,,,,,,,,,,,,,,,,,,,,,,,,,,,,,,,,,,,,,,,,,,,,,,,,,,,,,
,,,,,,,,,,,,,,,,,,,,,,,,,,,,,,,,,,,,,,,,,,,,,,,,,,,,,,,,,,,,,,,,,,,,,,,,,,,,,,,,,,,,,,,,,,,,,,,,,,,,,,,,,,,,,,,,,,,,,,,,,,,,,,,,,,,,,,,,,,,,
,,,,,,,,,,,,,,,,,,,,,,,,,,,,,,,,,,,,,,,,,,,,,,,,,,,,,,,,,,,,,,,,,,,,,,,,,,,,,,,,,,,,,,,,,,,,,,,,,,,,,,,,,,,,,,,,,,,,,,,,,,,,,,,,,,,,,,,,,,,,
,,,,,,,,,,,,,,,,,,,,,,,,,,,,,,,,,,,,,,,,,,,,,,,,,,,,,,,,,,,,,,,,,,,,,,,,,,,,,,,,,,,,,,,,,,,,,,,,,,,,,,,,,,,,,,,,,,,,,,,,,,,,,,,,,,,,,,,,,,,,
,,,,,,,,,,,,,,,,,,,,,,,,,,,,,,,,,,,,,,,,,,,,,,,,,,,,,,,,,,,,,,,,,,,,,,,,,,,,,,,,,,,,,,,,,,,,,,,,,,,,,,,,,,,,,,,,,,,,,,,,,,,,,,,,,,,,,,,,,,,,
,,,,,,,,,,,,,,,,,,,,,,,,,,,,,,,,,,,,,,,,,,,,,,,,,,,,,,,,,,,,,,,,,,,,,,,,,,,,,,,,,,,,,,,,,,,,,,,,,,,,,,,,,,,,,,,,,,,,,,,,,,,,,,,,,,,,,,,,,,,,
,,,,,,,,,,,,,,,,,,,,,,,,,,,,,,,,,,,,,,,,,,,,,,,,,,,,,,,,,,,,,,,,,,,,,,,,,,,,,,,,,,,,,,,,,,,,,,,,,,,,,,,,,,,,,,,,,,,,,,,,,,,,,,,,,,,,,,,,,,,,
,,,,,,,,,,,,,,,,,,,,,,,,,,,,,,,,,,,,,,,,,,,,,,,,,,,,,,,,,,,,,,,,,,,,,,,,,,,,,,,,,,,,,,,,,,,,,,,,,,,,,,,,,,,,,,,,,,,,,,,,,,,,,,,,,,,,,,,,,,,,
,,,,,,,,,,,,,,,,,,,,,,,,,,,,,,,,,,,,,,,,,,,,,,,,,,,,,,,,,,,,,,,,,,,,,,,,,,,,,,,,,,,,,,,,,,,,,,,,,,,,,,,,,,,,,,,,,,,,,,,,,,,,,,,,,,,,,,,,,,,,
,,,,,,,,,,,,,,,,,,,,,,,,,,,,,,,,,,,,,,,,,,,,,,,,,,,,,,,,,,,,,,,,,,,,,,,,,,,,,,,,,,,,,,,,,,,,,,,,,,,,,,,,,,,,,,,,,,,,,,,,,,,,,,,,,,,,,,,,,,,,
,,,,,,,,,,,,,,,,,,,,,,,,,,,,,,,,,,,,,,,,,,,,,,,,,,,,,,,,,,,,,,,,,,,,,,,,,,,,,,,,,,,,,,,,,,,,,,,,,,,,,,,,,,,,,,,,,,,,,,,,,,,,,,,,,,,,,,,,,,,,
,,,,,,,,,,,,,,,,,,,,,,,,,,,,,,,,,,,,,,,,,,,,,,,,,,,,,,,,,,,,,,,,,,,,,,,,,,,,,,,,,,,,,,,,,,,,,,,,,,,,,,,,,,,,,,,,,,,,,,,,,,,,,,,,,,,,,,,,,,,,
,,,,,,,,,,,,,,,,,,,,,,,,,,,,,,,,,,,,,,,,,,,,,,,,,,,,,,,,,,,,,,,,,,,,,,,,,,,,,,,,,,,,,,,,,,,,,,,,,,,,,,,,,,,,,,,,,,,,,,,,,,,,,,,,,,,,,,,,,,,,
,,,,,,,,,,,,,,,,,,,,,,,,,,,,,,,,,,,,,,,,,,,,,,,,,,,,,,,,,,,,,,,,,,,,,,,,,,,,,,,,,,,,,,,,,,,,,,,,,,,,,,,,,,,,,,,,,,,,,,,,,,,,,,,,,,,,,,,,,,,,
,,,,,,,,,,,,,,,,,,,,,,,,,,,,,,,,,,,,,,,,,,,,,,,,,,,,,,,,,,,,,,,,,,,,,,,,,,,,,,,,,,,,,,,,,,,,,,,,,,,,,,,,,,,,,,,,,,,,,,,,,,,,,,,,,,,,,,,,,,,,
,,,,,,,,,,,,,,,,,,,,,,,,,,,,,,,,,,,,,,,,,,,,,,,,,,,,,,,,,,,,,,,,,,,,,,,,,,,,,,,,,,,,,,,,,,,,,,,,,,,,,,,,,,,,,,,,,,,,,,,,,,,,,,,,,,,,,,,,,,,,
,,,,,,,,,,,,,,,,,,,,,,,,,,,,,,,,,,,,,,,,,,,,,,,,,,,,,,,,,,,,,,,,,,,,,,,,,,,,,,,,,,,,,,,,,,,,,,,,,,,,,,,,,,,,,,,,,,,,,,,,,,,,,,,,,,,,,,,,,,,,
,,,,,,,,,,,,,,,,,,,,,,,,,,,,,,,,,,,,,,,,,,,,,,,,,,,,,,,,,,,,,,,,,,,,,,,,,,,,,,,,,,,,,,,,,,,,,,,,,,,,,,,,,,,,,,,,,,,,,,,,,,,,,,,,,,,,,,,,,,,,
,,,,,,,,,,,,,,,,,,,,,,,,,,,,,,,,,,,,,,,,,,,,,,,,,,,,,,,,,,,,,,,,,,,,,,,,,,,,,,,,,,,,,,,,,,,,,,,,,,,,,,,,,,,,,,,,,,,,,,,,,,,,,,,,,,,,,,,,,,,,
,,,,,,,,,,,,,,,,,,,,,,,,,,,,,,,,,,,,,,,,,,,,,,,,,,,,,,,,,,,,,,,,,,,,,,,,,,,,,,,,,,,,,,,,,,,,,,,,,,,,,,,,,,,,,,,,,,,,,,,,,,,,,,,,,,,,,,,,,,,,
,,,,,,,,,,,,,,,,,,,,,,,,,,,,,,,,,,,,,,,,,,,,,,,,,,,,,,,,,,,,,,,,,,,,,,,,,,,,,,,,,,,,,,,,,,,,,,,,,,,,,,,,,,,,,,,,,,,,,,,,,,,,,,,,,,,,,,,,,,,,
,,,,,,,,,,,,,,,,,,,,,,,,,,,,,,,,,,,,,,,,,,,,,,,,,,,,,,,,,,,,,,,,,,,,,,,,,,,,,,,,,,,,,,,,,,,,,,,,,,,,,,,,,,,,,,,,,,,,,,,,,,,,,,,,,,,,,,,,,,,,
,,,,,,,,,,,,,,,,,,,,,,,,,,,,,,,,,,,,,,,,,,,,,,,,,,,,,,,,,,,,,,,,,,,,,,,,,,,,,,,,,,,,,,,,,,,,,,,,,,,,,,,,,,,,,,,,,,,,,,,,,,,,,,,,,,,,,,,,,,,,
,,,,,,,,,,,,,,,,,,,,,,,,,,,,,,,,,,,,,,,,,,,,,,,,,,,,,,,,,,,,,,,,,,,,,,,,,,,,,,,,,,,,,,,,,,,,,,,,,,,,,,,,,,,,,,,,,,,,,,,,,,,,,,,,,,,,,,,,,,,,
,,,,,,,,,,,,,,,,,,,,,,,,,,,,,,,,,,,,,,,,,,,,,,,,,,,,,,,,,,,,,,,,,,,,,,,,,,,,,,,,,,,,,,,,,,,,,,,,,,,,,,,,,,,,,,,,,,,,,,,,,,,,,,,,,,,,,,,,,,,,
,,,,,,,,,,,,,,,,,,,,,,,,,,,,,,,,,,,,,,,,,,,,,,,,,,,,,,,,,,,,,,,,,,,,,,,,,,,,,,,,,,,,,,,,,,,,,,,,,,,,,,,,,,,,,,,,,,,,,,,,,,,,,,,,,,,,,,,,,,,,
,,,,,,,,,,,,,,,,,,,,,,,,,,,,,,,,,,,,,,,,,,,,,,,,,,,,,,,,,,,,,,,,,,,,,,,,,,,,,,,,,,,,,,,,,,,,,,,,,,,,,,,,,,,,,,,,,,,,,,,,,,,,,,,,,,,,,,,,,,,,
,,,,,,,,,,,,,,,,,,,,,,,,,,,,,,,,,,,,,,,,,,,,,,,,,,,,,,,,,,,,,,,,,,,,,,,,,,,,,,,,,,,,,,,,,,,,,,,,,,,,,,,,,,,,,,,,,,,,,,,,,,,,,,,,,,,,,,,,,,,,
,,,,,,,,,,,,,,,,,,,,,,,,,,,,,,,,,,,,,,,,,,,,,,,,,,,,,,,,,,,,,,,,,,,,,,,,,,,,,,,,,,,,,,,,,,,,,,,,,,,,,,,,,,,,,,,,,,,,,,,,,,,,,,,,,,,,,,,,,,,,
,,,,,,,,,,,,,,,,,,,,,,,,,,,,,,,,,,,,,,,,,,,,,,,,,,,,,,,,,,,,,,,,,,,,,,,,,,,,,,,,,,,,,,,,,,,,,,,,,,,,,,,,,,,,,,,,,,,,,,,,,,,,,,,,,,,,,,,,,,,,
,,,,,,,,,,,,,,,,,,,,,,,,,,,,,,,,,,,,,,,,,,,,,,,,,,,,,,,,,,,,,,,,,,,,,,,,,,,,,,,,,,,,,,,,,,,,,,,,,,,,,,,,,,,,,,,,,,,,,,,,,,,,,,,,,,,,,,,,,,,,
,,,,,,,,,,,,,,,,,,,,,,,,,,,,,,,,,,,,,,,,,,,,,,,,,,,,,,,,,,,,,,,,,,,,,,,,,,,,,,,,,,,,,,,,,,,,,,,,,,,,,,,,,,,,,,,,,,,,,,,,,,,,,,,,,,,,,,,,,,,,
,,,,,,,,,,,,,,,,,,,,,,,,,,,,,,,,,,,,,,,,,,,,,,,,,,,,,,,,,,,,,,,,,,,,,,,,,,,,,,,,,,,,,,,,,,,,,,,,,,,,,,,,,,,,,,,,,,,,,,,,,,,,,,,,,,,,,,,,,,,,
,,,,,,,,,,,,,,,,,,,,,,,,,,,,,,,,,,,,,,,,,,,,,,,,,,,,,,,,,,,,,,,,,,,,,,,,,,,,,,,,,,,,,,,,,,,,,,,,,,,,,,,,,,,,,,,,,,,,,,,,,,,,,,,,,,,,,,,,,,,,
,,,,,,,,,,,,,,,,,,,,,,,,,,,,,,,,,,,,,,,,,,,,,,,,,,,,,,,,,,,,,,,,,,,,,,,,,,,,,,,,,,,,,,,,,,,,,,,,,,,,,,,,,,,,,,,,,,,,,,,,,,,,,,,,,,,,,,,,,,,,
,,,,,,,,,,,,,,,,,,,,,,,,,,,,,,,,,,,,,,,,,,,,,,,,,,,,,,,,,,,,,,,,,,,,,,,,,,,,,,,,,,,,,,,,,,,,,,,,,,,,,,,,,,,,,,,,,,,,,,,,,,,,,,,,,,,,,,,,,,,,
,,,,,,,,,,,,,,,,,,,,,,,,,,,,,,,,,,,,,,,,,,,,,,,,,,,,,,,,,,,,,,,,,,,,,,,,,,,,,,,,,,,,,,,,,,,,,,,,,,,,,,,,,,,,,,,,,,,,,,,,,,,,,,,,,,,,,,,,,,,,
,,,,,,,,,,,,,,,,,,,,,,,,,,,,,,,,,,,,,,,,,,,,,,,,,,,,,,,,,,,,,,,,,,,,,,,,,,,,,,,,,,,,,,,,,,,,,,,,,,,,,,,,,,,,,,,,,,,,,,,,,,,,,,,,,,,,,,,,,,,,
,,,,,,,,,,,,,,,,,,,,,,,,,,,,,,,,,,,,,,,,,,,,,,,,,,,,,,,,,,,,,,,,,,,,,,,,,,,,,,,,,,,,,,,,,,,,,,,,,,,,,,,,,,,,,,,,,,,,,,,,,,,,,,,,,,,,,,,,,,,,
,,,,,,,,,,,,,,,,,,,,,,,,,,,,,,,,,,,,,,,,,,,,,,,,,,,,,,,,,,,,,,,,,,,,,,,,,,,,,,,,,,,,,,,,,,,,,,,,,,,,,,,,,,,,,,,,,,,,,,,,,,,,,,,,,,,,,,,,,,,,
,,,,,,,,,,,,,,,,,,,,,,,,,,,,,,,,,,,,,,,,,,,,,,,,,,,,,,,,,,,,,,,,,,,,,,,,,,,,,,,,,,,,,,,,,,,,,,,,,,,,,,,,,,,,,,,,,,,,,,,,,,,,,,,,,,,,,,,,,,,,
,,,,,,,,,,,,,,,,,,,,,,,,,,,,,,,,,,,,,,,,,,,,,,,,,,,,,,,,,,,,,,,,,,,,,,,,,,,,,,,,,,,,,,,,,,,,,,,,,,,,,,,,,,,,,,,,,,,,,,,,,,,,,,,,,,,,,,,,,,,,
,,,,,,,,,,,,,,,,,,,,,,,,,,,,,,,,,,,,,,,,,,,,,,,,,,,,,,,,,,,,,,,,,,,,,,,,,,,,,,,,,,,,,,,,,,,,,,,,,,,,,,,,,,,,,,,,,,,,,,,,,,,,,,,,,,,,,,,,,,,,
,,,,,,,,,,,,,,,,,,,,,,,,,,,,,,,,,,,,,,,,,,,,,,,,,,,,,,,,,,,,,,,,,,,,,,,,,,,,,,,,,,,,,,,,,,,,,,,,,,,,,,,,,,,,,,,,,,,,,,,,,,,,,,,,,,,,,,,,,,,,
,,,,,,,,,,,,,,,,,,,,,,,,,,,,,,,,,,,,,,,,,,,,,,,,,,,,,,,,,,,,,,,,,,,,,,,,,,,,,,,,,,,,,,,,,,,,,,,,,,,,,,,,,,,,,,,,,,,,,,,,,,,,,,,,,,,,,,,,,,,,
,,,,,,,,,,,,,,,,,,,,,,,,,,,,,,,,,,,,,,,,,,,,,,,,,,,,,,,,,,,,,,,,,,,,,,,,,,,,,,,,,,,,,,,,,,,,,,,,,,,,,,,,,,,,,,,,,,,,,,,,,,,,,,,,,,,,,,,,,,,,
,,,,,,,,,,,,,,,,,,,,,,,,,,,,,,,,,,,,,,,,,,,,,,,,,,,,,,,,,,,,,,,,,,,,,,,,,,,,,,,,,,,,,,,,,,,,,,,,,,,,,,,,,,,,,,,,,,,,,,,,,,,,,,,,,,,,,,,,,,,,
,,,,,,,,,,,,,,,,,,,,,,,,,,,,,,,,,,,,,,,,,,,,,,,,,,,,,,,,,,,,,,,,,,,,,,,,,,,,,,,,,,,,,,,,,,,,,,,,,,,,,,,,,,,,,,,,,,,,,,,,,,,,,,,,,,,,,,,,,,,,
,,,,,,,,,,,,,,,,,,,,,,,,,,,,,,,,,,,,,,,,,,,,,,,,,,,,,,,,,,,,,,,,,,,,,,,,,,,,,,,,,,,,,,,,,,,,,,,,,,,,,,,,,,,,,,,,,,,,,,,,,,,,,,,,,,,,,,,,,,,,
,,,,,,,,,,,,,,,,,,,,,,,,,,,,,,,,,,,,,,,,,,,,,,,,,,,,,,,,,,,,,,,,,,,,,,,,,,,,,,,,,,,,,,,,,,,,,,,,,,,,,,,,,,,,,,,,,,,,,,,,,,,,,,,,,,,,,,,,,,,,
,,,,,,,,,,,,,,,,,,,,,,,,,,,,,,,,,,,,,,,,,,,,,,,,,,,,,,,,,,,,,,,,,,,,,,,,,,,,,,,,,,,,,,,,,,,,,,,,,,,,,,,,,,,,,,,,,,,,,,,,,,,,,,,,,,,,,,,,,,,,
,,,,,,,,,,,,,,,,,,,,,,,,,,,,,,,,,,,,,,,,,,,,,,,,,,,,,,,,,,,,,,,,,,,,,,,,,,,,,,,,,,,,,,,,,,,,,,,,,,,,,,,,,,,,,,,,,,,,,,,,,,,,,,,,,,,,,,,,,,,,
,,,,,,,,,,,,,,,,,,,,,,,,,,,,,,,,,,,,,,,,,,,,,,,,,,,,,,,,,,,,,,,,,,,,,,,,,,,,,,,,,,,,,,,,,,,,,,,,,,,,,,,,,,,,,,,,,,,,,,,,,,,,,,,,,,,,,,,,,,,,
,,,,,,,,,,,,,,,,,,,,,,,,,,,,,,,,,,,,,,,,,,,,,,,,,,,,,,,,,,,,,,,,,,,,,,,,,,,,,,,,,,,,,,,,,,,,,,,,,,,,,,,,,,,,,,,,,,,,,,,,,,,,,,,,,,,,,,,,,,,,
,,,,,,,,,,,,,,,,,,,,,,,,,,,,,,,,,,,,,,,,,,,,,,,,,,,,,,,,,,,,,,,,,,,,,,,,,,,,,,,,,,,,,,,,,,,,,,,,,,,,,,,,,,,,,,,,,,,,,,,,,,,,,,,,,,,,,,,,,,,,
,,,,,,,,,,,,,,,,,,,,,,,,,,,,,,,,,,,,,,,,,,,,,,,,,,,,,,,,,,,,,,,,,,,,,,,,,,,,,,,,,,,,,,,,,,,,,,,,,,,,,,,,,,,,,,,,,,,,,,,,,,,,,,,,,,,,,,,,,,,,
,,,,,,,,,,,,,,,,,,,,,,,,,,,,,,,,,,,,,,,,,,,,,,,,,,,,,,,,,,,,,,,,,,,,,,,,,,,,,,,,,,,,,,,,,,,,,,,,,,,,,,,,,,,,,,,,,,,,,,,,,,,,,,,,,,,,,,,,,,,,
,,,,,,,,,,,,,,,,,,,,,,,,,,,,,,,,,,,,,,,,,,,,,,,,,,,,,,,,,,,,,,,,,,,,,,,,,,,,,,,,,,,,,,,,,,,,,,,,,,,,,,,,,,,,,,,,,,,,,,,,,,,,,,,,,,,,,,,,,,,,
,,,,,,,,,,,,,,,,,,,,,,,,,,,,,,,,,,,,,,,,,,,,,,,,,,,,,,,,,,,,,,,,,,,,,,,,,,,,,,,,,,,,,,,,,,,,,,,,,,,,,,,,,,,,,,,,,,,,,,,,,,,,,,,,,,,,,,,,,,,,
,,,,,,,,,,,,,,,,,,,,,,,,,,,,,,,,,,,,,,,,,,,,,,,,,,,,,,,,,,,,,,,,,,,,,,,,,,,,,,,,,,,,,,,,,,,,,,,,,,,,,,,,,,,,,,,,,,,,,,,,,,,,,,,,,,,,,,,,,,,,
,,,,,,,,,,,,,,,,,,,,,,,,,,,,,,,,,,,,,,,,,,,,,,,,,,,,,,,,,,,,,,,,,,,,,,,,,,,,,,,,,,,,,,,,,,,,,,,,,,,,,,,,,,,,,,,,,,,,,,,,,,,,,,,,,,,,,,,,,,,,
,,,,,,,,,,,,,,,,,,,,,,,,,,,,,,,,,,,,,,,,,,,,,,,,,,,,,,,,,,,,,,,,,,,,,,,,,,,,,,,,,,,,,,,,,,,,,,,,,,,,,,,,,,,,,,,,,,,,,,,,,,,,,,,,,,,,,,,,,,,,
,,,,,,,,,,,,,,,,,,,,,,,,,,,,,,,,,,,,,,,,,,,,,,,,,,,,,,,,,,,,,,,,,,,,,,,,,,,,,,,,,,,,,,,,,,,,,,,,,,,,,,,,,,,,,,,,,,,,,,,,,,,,,,,,,,,,,,,,,,,,
,,,,,,,,,,,,,,,,,,,,,,,,,,,,,,,,,,,,,,,,,,,,,,,,,,,,,,,,,,,,,,,,,,,,,,,,,,,,,,,,,,,,,,,,,,,,,,,,,,,,,,,,,,,,,,,,,,,,,,,,,,,,,,,,,,,,,,,,,,,,
,,,,,,,,,,,,,,,,,,,,,,,,,,,,,,,,,,,,,,,,,,,,,,,,,,,,,,,,,,,,,,,,,,,,,,,,,,,,,,,,,,,,,,,,,,,,,,,,,,,,,,,,,,,,,,,,,,,,,,,,,,,,,,,,,,,,,,,,,,,,
,,,,,,,,,,,,,,,,,,,,,,,,,,,,,,,,,,,,,,,,,,,,,,,,,,,,,,,,,,,,,,,,,,,,,,,,,,,,,,,,,,,,,,,,,,,,,,,,,,,,,,,,,,,,,,,,,,,,,,,,,,,,,,,,,,,,,,,,,,,,
,,,,,,,,,,,,,,,,,,,,,,,,,,,,,,,,,,,,,,,,,,,,,,,,,,,,,,,,,,,,,,,,,,,,,,,,,,,,,,,,,,,,,,,,,,,,,,,,,,,,,,,,,,,,,,,,,,,,,,,,,,,,,,,,,,,,,,,,,,,,
,,,,,,,,,,,,,,,,,,,,,,,,,,,,,,,,,,,,,,,,,,,,,,,,,,,,,,,,,,,,,,,,,,,,,,,,,,,,,,,,,,,,,,,,,,,,,,,,,,,,,,,,,,,,,,,,,,,,,,,,,,,,,,,,,,,,,,,,,,,,
,,,,,,,,,,,,,,,,,,,,,,,,,,,,,,,,,,,,,,,,,,,,,,,,,,,,,,,,,,,,,,,,,,,,,,,,,,,,,,,,,,,,,,,,,,,,,,,,,,,,,,,,,,,,,,,,,,,,,,,,,,,,,,,,,,,,,,,,,,,,
,,,,,,,,,,,,,,,,,,,,,,,,,,,,,,,,,,,,,,,,,,,,,,,,,,,,,,,,,,,,,,,,,,,,,,,,,,,,,,,,,,,,,,,,,,,,,,,,,,,,,,,,,,,,,,,,,,,,,,,,,,,,,,,,,,,,,,,,,,,,
,,,,,,,,,,,,,,,,,,,,,,,,,,,,,,,,,,,,,,,,,,,,,,,,,,,,,,,,,,,,,,,,,,,,,,,,,,,,,,,,,,,,,,,,,,,,,,,,,,,,,,,,,,,,,,,,,,,,,,,,,,,,,,,,,,,,,,,,,,,,
,,,,,,,,,,,,,,,,,,,,,,,,,,,,,,,,,,,,,,,,,,,,,,,,,,,,,,,,,,,,,,,,,,,,,,,,,,,,,,,,,,,,,,,,,,,,,,,,,,,,,,,,,,,,,,,,,,,,,,,,,,,,,,,,,,,,,,,,,,,,
,,,,,,,,,,,,,,,,,,,,,,,,,,,,,,,,,,,,,,,,,,,,,,,,,,,,,,,,,,,,,,,,,,,,,,,,,,,,,,,,,,,,,,,,,,,,,,,,,,,,,,,,,,,,,,,,,,,,,,,,,,,,,,,,,,,,,,,,,,,,
,,,,,,,,,,,,,,,,,,,,,,,,,,,,,,,,,,,,,,,,,,,,,,,,,,,,,,,,,,,,,,,,,,,,,,,,,,,,,,,,,,,,,,,,,,,,,,,,,,,,,,,,,,,,,,,,,,,,,,,,,,,,,,,,,,,,,,,,,,,,
,,,,,,,,,,,,,,,,,,,,,,,,,,,,,,,,,,,,,,,,,,,,,,,,,,,,,,,,,,,,,,,,,,,,,,,,,,,,,,,,,,,,,,,,,,,,,,,,,,,,,,,,,,,,,,,,,,,,,,,,,,,,,,,,,,,,,,,,,,,,
,,,,,,,,,,,,,,,,,,,,,,,,,,,,,,,,,,,,,,,,,,,,,,,,,,,,,,,,,,,,,,,,,,,,,,,,,,,,,,,,,,,,,,,,,,,,,,,,,,,,,,,,,,,,,,,,,,,,,,,,,,,,,,,,,,,,,,,,,,,,
,,,,,,,,,,,,,,,,,,,,,,,,,,,,,,,,,,,,,,,,,,,,,,,,,,,,,,,,,,,,,,,,,,,,,,,,,,,,,,,,,,,,,,,,,,,,,,,,,,,,,,,,,,,,,,,,,,,,,,,,,,,,,,,,,,,,,,,,,,,,
,,,,,,,,,,,,,,,,,,,,,,,,,,,,,,,,,,,,,,,,,,,,,,,,,,,,,,,,,,,,,,,,,,,,,,,,,,,,,,,,,,,,,,,,,,,,,,,,,,,,,,,,,,,,,,,,,,,,,,,,,,,,,,,,,,,,,,,,,,,,
,,,,,,,,,,,,,,,,,,,,,,,,,,,,,,,,,,,,,,,,,,,,,,,,,,,,,,,,,,,,,,,,,,,,,,,,,,,,,,,,,,,,,,,,,,,,,,,,,,,,,,,,,,,,,,,,,,,,,,,,,,,,,,,,,,,,,,,,,,,,
,,,,,,,,,,,,,,,,,,,,,,,,,,,,,,,,,,,,,,,,,,,,,,,,,,,,,,,,,,,,,,,,,,,,,,,,,,,,,,,,,,,,,,,,,,,,,,,,,,,,,,,,,,,,,,,,,,,,,,,,,,,,,,,,,,,,,,,,,,,,
,,,,,,,,,,,,,,,,,,,,,,,,,,,,,,,,,,,,,,,,,,,,,,,,,,,,,,,,,,,,,,,,,,,,,,,,,,,,,,,,,,,,,,,,,,,,,,,,,,,,,,,,,,,,,,,,,,,,,,,,,,,,,,,,,,,,,,,,,,,,
,,,,,,,,,,,,,,,,,,,,,,,,,,,,,,,,,,,,,,,,,,,,,,,,,,,,,,,,,,,,,,,,,,,,,,,,,,,,,,,,,,,,,,,,,,,,,,,,,,,,,,,,,,,,,,,,,,,,,,,,,,,,,,,,,,,,,,,,,,,,
,,,,,,,,,,,,,,,,,,,,,,,,,,,,,,,,,,,,,,,,,,,,,,,,,,,,,,,,,,,,,,,,,,,,,,,,,,,,,,,,,,,,,,,,,,,,,,,,,,,,,,,,,,,,,,,,,,,,,,,,,,,,,,,,,,,,,,,,,,,,
,,,,,,,,,,,,,,,,,,,,,,,,,,,,,,,,,,,,,,,,,,,,,,,,,,,,,,,,,,,,,,,,,,,,,,,,,,,,,,,,,,,,,,,,,,,,,,,,,,,,,,,,,,,,,,,,,,,,,,,,,,,,,,,,,,,,,,,,,,,,
,,,,,,,,,,,,,,,,,,,,,,,,,,,,,,,,,,,,,,,,,,,,,,,,,,,,,,,,,,,,,,,,,,,,,,,,,,,,,,,,,,,,,,,,,,,,,,,,,,,,,,,,,,,,,,,,,,,,,,,,,,,,,,,,,,,,,,,,,,,,
,,,,,,,,,,,,,,,,,,,,,,,,,,,,,,,,,,,,,,,,,,,,,,,,,,,,,,,,,,,,,,,,,,,,,,,,,,,,,,,,,,,,,,,,,,,,,,,,,,,,,,,,,,,,,,,,,,,,,,,,,,,,,,,,,,,,,,,,,,,,
,,,,,,,,,,,,,,,,,,,,,,,,,,,,,,,,,,,,,,,,,,,,,,,,,,,,,,,,,,,,,,,,,,,,,,,,,,,,,,,,,,,,,,,,,,,,,,,,,,,,,,,,,,,,,,,,,,,,,,,,,,,,,,,,,,,,,,,,,,,,
,,,,,,,,,,,,,,,,,,,,,,,,,,,,,,,,,,,,,,,,,,,,,,,,,,,,,,,,,,,,,,,,,,,,,,,,,,,,,,,,,,,,,,,,,,,,,,,,,,,,,,,,,,,,,,,,,,,,,,,,,,,,,,,,,,,,,,,,,,,,
,,,,,,,,,,,,,,,,,,,,,,,,,,,,,,,,,,,,,,,,,,,,,,,,,,,,,,,,,,,,,,,,,,,,,,,,,,,,,,,,,,,,,,,,,,,,,,,,,,,,,,,,,,,,,,,,,,,,,,,,,,,,,,,,,,,,,,,,,,,,
,,,,,,,,,,,,,,,,,,,,,,,,,,,,,,,,,,,,,,,,,,,,,,,,,,,,,,,,,,,,,,,,,,,,,,,,,,,,,,,,,,,,,,,,,,,,,,,,,,,,,,,,,,,,,,,,,,,,,,,,,,,,,,,,,,,,,,,,,,,,
,,,,,,,,,,,,,,,,,,,,,,,,,,,,,,,,,,,,,,,,,,,,,,,,,,,,,,,,,,,,,,,,,,,,,,,,,,,,,,,,,,,,,,,,,,,,,,,,,,,,,,,,,,,,,,,,,,,,,,,,,,,,,,,,,,,,,,,,,,,,
,,,,,,,,,,,,,,,,,,,,,,,,,,,,,,,,,,,,,,,,,,,,,,,,,,,,,,,,,,,,,,,,,,,,,,,,,,,,,,,,,,,,,,,,,,,,,,,,,,,,,,,,,,,,,,,,,,,,,,,,,,,,,,,,,,,,,,,,,,,,
,,,,,,,,,,,,,,,,,,,,,,,,,,,,,,,,,,,,,,,,,,,,,,,,,,,,,,,,,,,,,,,,,,,,,,,,,,,,,,,,,,,,,,,,,,,,,,,,,,,,,,,,,,,,,,,,,,,,,,,,,,,,,,,,,,,,,,,,,,,,
,,,,,,,,,,,,,,,,,,,,,,,,,,,,,,,,,,,,,,,,,,,,,,,,,,,,,,,,,,,,,,,,,,,,,,,,,,,,,,,,,,,,,,,,,,,,,,,,,,,,,,,,,,,,,,,,,,,,,,,,,,,,,,,,,,,,,,,,,,,,
,,,,,,,,,,,,,,,,,,,,,,,,,,,,,,,,,,,,,,,,,,,,,,,,,,,,,,,,,,,,,,,,,,,,,,,,,,,,,,,,,,,,,,,,,,,,,,,,,,,,,,,,,,,,,,,,,,,,,,,,,,,,,,,,,,,,,,,,,,,,
,,,,,,,,,,,,,,,,,,,,,,,,,,,,,,,,,,,,,,,,,,,,,,,,,,,,,,,,,,,,,,,,,,,,,,,,,,,,,,,,,,,,,,,,,,,,,,,,,,,,,,,,,,,,,,,,,,,,,,,,,,,,,,,,,,,,,,,,,,,,
,,,,,,,,,,,,,,,,,,,,,,,,,,,,,,,,,,,,,,,,,,,,,,,,,,,,,,,,,,,,,,,,,,,,,,,,,,,,,,,,,,,,,,,,,,,,,,,,,,,,,,,,,,,,,,,,,,,,,,,,,,,,,,,,,,,,,,,,,,,,
,,,,,,,,,,,,,,,,,,,,,,,,,,,,,,,,,,,,,,,,,,,,,,,,,,,,,,,,,,,,,,,,,,,,,,,,,,,,,,,,,,,,,,,,,,,,,,,,,,,,,,,,,,,,,,,,,,,,,,,,,,,,,,,,,,,,,,,,,,,,
,,,,,,,,,,,,,,,,,,,,,,,,,,,,,,,,,,,,,,,,,,,,,,,,,,,,,,,,,,,,,,,,,,,,,,,,,,,,,,,,,,,,,,,,,,,,,,,,,,,,,,,,,,,,,,,,,,,,,,,,,,,,,,,,,,,,,,,,,,,,
,,,,,,,,,,,,,,,,,,,,,,,,,,,,,,,,,,,,,,,,,,,,,,,,,,,,,,,,,,,,,,,,,,,,,,,,,,,,,,,,,,,,,,,,,,,,,,,,,,,,,,,,,,,,,,,,,,,,,,,,,,,,,,,,,,,,,,,,,,,,
,,,,,,,,,,,,,,,,,,,,,,,,,,,,,,,,,,,,,,,,,,,,,,,,,,,,,,,,,,,,,,,,,,,,,,,,,,,,,,,,,,,,,,,,,,,,,,,,,,,,,,,,,,,,,,,,,,,,,,,,,,,,,,,,,,,,,,,,,,,,
,,,,,,,,,,,,,,,,,,,,,,,,,,,,,,,,,,,,,,,,,,,,,,,,,,,,,,,,,,,,,,,,,,,,,,,,,,,,,,,,,,,,,,,,,,,,,,,,,,,,,,,,,,,,,,,,,,,,,,,,,,,,,,,,,,,,,,,,,,,,
,,,,,,,,,,,,,,,,,,,,,,,,,,,,,,,,,,,,,,,,,,,,,,,,,,,,,,,,,,,,,,,,,,,,,,,,,,,,,,,,,,,,,,,,,,,,,,,,,,,,,,,,,,,,,,,,,,,,,,,,,,,,,,,,,,,,,,,,,,,,
,,,,,,,,,,,,,,,,,,,,,,,,,,,,,,,,,,,,,,,,,,,,,,,,,,,,,,,,,,,,,,,,,,,,,,,,,,,,,,,,,,,,,,,,,,,,,,,,,,,,,,,,,,,,,,,,,,,,,,,,,,,,,,,,,,,,,,,,,,,,
,,,,,,,,,,,,,,,,,,,,,,,,,,,,,,,,,,,,,,,,,,,,,,,,,,,,,,,,,,,,,,,,,,,,,,,,,,,,,,,,,,,,,,,,,,,,,,,,,,,,,,,,,,,,,,,,,,,,,,,,,,,,,,,,,,,,,,,,,,,,
,,,,,,,,,,,,,,,,,,,,,,,,,,,,,,,,,,,,,,,,,,,,,,,,,,,,,,,,,,,,,,,,,,,,,,,,,,,,,,,,,,,,,,,,,,,,,,,,,,,,,,,,,,,,,,,,,,,,,,,,,,,,,,,,,,,,,,,,,,,,
,,,,,,,,,,,,,,,,,,,,,,,,,,,,,,,,,,,,,,,,,,,,,,,,,,,,,,,,,,,,,,,,,,,,,,,,,,,,,,,,,,,,,,,,,,,,,,,,,,,,,,,,,,,,,,,,,,,,,,,,,,,,,,,,,,,,,,,,,,,,
,,,,,,,,,,,,,,,,,,,,,,,,,,,,,,,,,,,,,,,,,,,,,,,,,,,,,,,,,,,,,,,,,,,,,,,,,,,,,,,,,,,,,,,,,,,,,,,,,,,,,,,,,,,,,,,,,,,,,,,,,,,,,,,,,,,,,,,,,,,,
,,,,,,,,,,,,,,,,,,,,,,,,,,,,,,,,,,,,,,,,,,,,,,,,,,,,,,,,,,,,,,,,,,,,,,,,,,,,,,,,,,,,,,,,,,,,,,,,,,,,,,,,,,,,,,,,,,,,,,,,,,,,,,,,,,,,,,,,,,,,
,,,,,,,,,,,,,,,,,,,,,,,,,,,,,,,,,,,,,,,,,,,,,,,,,,,,,,,,,,,,,,,,,,,,,,,,,,,,,,,,,,,,,,,,,,,,,,,,,,,,,,,,,,,,,,,,,,,,,,,,,,,,,,,,,,,,,,,,,,,,
,,,,,,,,,,,,,,,,,,,,,,,,,,,,,,,,,,,,,,,,,,,,,,,,,,,,,,,,,,,,,,,,,,,,,,,,,,,,,,,,,,,,,,,,,,,,,,,,,,,,,,,,,,,,,,,,,,,,,,,,,,,,,,,,,,,,,,,,,,,,
,,,,,,,,,,,,,,,,,,,,,,,,,,,,,,,,,,,,,,,,,,,,,,,,,,,,,,,,,,,,,,,,,,,,,,,,,,,,,,,,,,,,,,,,,,,,,,,,,,,,,,,,,,,,,,,,,,,,,,,,,,,,,,,,,,,,,,,,,,,,
,,,,,,,,,,,,,,,,,,,,,,,,,,,,,,,,,,,,,,,,,,,,,,,,,,,,,,,,,,,,,,,,,,,,,,,,,,,,,,,,,,,,,,,,,,,,,,,,,,,,,,,,,,,,,,,,,,,,,,,,,,,,,,,,,,,,,,,,,,,,
,,,,,,,,,,,,,,,,,,,,,,,,,,,,,,,,,,,,,,,,,,,,,,,,,,,,,,,,,,,,,,,,,,,,,,,,,,,,,,,,,,,,,,,,,,,,,,,,,,,,,,,,,,,,,,,,,,,,,,,,,,,,,,,,,,,,,,,,,,,,
,,,,,,,,,,,,,,,,,,,,,,,,,,,,,,,,,,,,,,,,,,,,,,,,,,,,,,,,,,,,,,,,,,,,,,,,,,,,,,,,,,,,,,,,,,,,,,,,,,,,,,,,,,,,,,,,,,,,,,,,,,,,,,,,,,,,,,,,,,,,
,,,,,,,,,,,,,,,,,,,,,,,,,,,,,,,,,,,,,,,,,,,,,,,,,,,,,,,,,,,,,,,,,,,,,,,,,,,,,,,,,,,,,,,,,,,,,,,,,,,,,,,,,,,,,,,,,,,,,,,,,,,,,,,,,,,,,,,,,,,,
,,,,,,,,,,,,,,,,,,,,,,,,,,,,,,,,,,,,,,,,,,,,,,,,,,,,,,,,,,,,,,,,,,,,,,,,,,,,,,,,,,,,,,,,,,,,,,,,,,,,,,,,,,,,,,,,,,,,,,,,,,,,,,,,,,,,,,,,,,,,
,,,,,,,,,,,,,,,,,,,,,,,,,,,,,,,,,,,,,,,,,,,,,,,,,,,,,,,,,,,,,,,,,,,,,,,,,,,,,,,,,,,,,,,,,,,,,,,,,,,,,,,,,,,,,,,,,,,,,,,,,,,,,,,,,,,,,,,,,,,,
,,,,,,,,,,,,,,,,,,,,,,,,,,,,,,,,,,,,,,,,,,,,,,,,,,,,,,,,,,,,,,,,,,,,,,,,,,,,,,,,,,,,,,,,,,,,,,,,,,,,,,,,,,,,,,,,,,,,,,,,,,,,,,,,,,,,,,,,,,,,
,,,,,,,,,,,,,,,,,,,,,,,,,,,,,,,,,,,,,,,,,,,,,,,,,,,,,,,,,,,,,,,,,,,,,,,,,,,,,,,,,,,,,,,,,,,,,,,,,,,,,,,,,,,,,,,,,,,,,,,,,,,,,,,,,,,,,,,,,,,,
,,,,,,,,,,,,,,,,,,,,,,,,,,,,,,,,,,,,,,,,,,,,,,,,,,,,,,,,,,,,,,,,,,,,,,,,,,,,,,,,,,,,,,,,,,,,,,,,,,,,,,,,,,,,,,,,,,,,,,,,,,,,,,,,,,,,,,,,,,,,
,,,,,,,,,,,,,,,,,,,,,,,,,,,,,,,,,,,,,,,,,,,,,,,,,,,,,,,,,,,,,,,,,,,,,,,,,,,,,,,,,,,,,,,,,,,,,,,,,,,,,,,,,,,,,,,,,,,,,,,,,,,,,,,,,,,,,,,,,,,,
,,,,,,,,,,,,,,,,,,,,,,,,,,,,,,,,,,,,,,,,,,,,,,,,,,,,,,,,,,,,,,,,,,,,,,,,,,,,,,,,,,,,,,,,,,,,,,,,,,,,,,,,,,,,,,,,,,,,,,,,,,,,,,,,,,,,,,,,,,,,
,,,,,,,,,,,,,,,,,,,,,,,,,,,,,,,,,,,,,,,,,,,,,,,,,,,,,,,,,,,,,,,,,,,,,,,,,,,,,,,,,,,,,,,,,,,,,,,,,,,,,,,,,,,,,,,,,,,,,,,,,,,,,,,,,,,,,,,,,,,,
,,,,,,,,,,,,,,,,,,,,,,,,,,,,,,,,,,,,,,,,,,,,,,,,,,,,,,,,,,,,,,,,,,,,,,,,,,,,,,,,,,,,,,,,,,,,,,,,,,,,,,,,,,,,,,,,,,,,,,,,,,,,,,,,,,,,,,,,,,,,
,,,,,,,,,,,,,,,,,,,,,,,,,,,,,,,,,,,,,,,,,,,,,,,,,,,,,,,,,,,,,,,,,,,,,,,,,,,,,,,,,,,,,,,,,,,,,,,,,,,,,,,,,,,,,,,,,,,,,,,,,,,,,,,,,,,,,,,,,,,,
,,,,,,,,,,,,,,,,,,,,,,,,,,,,,,,,,,,,,,,,,,,,,,,,,,,,,,,,,,,,,,,,,,,,,,,,,,,,,,,,,,,,,,,,,,,,,,,,,,,,,,,,,,,,,,,,,,,,,,,,,,,,,,,,,,,,,,,,,,,,
,,,,,,,,,,,,,,,,,,,,,,,,,,,,,,,,,,,,,,,,,,,,,,,,,,,,,,,,,,,,,,,,,,,,,,,,,,,,,,,,,,,,,,,,,,,,,,,,,,,,,,,,,,,,,,,,,,,,,,,,,,,,,,,,,,,,,,,,,,,,
,,,,,,,,,,,,,,,,,,,,,,,,,,,,,,,,,,,,,,,,,,,,,,,,,,,,,,,,,,,,,,,,,,,,,,,,,,,,,,,,,,,,,,,,,,,,,,,,,,,,,,,,,,,,,,,,,,,,,,,,,,,,,,,,,,,,,,,,,,,,
,,,,,,,,,,,,,,,,,,,,,,,,,,,,,,,,,,,,,,,,,,,,,,,,,,,,,,,,,,,,,,,,,,,,,,,,,,,,,,,,,,,,,,,,,,,,,,,,,,,,,,,,,,,,,,,,,,,,,,,,,,,,,,,,,,,,,,,,,,,,
,,,,,,,,,,,,,,,,,,,,,,,,,,,,,,,,,,,,,,,,,,,,,,,,,,,,,,,,,,,,,,,,,,,,,,,,,,,,,,,,,,,,,,,,,,,,,,,,,,,,,,,,,,,,,,,,,,,,,,,,,,,,,,,,,,,,,,,,,,,,
,,,,,,,,,,,,,,,,,,,,,,,,,,,,,,,,,,,,,,,,,,,,,,,,,,,,,,,,,,,,,,,,,,,,,,,,,,,,,,,,,,,,,,,,,,,,,,,,,,,,,,,,,,,,,,,,,,,,,,,,,,,,,,,,,,,,,,,,,,,,
,,,,,,,,,,,,,,,,,,,,,,,,,,,,,,,,,,,,,,,,,,,,,,,,,,,,,,,,,,,,,,,,,,,,,,,,,,,,,,,,,,,,,,,,,,,,,,,,,,,,,,,,,,,,,,,,,,,,,,,,,,,,,,,,,,,,,,,,,,,,
,,,,,,,,,,,,,,,,,,,,,,,,,,,,,,,,,,,,,,,,,,,,,,,,,,,,,,,,,,,,,,,,,,,,,,,,,,,,,,,,,,,,,,,,,,,,,,,,,,,,,,,,,,,,,,,,,,,,,,,,,,,,,,,,,,,,,,,,,,,,
,,,,,,,,,,,,,,,,,,,,,,,,,,,,,,,,,,,,,,,,,,,,,,,,,,,,,,,,,,,,,,,,,,,,,,,,,,,,,,,,,,,,,,,,,,,,,,,,,,,,,,,,,,,,,,,,,,,,,,,,,,,,,,,,,,,,,,,,,,,,
,,,,,,,,,,,,,,,,,,,,,,,,,,,,,,,,,,,,,,,,,,,,,,,,,,,,,,,,,,,,,,,,,,,,,,,,,,,,,,,,,,,,,,,,,,,,,,,,,,,,,,,,,,,,,,,,,,,,,,,,,,,,,,,,,,,,,,,,,,,,
,,,,,,,,,,,,,,,,,,,,,,,,,,,,,,,,,,,,,,,,,,,,,,,,,,,,,,,,,,,,,,,,,,,,,,,,,,,,,,,,,,,,,,,,,,,,,,,,,,,,,,,,,,,,,,,,,,,,,,,,,,,,,,,,,,,,,,,,,,,,
,,,,,,,,,,,,,,,,,,,,,,,,,,,,,,,,,,,,,,,,,,,,,,,,,,,,,,,,,,,,,,,,,,,,,,,,,,,,,,,,,,,,,,,,,,,,,,,,,,,,,,,,,,,,,,,,,,,,,,,,,,,,,,,,,,,,,,,,,,,,
,,,,,,,,,,,,,,,,,,,,,,,,,,,,,,,,,,,,,,,,,,,,,,,,,,,,,,,,,,,,,,,,,,,,,,,,,,,,,,,,,,,,,,,,,,,,,,,,,,,,,,,,,,,,,,,,,,,,,,,,,,,,,,,,,,,,,,,,,,,,
,,,,,,,,,,,,,,,,,,,,,,,,,,,,,,,,,,,,,,,,,,,,,,,,,,,,,,,,,,,,,,,,,,,,,,,,,,,,,,,,,,,,,,,,,,,,,,,,,,,,,,,,,,,,,,,,,,,,,,,,,,,,,,,,,,,,,,,,,,,,
,,,,,,,,,,,,,,,,,,,,,,,,,,,,,,,,,,,,,,,,,,,,,,,,,,,,,,,,,,,,,,,,,,,,,,,,,,,,,,,,,,,,,,,,,,,,,,,,,,,,,,,,,,,,,,,,,,,,,,,,,,,,,,,,,,,,,,,,,,,,
,,,,,,,,,,,,,,,,,,,,,,,,,,,,,,,,,,,,,,,,,,,,,,,,,,,,,,,,,,,,,,,,,,,,,,,,,,,,,,,,,,,,,,,,,,,,,,,,,,,,,,,,,,,,,,,,,,,,,,,,,,,,,,,,,,,,,,,,,,,,
,,,,,,,,,,,,,,,,,,,,,,,,,,,,,,,,,,,,,,,,,,,,,,,,,,,,,,,,,,,,,,,,,,,,,,,,,,,,,,,,,,,,,,,,,,,,,,,,,,,,,,,,,,,,,,,,,,,,,,,,,,,,,,,,,,,,,,,,,,,,
,,,,,,,,,,,,,,,,,,,,,,,,,,,,,,,,,,,,,,,,,,,,,,,,,,,,,,,,,,,,,,,,,,,,,,,,,,,,,,,,,,,,,,,,,,,,,,,,,,,,,,,,,,,,,,,,,,,,,,,,,,,,,,,,,,,,,,,,,,,,
,,,,,,,,,,,,,,,,,,,,,,,,,,,,,,,,,,,,,,,,,,,,,,,,,,,,,,,,,,,,,,,,,,,,,,,,,,,,,,,,,,,,,,,,,,,,,,,,,,,,,,,,,,,,,,,,,,,,,,,,,,,,,,,,,,,,,,,,,,,,
,,,,,,,,,,,,,,,,,,,,,,,,,,,,,,,,,,,,,,,,,,,,,,,,,,,,,,,,,,,,,,,,,,,,,,,,,,,,,,,,,,,,,,,,,,,,,,,,,,,,,,,,,,,,,,,,,,,,,,,,,,,,,,,,,,,,,,,,,,,,
,,,,,,,,,,,,,,,,,,,,,,,,,,,,,,,,,,,,,,,,,,,,,,,,,,,,,,,,,,,,,,,,,,,,,,,,,,,,,,,,,,,,,,,,,,,,,,,,,,,,,,,,,,,,,,,,,,,,,,,,,,,,,,,,,,,,,,,,,,,,
,,,,,,,,,,,,,,,,,,,,,,,,,,,,,,,,,,,,,,,,,,,,,,,,,,,,,,,,,,,,,,,,,,,,,,,,,,,,,,,,,,,,,,,,,,,,,,,,,,,,,,,,,,,,,,,,,,,,,,,,,,,,,,,,,,,,,,,,,,,,
,,,,,,,,,,,,,,,,,,,,,,,,,,,,,,,,,,,,,,,,,,,,,,,,,,,,,,,,,,,,,,,,,,,,,,,,,,,,,,,,,,,,,,,,,,,,,,,,,,,,,,,,,,,,,,,,,,,,,,,,,,,,,,,,,,,,,,,,,,,,
,,,,,,,,,,,,,,,,,,,,,,,,,,,,,,,,,,,,,,,,,,,,,,,,,,,,,,,,,,,,,,,,,,,,,,,,,,,,,,,,,,,,,,,,,,,,,,,,,,,,,,,,,,,,,,,,,,,,,,,,,,,,,,,,,,,,,,,,,,,,
,,,,,,,,,,,,,,,,,,,,,,,,,,,,,,,,,,,,,,,,,,,,,,,,,,,,,,,,,,,,,,,,,,,,,,,,,,,,,,,,,,,,,,,,,,,,,,,,,,,,,,,,,,,,,,,,,,,,,,,,,,,,,,,,,,,,,,,,,,,,
,,,,,,,,,,,,,,,,,,,,,,,,,,,,,,,,,,,,,,,,,,,,,,,,,,,,,,,,,,,,,,,,,,,,,,,,,,,,,,,,,,,,,,,,,,,,,,,,,,,,,,,,,,,,,,,,,,,,,,,,,,,,,,,,,,,,,,,,,,,,
,,,,,,,,,,,,,,,,,,,,,,,,,,,,,,,,,,,,,,,,,,,,,,,,,,,,,,,,,,,,,,,,,,,,,,,,,,,,,,,,,,,,,,,,,,,,,,,,,,,,,,,,,,,,,,,,,,,,,,,,,,,,,,,,,,,,,,,,,,,,
,,,,,,,,,,,,,,,,,,,,,,,,,,,,,,,,,,,,,,,,,,,,,,,,,,,,,,,,,,,,,,,,,,,,,,,,,,,,,,,,,,,,,,,,,,,,,,,,,,,,,,,,,,,,,,,,,,,,,,,,,,,,,,,,,,,,,,,,,,,,
,,,,,,,,,,,,,,,,,,,,,,,,,,,,,,,,,,,,,,,,,,,,,,,,,,,,,,,,,,,,,,,,,,,,,,,,,,,,,,,,,,,,,,,,,,,,,,,,,,,,,,,,,,,,,,,,,,,,,,,,,,,,,,,,,,,,,,,,,,,,
,,,,,,,,,,,,,,,,,,,,,,,,,,,,,,,,,,,,,,,,,,,,,,,,,,,,,,,,,,,,,,,,,,,,,,,,,,,,,,,,,,,,,,,,,,,,,,,,,,,,,,,,,,,,,,,,,,,,,,,,,,,,,,,,,,,,,,,,,,,,
,,,,,,,,,,,,,,,,,,,,,,,,,,,,,,,,,,,,,,,,,,,,,,,,,,,,,,,,,,,,,,,,,,,,,,,,,,,,,,,,,,,,,,,,,,,,,,,,,,,,,,,,,,,,,,,,,,,,,,,,,,,,,,,,,,,,,,,,,,,,
,,,,,,,,,,,,,,,,,,,,,,,,,,,,,,,,,,,,,,,,,,,,,,,,,,,,,,,,,,,,,,,,,,,,,,,,,,,,,,,,,,,,,,,,,,,,,,,,,,,,,,,,,,,,,,,,,,,,,,,,,,,,,,,,,,,,,,,,,,,,
,,,,,,,,,,,,,,,,,,,,,,,,,,,,,,,,,,,,,,,,,,,,,,,,,,,,,,,,,,,,,,,,,,,,,,,,,,,,,,,,,,,,,,,,,,,,,,,,,,,,,,,,,,,,,,,,,,,,,,,,,,,,,,,,,,,,,,,,,,,,
,,,,,,,,,,,,,,,,,,,,,,,,,,,,,,,,,,,,,,,,,,,,,,,,,,,,,,,,,,,,,,,,,,,,,,,,,,,,,,,,,,,,,,,,,,,,,,,,,,,,,,,,,,,,,,,,,,,,,,,,,,,,,,,,,,,,,,,,,,,,
,,,,,,,,,,,,,,,,,,,,,,,,,,,,,,,,,,,,,,,,,,,,,,,,,,,,,,,,,,,,,,,,,,,,,,,,,,,,,,,,,,,,,,,,,,,,,,,,,,,,,,,,,,,,,,,,,,,,,,,,,,,,,,,,,,,,,,,,,,,,
