,,,,,,,,,,,,,,,,,,,,,,,,,,,,,,,,,,,,,,,,,,,,,,,,,,,,,,,,,,,,,,,,,,,,,,,,,,,,,,,,,,,,,,,,,,,,,,,,,,,,,,,,,,,,,,,,,,,,,,,,,,,,,,,,,,,
,,,,,,,,TIME TABLE JAN TO  MAY 2026,,,,,,,,,,,,,,TIME TABLE JULY TO DEC 2026,,,,,,,,,,,,,,,,,,,,,,,,,,,,,,,,,,,,,,,,TIME TABLE JULY TO DEC 2026,,,,,,,,,,,,,,,,,,,,,,,,,,,,,,,,,,,TIME TABLE JULY TO DEC 2026,,,,,,,,,,,,,,,,,,,,,,,,,,,,,,,,,,
,,,,,,,,,4TH YEAR A,,,,,,,,,,,,,            4TH YEAR -A,,,,,,,,,,,,,,,,,,,,,,,,,,,,MECHANICAL ENGG,,,,,,,,,,,,4TH YEAR A,,,,,,,,,,,,,,,,,,,,,,,,,,,,,,,,,,,4TH YEAR A,,,,,,,,,,,,,,,,,,,,,,,,,,,,,,,,,BRANCH,
,,BRANCH,,ELECTRONICS INSTRUMENTATION ENGG,,,,ELECTRICAL  ENGG,,,,ELECTRICAL AND COMPUTER ENGG,,,,,,BIOMEDICAL ENGG,,,,ELECTRONICS INSTRUMENTATION ENGG,,,,,,ELECTRICAL AND COMPUTER ENGG,,,,,,,,,,CIVIL AND COMPUTER,,BIOMEDICAL ENGG,,ELECTRICAL  ENGG,,,,,,,,,,,,,,,,,,,,MECHATRONICS ENGG,,,,,,ROBOTICS(D202)AND ARTIFICIAL INTELEGENCE,,,,,,COMPUTER SCIENCE AND BUSINESS SYSTEM,,,,,,BIOTECHNOLOGY ENGG,,,,ELECTRONICS AND COMPUTER ENGG,,,,,,,,,,,,ELECTRONICS AND COMPUTER ENGG,,,,,,,,,,VLSI,,,,,,ELECTRONICS AND COMMUNICATION ENGG,,,,,,,,ELECTRONICS AND COMMUNICATION ENGG,,,,,,,,,,LECTURE,
,,LECTURE,,4E1,,,,4D1,,,,4S1,,,,,,4J1,,,,4E1,,,,,,4S1,,,,,,,,,,4U1,,4J1,,4D1,,,,,,,,4H1,,,,,,4H2,,,,,,4I1,,,,,,4W1,,,,,,4R1,,,,,,4G1,,,,4O1,,,,,,,,,,,,4O2,,,,,,,,,,4V1,,,,,,4F1,,,,,,,,4F2,,,,,,,,,,TUTORIAL,
,,TUTORIAL,,4E11,,4E12,,4D11,,4D12,,4S11,,4S12,,4S13,,4J11,,,,4E11,,4E12,,4E12,,4S11,,4S12,,4S13,,4S14,,4S15,,4U11,,4J11,,4D11,,4D12,,4D13,,,,4H11,,4H12,,4H13,,4H21,,4H22,,4H23,,4I11,,4I12,,4I13,,4W11,,4W12,,4W13,,4R11,,4R12,,4R13,,4G11,,4G12,,4O11,,4O12,,4O13,,4O14,,4O15,,4O16,,4O21,,4O22,,4O23,,4O24,,4O25,,4V11,,4V12,,4V13,,4F11,,4F12,,4F13,,4F14,,4F21,,4F22,,4F23,,4F24,,DAY,,PRACTICAL,HOURS
DAY,,PRACTICAL,HOURS,4E1A,,4E1B,,4D1A,,4D1B,,4S1A,,4S1B,,4S1C,,4J1A,,,,4E1A,,4E1B,,4E1B,,4S1A,,4S1B,,4S1C,,4S1D,,4S1E,,4U1A,,4J1A,,4D1A,,4D1B,,4D1C,,,,4H1A,,4H1B,,4H1C,,4H2A,,4H2B,,4H2C,,4I1A,,4I1B,,4I1C,,4W1A,,4W1B,,4W1C,,4R1A,,4R1B,,4R1C,,4G1A,,4G1B,,4O1A,,4O1B,,4O1C,,4O1D,,4O1E,,4O1F,,4O2A,,4O2B,,4O2C,,4O2D,,4O2E,,4V1A,,4V1B,,4V1C,,4F1A,,4F1B,,4F1C,,4F1D,,4F2A,,4F2B,,4F2C,,4F2D,,,,,
,1,,8:00 AM,,,,,,,,,,,,,,,,,,,,,,,,,,,ULC603P,,,,,,,,,,,,,,,,,,,,URA731P,,,,,,,,,,,,URA731P,,,,,,URA731P,,,,,,,,,,,,,,,,,,,,,,,,,,,,,,,,,,,,,,,,,,,,,,,,,,,,,,,,,,,,,1,,8:00 AM
M,,,,,,,,,,,,,,,,,,,,,,,,,,,,,,PE(C113),,,,,,,,,,,,,,,,,,,,B302,,,,,,,,,,,,B302,,,,,,B302,,,,,,,,,,,,,,,,,,,,,,,,,,,,,,,,,,,,,,,,,,,,,,,,,,,,,,,,,,,,M,,,
,2,,8:50 AM,,,,,,,,,,,,,,,,,,,,,,,,,,,LAB,,,,,,,,,,,,,,,,,,,,DMG,,,,,,,,,,,,LAB,,,,,,LAB,,,,,,,,,,,,,,,,,,,,,,,,,,,,,,,,,,,,,,,,,,,,,,,,,,,,,,,,,,,,,2,,8:50 AM
O,,,,,,,,,,,,,,,,,,,,,,,,,,,,,,TA10,,,,,,,,,,,,,,,,,,,,,,,,,,,,,,,,DMG,,,,,,DMG,,,,,,,,,,,,,,,,,,,,,,,,,,,,,,,,,,,,,,,,,,,,,,,,,,,,,,,,,,,,O,,,
,3,,9:40 AM,,,,,,,,,,,,,,,,,,,,,,,,,ULC703L,,,,,,,,,,,,,,UMA601L,,,,,,,,URA753L,,,,,,,,,,,,,,,,,,,,,,,,UCT732P,,,,UHU049P,,UBT802L,,,,UEC640L,,,,,,,,,,,,,,,,,,,,,,UVD701L,,,,,,,,,,,,,,UEC720L,,,,,,,,,3,,9:40 AM
N,,,,,,,,,,,,,,,,,,,,,,,,,,,,B208,,,,,,,,,ASG,,,,,E107,,,,,,,DM,F207,,,,,,,,,,,,,,,,,,,,,,,JPT,GA(L002),,,,E110,,F302,,,JM,B307,,,,,,,,,,,HVR,,,,,,,,,,,F104,,,,,RS,,,,,,,,,B209,,,,,,,RAK,N,,,
,4,,10:30 AM,,,,,,,,,,,,,,,,,,,,,,,,,ULC603L,,,,,,,,,,,,,,UEE744L/UEE743L,,,,,,,,UME742L/UME741L/UME744L,,,,,,,,,,,,URA745L,,,,,,,,,,,,LAB,,UHU047T,,ANS,,UBT610L,,,,UEC642L,,,,,,,,,,,,,,,,,,,,,,,,,,,,,,,,,,,,UEC719L,,,,,,,,,4,,10:30 AM
D,,,,,,,,,,,,,,,,,,,,,,,,,,,,B208,,,,,,,,,RPN,,,,,E107/E313,,,,,,,SP/SJ,F206/F207/F109,,,,,,,,,,,RTK/VG/ASO,LP108,,,,,,,,,,,CSED,SMG,,E104,RKS,,,F302,,,MG,B307,,,,,,,,,,,AJK,,,,,,,,,,,,,,,,,,,,,,,,,B209,,,,,,,AMJ,D,,,
,5,,11:20 AM,,,,,,,,,,,,,,,,,,,,,,,,,ULC701L,,,,,,,,,,,,,,ULC603L,,,,,,,,UCS760L/URA751L/UME751L,,,,,,,,,,,,UCS760L/URA751L/UME751L,,,,,,,,,,,,UCT703L,,,,,,,,,,,,,,,,,,,,,,UEC640L,,,,,,,,,,UVD701P,,UEC519T,,,,UEC720L,,,,,,,,UEC752/UEC630P,,,,UEC720P,,UEC720P,,,5,,11:20 AM
A,,,,,,,,,,,,,,,,,,,,,,,,,,,,B208,,,,,,,,,PAW,,,,,E107,,,,,,,SKA,F206/F207/F312,,,,,,,,,,,CSED/NF/AMG,F206/F207/F312,,,,,,,,,,,HMK/NF/AMG,F201,,,,,IC,,,,,,,,,,,,,,,,,B307,,,,,,,,,KSS,C221,,F203,HSS,,,B209,,,,,,,JSK,B106/C211,,,,B203,,B203,,A,,,
,6,,12:10 PM,,,,,,,,,,,,,,,,,,,,,,,,,,,,,,,,,,,,,,,,,,,,,,,UCS760L/URA751L/UME751L/UME754L/UME743L,,,,,,,,,,,,UCS760L/URA751L/UME751L,,,,,,,,,,,,UHU048L,,,,,,UBT837L/UBT839L,,,,,,,,,,,,,,,,UEC642L,,,,,,,,,,LAB,,,,,,UEC719L,,,,,,,,LAB,,,,LAB,,LAB,,,6,,12:10 PM
Y,,,,,,,,,,,,,,,,,,,,,,,,,,,,,,,,,,,,,,,,,,,,,,,,,,F206/F207/F312/F102/F107,,,,,,,,,,,CSED/NF/AMG/VKS/RJS,F206/F207/F312,,,,,,,,,,,HMK/NF/AMG,F201,,,,,ANP,F302/F309,,,SDS/MVR,,,,,,,,,,,,,B307,,,,,,,,,SS,RS,,,,,,B209,,,,,,,RSK,MFD/GTJ,,,,RAK,,RAK,,Y,,,
,7,,1:00 PM,,,,,,,,,,,,,,,,,,,UEI744L/UEI743L+UEI831L,,,,,,,,,,,,,,,,,,,,,,,,,,,,,,,,,,,,,,,,,,,,,,,,,,,,,,,,,,,,,,,,,,,,,,,,,,,,,,,,,,,,,,,,,,,,,,,,,,,,,,,,,,,7,,1:00 PM
,,,,,,,,,,,,,,,,,,,,,,E107/E307,,,,,NJS/DBM,,,,,,,,,,,,,,,,,,,,,,,,,,,,,,,,,,,,,,,,,,,,,,,,,,,,,,,,,,,,,,,,,,,,,,,,,,,,,,,,,,,,,,,,,,,,,,,,,,,,,,,,
,8,,1:50 PM,,,,,,,,,,,,,,,,,,,UEI801P,,,,UEI801T,,,,,,,,,,,,,,,,ULC603P,,,,,,,,UME752L/URA413L/URA741L,,,,,,,,,,,,,,,,,,,,,,,,UHU048P,,UCT701P,,,,,,,,UEC735PUEC752P/UCS750P/UCS762P/UCS760P,,,,,,,,,,,,,,,,,,,,,,,,,,,,UEC630P/UEC752P/UCS750P/UCS762P/UCS760P,,,,,,,,,,,,,,,,,8,,1:50 PM
,,,,,,,,,,,,,,,,,,,,,,PDC(C220),,,,E107,TA8,,,,,,,,,,,,,,,PE(C113),,,,,,,,F206/F207/F110,,,,,,,,,,,,,,,,,,,,,,,APH/DKJ/PKW,E313,,GC-2(L107),,,,,,,,C202/B106/L102/L103/L429,,,,,,,,,,,,,,,,,,,,,,,,,,,,C211/B106/L102/L103/L429,,,,,,,,,,,,,,,,,,,
,9,,2:40 PM,,,,,,,,,,,,,,,,,,,LAB,,,,,,,,,,,,,,,,,,,,LAB,,,,,,,,URA731L,,,,,,,,,,,,,,,,,,,,,,,,LC27,,LAB,,UHU047T,,UBT832L,,,,LAB,,,,,,,,,,,,,,,,,,,,,,UVD701L,,,,,,LAB,,,,,,,,,,,,,,,,,9,,2:40 PM
,,,,,,,,,,,,,,,,,,,,,,SWT,,,,,,,,,,,,,,,,,,,,SKA,,,,,,,,B303,,,,,,,,,,,,,,,,,,,,,,,DMG,,,SMA,,E104,RKS,F305,,,JS,DVG/MFD/GS/RAH/HMK,,,,,,,,,,,,,,,,,,,,,,F108,,,,,UKS,GTJ/MFD/GS/RAH/HMK,,,,,,,,,,,,,,,,,,,
,10,,3:30 PM,,,,,,,,,,,,,,,,,,,UEI801L,,,,,,,,,,,,,,,,,,,,,,,,,,,,,,,,,,,,,,,,,,,,,,,,,,,,UCT701P,,UCT703P,,UHU048P,,,,,,UEC640P,,UEC640P,,,,,,,,,,,,,,,,,,,,UEC519T,,,,,,UEC719P,,UEC719P,,UEC720P,,UEC720P,,,,,,,,,,,10,,3:30 PM
,,,,,,,,,,,,,,,,,,,,,,E107,,,,,SNP,,,,,,,,,,,,,,,,,,,,,,,CAPSTONE PROJECT,,,,,,CAPSTONE PROJECT,,,,,,CAPSTONE PROJECT,,,,,,CAPSTONE PROJECT,,,,,,SD(L501),,SE-2(L105),,E313,,,,,,C210,,C210,,,,,,,,,,,,,,,,,,,,B209,HSS,,,,,C211,,C211,,B203,,B203,,,,,,,,,,,,,
,11,,4:20 PM,,,,,,,,,,,,,,,,,,,UEI735L/UEI733L,,,,,,,,,,,,,,,,,,,,,,,,,,,,,,,,,,,,,,,,,,,,,,,,,,,,LAB,,LAB,,NAK,,,,,,LAB,,LAB,,,,,,,,,,,,,,,,,,,,,,,,,,LAB,,LAB,,LAB,,LAB,,,,,,,,,,,11,,4:20 PM
,,,,,,,,,,,,,,,,,,,,,,E107/E108,,,,,ABP/DND,,,,,,,,,,,,,,,,,,,,,,,,,,,,,,,,,,,,,,,,,,,,,,,ASH,,IC,,,,,,,,KSS,,KSS,,,,,,,,,,,,,,,,,,,,,,,,,,RSK,,RSK,,RAK,,RAK,,,,,,,,,,,,,
,12,,5:10 PM,,,,,,,,,,,,,,,,,,,,,,,,,,,,,,,,,,,,,,,,,,,,,,,,,,,,,,,,,,,,,,,,,,,,,,,,,,,,,,,,,,,,,,,,,,,,,,,,,,,,,,,,,,,,,,,,,,,,,,,,,,,,,,12,,5:10 PM
,,,,,,,,,,,,,,,,,,,,,,,,,,,,,,,,,,,,,,,,,,,,,,,,,,,,,,,,,,,,,,,,,,,,,,,,,,,,,,,,,,,,,,,,,,,,,,,,,,,,,,,,,,,,,,,,,,,,,,,,,,,,,,,,,,,
,13,,6:00PM,,,,,,,,,,,,,,,,,,,,,,,,,,,,,,,,,,,,,,,,,,,,,,,,,,,,,,,,,,,,,,,,,,,,,,,,,,,,,,,,,,,,,,,,,,,,,,,,,,,,,,,,,,,,,,,,,,,,,,,,,,,,,,13,,6:00PM
,,,,,,,,,,,,,,,,,,,,,,,,,,,,,,,,,,,,,,,,,,,,,,,,,,,,,,,,,,,,,,,,,,,,,,,,,,,,,,,,,,,,,,,,,,,,,,,,,,,,,,,,,,,,,,,,,,,,,,,,,,,,,,,,,,,
,14,,6:50PM,,,,,,,,,,,,,,,,,,,,,,,,,,,,,,,,,,,,,,,,,,,,,,,,,,,,,,,,,,,,,,,,,,,,,,,,,,,,,,,,,,,,,,,,,,,,,,,,,,,,,,,,,,,,,,,,,,,,,,,,,,,,,,14,,6:50PM
,,,,,,,,,,,,,,,,,,,,,,,,,,,,,,,,,,,,,,,,,,,,,,,,,,,,,,,,,,,,,,,,,,,,,,,,,,,,,,,,,,,,,,,,,,,,,,,,,,,,,,,,,,,,,,,,,,,,,,,,,,,,,,,,,,,
,1,,8:00 AM,,,,,,,,,,,,,,,,,,,,,,,,,,,,,,,,,,,,,,,,,,,,,,,,,,,,,,,,,,,,,,,UME722P,,URA701P,,,,,,,,,,UCT703P,,,,,,,,,,,,,,,,,,,,,,,,,,,,,,,,,,,,,,,,,,,,,,,,,,,1,,8:00 AM
T,,,,,,,,,,,,,,,,,,,,,,,,,,,,,,,,,,,,,,,,,,,,,,,,,,,,,,,,,,,,,,,,,,CAD-3(D101),,CAD-2(D102),,,,,,,,,,GA(L002),,,,,,,,,,,,,,,,,,,,,,,,,,,,,,,,,,,,,,,,,,,,,,,,,,T,,,
,2,,8:50 AM,,,,,,,,,,,,,,,,,,,,,,,,,,,,,,,,,,,,,,,,,,,,,,,,,,,,,,,,,,,UME722T,,,,LAB,,LAB,,,,,,,,,,LAB,,,,,,,,,,,,,,,,,,,,,,,,,,,,,,,,,,,,,,,,,,,,,,,,,,,2,,8:50 AM
U,,,,,,,,,,,,,,,,,,,,,,,,,,,,,,,,,,,,,,,,,,,,,,,,,,,,,,,,,,,,,,F309,JPT,,,VDS,,RAW,,,,,,,,,,PRM-RA,,,,,,,,,,,,,,,,,,,,,,,,,,,,,,,,,,,,,,,,,,,,,,,,,,U,,,
,3,,9:40 AM,,,,,,,,,,,,,,,,,,,,,,,,,ULC701L,,,,,,,,,,,,UBM603L,,,,,,,,,,UME752L,,,,,,,,,,,,,,,,,,,,,,,,UHU047L,,,,,,,,UBT832P,,,,,,,,,,,,,,,,,,,,,,,,UVD701L,,,,,,,,,,,,,,UEC719L,,,,,,,,,3,,9:40 AM
E,,,,,,,,,,,,,,,,,,,,,,,,,,,,B208,,,,,,,,,PAW,,,E313,SWT,,,,,,,,,F206,,,,,,,,,,,,,,,,,,,,,,,APH,E101,,,,,RKS,,,BMI(B213),,,,,,,,,,,,,,,,,,,,,,,,E107,,,,,RS,,,,,,,,,B209,,,,,,,AMJ,E,,,
,4,,10:30 AM,,,,,,,,,,,,,,,,,,,,,,,,,ULC603L,,,,,,,,,,,,UBM603L,,,,,,,,,,URA753L,,,,,,,,,,,,URA753L/UME715L,,,,,,,,,,,,UHU049L,,,,,,,,LAB,,,,,,,,,,,,,,UEC642L,,,,,,,,,,,,,,,,,,,,,,,,UEC720L,,,,,,,,,4,,10:30 AM
S,,,,,,,,,,,,,,,,,,,,,,,,,,,,B208,,,,,,,,,RPN,,,E313,SWT,,,,,,,,,F207,,,,,,,,,,,JPT,F207/F109/,,,,,,,,,,,JPT/ASO,E101,,,,,ANS,,,NF1,,,,,,,,,,,,,,B307,,,,,,,,,SS,,,,,,,,,,,,,,,B209,,,,,,,RAK,S,,,
,5,,11:20 AM,,,,,,,,,,,,,,,,,,,,,,,,,ULC703L,,,,,,,,,,,,UBM702L,,,,,,,,,,UME730L/UME751P,,,,,,,,,,,,URA745L/UEI514L/UME751P,,,,,,,,,,,,UCT703L,,,,,,UBT844L/UBT846L,,,,UEC735L/UEC752L/UCS751L/UCS752L/UCS754L/UCS758L/UCS750L/UCS762L/UCS760L/UCS748L/UCS745L/UCS772L/UMC743L,,,,,,,,,,,,,,,,,,,,,,UVD714L,,,,,,UEC752L/UCS751L/UCS752L/UCS754L/UCS758L/UCS750L/UCS762L/UCS760L/UCS748L/UCS745L/UCS772L/UMC743L,,,,,,,,,,,,,,,,,5,,11:20 AM
D,,,,,,,,,,,,,,,,,,,,,,,,,,,,B208,,,,,,,,,ASG,,,E313,SAH,,,,,,,,,F207/MET LAB,,,,,,,,,,,HMG/SAT/AMG,LP108/F111/MET LAB,,,,,,,,,,,CSED/SNK/AMG,E106,,,,,IC,F302/F208,,,DG/NL,B307/B209/LP106/E304/LP109/T101/E305/E308/T102/E205/F105/E104/LT102,,,,,,,,,,,,,,,,,,,,,DVG/MFD/PSR/SSH/NRJ/ANJ/GS/RAH/HMK/RKT/SMG/GEK/KUC,F316,,,,,UKS,B209/LP106/E304/LP109/T101/E305/E308/T102/E205/F105/E104/LT102,,,,,,,,,,,,,,,MFD/PSR/SSH/NRJ/ANJ/GS/RAH/HMK/RKT/SMG/GEK/KUC,D,,,
,6,,12:10 PM,,,,,,,,,,,,,,,,,,,,,,,,,,,,,,,,,ULC703T,,,,,,,,,,,,,,UME730L/URA413L/UME751P,,,,,,,,,,,,URA745L/UEI514L/URA413L/UME751P,,,,,,,,,,,,UCT701L,,,,,,,,,,UEC752L/UCS751L/UCS752L/UCS754L/UCS758L/UCS750L/UCS762L/UCS760L/UCS748L/UCS745L/UCS772L/UMC743L,,,,,,,,,,,,,,,,,,,,,,UEC519L,,,,,,UEC630L/UEC752L/UCS751L/UCS752L/UCS754L/UCS758L/UCS750L/UCS762L/UCS760L/UCS748L/UCS745L/UCS772L/UMC743L,,,,,,,,,,,,,,,,,6,,12:10 PM
A,,,,,,,,,,,,,,,,,,,,,,,,,,,,,,,,,,,,B208,ASG,,,,,,,,,,,,,F207/F206/MET LAB,,,,,,,,,,,SAT/DKJ/AMG,LP108/F111/F206/MET LAB,,,,,,,,,,,CSED/SNK/DKJ/AMG,E106,,,,,ASH,,,,,B209/LP106/E304/LP109/T101/E305/E308/T102/E205/F105/E104/LT102,,,,,,,,,,,,,,,,,,,,,DVG/MFD/PSR/SSH/NRJ/ANJ/GS/RAH/HMK/RKT/SMG/GEK/KUC,B309,,,,,HSS,F208/B209/LP106/E304/LP109/T101/E305/E308/T102/E205/F105/E104/LT102,,,,,,,,,,,,,,,GTJ/MFD/PSR/SSH/NRJ/ANJ/GS/RAH/HMK/RKT/SMG/GEK/KUC,A,,,
,7,,1:00 PM,,,,,,,,,,,,,,,,,,,,,,,,,,,,,,,,,,,,,,,,,,,,,,,,,,,,,,,,,,,,,,,,,,,,,,,,,,,,,,,,,,,,,,,,,,,,,,,,,,,,,,,,,,,,,,,,,,,,,,,,,,,,,,7,,1:00 PM
Y,,,,,,,,,,,,,,,,,,,,,,,,,,,,,,,,,,,,,,,,,,,,,,,,,,,,,,,,,,,,,,,,,,,,,,,,,,,,,,,,,,,,,,,,,,,,,,,,,,,,,,,,,,,,,,,,,,,,,,,,,,,,,,,,Y,,,
,8,,1:50 PM,,,,,,,,,,,,,,,,,,,,,,,,,ULC603P,,,,,,,,,,,,UBM701P,,ULC603L,,,,,,,,UCS760P/URA751P/UME751P/UME754P/UME743P,,,,,,,,,,,,URA751P/UME751P,,,,,,,,,,,,,,UHU048P,,UCT702P,,,,,,UEC735P,,,,UEC640P,,UEC640P,,UEC735P,,,,,,,,UEC642P,,UEC642P,,UEC642P,,UEC519P,,,,UVD701P,,,,,,,,,,,,,,,,,,,8,,1:50 PM
,,,,,,,,,,,,,,,,,,,,,,,,,,,,PE(C113),,,,,,,,,,,,BMC(C323),,E107,,,,,,,SKA,LAB,,,,,,,,,,,,IA(H214)/MET,,,,,,,,,,,,,,E313,,IOT(L302),,,,,,C202,,,,C210,,C210,,C202,,,,,,,,C328,,C333,,C328,,B214,,,,C334,,,,,,,,,,,,,,,,,,,,,
,9,,2:40 PM,,,,,,,,,,,,,,,,,,,,,,,,,LAB,,,,,,,,,,,,LAB,,UEE744L/UEE743L,,,,,,,,CSED/NF/AMG/VKS/RJS,,,,,,,,,,,,LAB,,,,,,,,,,,,,,NAK,,LAB,,,,,,LAB,,,,LAB,,LAB,,LAB,,,,,,,,LAB,,LAB,,LAB,,LAB,,,,LAB,,,,,,,,,,,,,,,,,,,9,,2:40 PM
,,,,,,,,,,,,,,,,,,,,,,,,,,,,RPN,,,,,,,,,,,,JS,,E107/E108,,,,,,,SP/SJ,,,,,,,,,,,,,NF/AMG,,,,,,,,,,,,,,,,SMA,,,,,,DVG,,,,KSS,,KSS,,DVG,,,,,,,,AJK,,SS,,AJK,,HSS,,,,RS,,,,,,,,,,,,,,,,,,,,,
,10,,3:30 PM,,,,,,,,,,,,,,,,,,,UEI801L,,,,,,UCS646L/UCS635L,,,,,,,,,,,,UBM701L,,,,UMA601T,,UMA601T,,,,UME730P,,,,,,,,,,,,UCS671P/UEI514P,,,,,,UCS671P/UEI514P,,,,,,UCT703P,,UHU049P,,UCT701P,,UBT832P,,,,,,,,,,,,,,,,,,,,,,,,,,,,,,,,UEC720P,,UEC720P,,,,,,,,,,,,,,,10,,3:30 PM
,,,,,,,,,,,,,,,,,,,,,,E107,,,,,SNP,B208/B301,,,,,,,,,SSH/JPK,,,E313,JS,,,E105,DM,E108,TA6,,,CAM(H107),,,,,,,,,,,,PL2(L008)/RT(H219A),,,,,,PL3(L010)/RT(H219A),,,,,,GA(L002),,F201,,IOT(L302),,BMI(B213),,,,,,,,,,,,,,,,,,,,,,,,,,,,,,,,B203,,B203,,,,,,,,,,,,,,,,,
,11,,4:20 PM,,,,,,,,,,,,,,,,,,,UEI712L/UEI735L/UEI733L,,,,,,UCS646L/UCS635L,,,,,,,,,,,,,,,,,,,,,,LAB,,,,,,,,,,,,LAB,,,,,,LAB,,,,,,LAB,,ANS,,LAB,,LAB,,,,,,,,,,,,,,,,,,,,,,,,,,,,,,,,LAB,,LAB,,,,,,,,,,,,,,,11,,4:20 PM
,,,,,,,,,,,,,,,,,,,,,,E103/E107/E108,,,,,ROS/ABP/DND,B208/B301,,,,,,,,,SSH/JPK,,,,,,,,,,,,,SAT,,,,,,,,,,,,HMG/SNK,,,,,,ABP-RA/SNK,,,,,,IC,,,,ASH,,NF1,,,,,,,,,,,,,,,,,,,,,,,,,,,,,,,,RAK,,RAK,,,,,,,,,,,,,,,,,
,12,,5:10 PM,,,,,,,,,,,,,,,,,,,,,,,,,,,,,,,,,,,,,,,,,,,,,,,,,,,,,,,,,,,,,,,,,,,,,,,,,,,,,,,,,,,,,,,,,,,,,,,,,,,,,,,,,,,,,,,,,,,,,,,,,,,,,,12,,5:10 PM
,,,,,,,,,,,,,,,,,,,,,,,,,,,,,,,,,,,,,,,,,,,,,,,,,,,,,,,,,,,,,,,,,,,,,,,,,,,,,,,,,,,,,,,,,,,,,,,,,,,,,,,,,,,,,,,,,,,,,,,,,,,,,,,,,,,
,13,,6:00PM,,,,,,,,,,,,,,,,,,,,,,,,,,,,,,,,,,,,,,,,,,,,,,,,,,,,,,,,,,,,,,,,,,,,,,,,,,,,,,,,,,,,,,,,,,,,,,,,,,,,,,,,,,,,,,,,,,,,,,,,,,,,,,13,,6:00PM
,,,,,,,,,,,,,,,,,,,,,,,,,,,,,,,,,,,,,,,,,,,,,,,,,,,,,,,,,,,,,,,,,,,,,,,,,,,,,,,,,,,,,,,,,,,,,,,,,,,,,,,,,,,,,,,,,,,,,,,,,,,,,,,,,,,
,14,,6:50PM,,,,,,,,,,,,,,,,,,,,,,,,,,,,,,,,,,,,,,,,,,,,,,,,,,,,,,,,,,,,,,,,,,,,,,,,,,,,,,,,,,,,,,,,,,,,,,,,,,,,,,,,,,,,,,,,,,,,,,,,,,,,,,14,,6:50PM
,,,,,,,,,,,,,,,,,,,,,,,,,,,,,,,,,,,,,,,,,,,,,,,,,,,,,,,,,,,,,,,,,,,,,,,,,,,,,,,,,,,,,,,,,,,,,,,,,,,,,,,,,,,,,,,,,,,,,,,,,,,,,,,,,,,
,1,,8:00 AM,,,,,,,,,,,,,,,,,,,,,,,,,,,,,,,,,,,,,,,,,,,,,,,UCS668P/UME743P/URA741P,,,,,,,,,,,,UCS668P/URA741P,,UCS668P/URA741P,,,,URA741P,,URA741P,,UME722P/URA741P,,,,,,,,,,,,UEC735P,,,,,,,,,,UEC735P,,,,,,,,,,,,,,,,,,,,,,,,,,,,,,,,,,,1,,8:00 AM
W,,,,,,,,,,,,,,,,,,,,,,,,,,,,,,,,,,,,,,,,,,,,,,,,,,CSED/W/S/BAJAJ LAB,,,,,,,,,,,,GC2(L107)/BAJAJ,,NS(L102)/BAJAJ,,,,BAJAJ,,BAJAJ,,CAD3(D101)/BAJAJ,,,,,,,,,,,,C202,,,,,,,,,,C202,,,,,,,,,,,,,,,,,,,,,,,,,,,,,,,,,,W,,,
,2,,8:50 AM,,,,,,,,,,,,,,,,,,,,,,,,,,,,,,,,,,,,,,,,,,,,,,,LAB,,,,,,,,,,,,LAB,,LAB,,,,LAB,,LAB,,LAB,,,,,,,,,,,,LAB,,,,,,,,,,LAB,,,,,,,,,,,,,,,,,,,,,,,,,,,,,,,,,,,2,,8:50 AM
E,,,,,,,,,,,,,,,,,,,,,,,,,,,,,,,,,,,,,,,,,,,,,,,,,,CSED/RTK/PKW,,,,,,,,,,,,JAB/PKW,,SHI-CRA/PKW,,,,PKW,,PKW,,SNP/PKW,,,,,,,,,,,,DVG,,,,,,,,,,DVG,,,,,,,,,,,,,,,,,,,,,,,,,,,,,,,,,,E,,,
,3,,9:40 AM,,,,,,,,,,,,,,,,,,,,,,,,,UCS646P/UCS635P,,,,,,,,,,,,,,"UEE743P
H222 PSS LAB/SJ",,,,,,,,,,,,,,,,,,,,,,UME722P/URA413L,,,,URA701L,,,,,,UHU049L,,,,,,UBT802L,,,,,,,,UEC642P,,,,UEC640P,,UEC642P,,,,UEC640P,,,,,,,,,,,,UEC519P,,,,,,,,,,,,,,,,,,,3,,9:40 AM
D,,,,,,,,,,,,,,,,,,,,,,,,,,,,BMC(C323)/ISD(C223),,,,,,,,,,,,,,,,,,,,,,,,,,,,,,,,,,,,CAD-3(D101)/F209,,,,F206,,,,,RAR,F207,,,,,ANS,F302,,,JM,,,,,C327,,,,C210,,C327,,,,C210,,,,,,,,,,,,B214,,,,,,,,,,,,,,,,,,D,,,
,4,,10:30 AM,,,,,,,,,,,,,,,,,,,,,,,,,LAB,,,,,,,,,,,,,,UEE744P,,,,,,,,URA413L,,,,,,,,,,,,URA413L,,LAB,,URA413L,,UME722L,,,,,,UCT702L,,,,,,,,,,,,,,LAB,,,,LAB,,LAB,,,,LAB,,,,,,,,,,,,LAB,,UEC720L,,,,,,,,UEC720P,,UEC720P,,,,,,,4,,10:30 AM
N,,,,,,,,,,,,,,,,,,,,,,,,,,,,SSH/JPK,,,,,,,,,,,,,,PE(C113),,,,,,,,F209,,,,,,,,,,,DKJ,F209,DKJ,JPT/DKJ,,F209,DKJ,F206,,,,,TKB,F207,,,,,SMA,,,,,,,,,AJK,,,,HVR,,AJK,,,,HVR,,,,,,,,,,,,HSS,,B209,,,,,,,JSK,B203,,B203,,,,,,N,,,
,5,,11:20 AM,,,,,,,,,,,,,,,,,,,,,,,,,,,,,,,,,,,,,,,LAB,,,,,,,,UME754L/UME743L,,,,,,,,,,,,UEE708L,,,,,,UME722T,,,,URA701P,,UCT702P,,UCT701P,,UCT723P,,UBT610L,,,,,,,,,,,,,,,,,,,,,,,,,,,,,,,,UEC719L,,,,,,,,LAB,,LAB,,,,,,,5,,11:20 AM
E,,,,,,,,,,,,,,,,,,,,,,,,,,,,,,,,,,,,,,,,,,SP,,,,,,,,F206/F207,,,,,,,,,,,VKS/RJS,F208,,,,,SJ,F310,TKB,,,CAD-3(D101),,ED2(L209),,IOT(L302),,GA(L430),,F302,,,MG,,,,,,,,,,,,,,,,,,,,,,,,,,,,,B209,,,,,,,RSK,RAK,,RAK,,,,,,E,,,
,6,,12:10 PM,,,,,,,,,,,,,,,,,,,UCS002L/UHU018/UHU016/UMA069L,,,,,,,,,,,,,,,,,,,,UCS002L/UHU018/UHU016/UMA069L,,,,,,,,UME741L/UME744L,,,,,,,,,,,,,,,,UME722T,,,,UME722T,,LAB,,LAB,,LAB,,LAB,,UBT837L/UBT839L,,,,UCS002/UHU018/UHU016/UMA069L,,,,,,,,,,,,,,,,,,,,,,,,,,,,,,,,,,,,,,,,,,,,,6,,12:10 PM
S,,,,,,,,,,,,,,,,,,,,,,LT101/LP106/B303/F201,,,,,,,,,,,,,,,SUS/RKS/PS/AM,,,,,LT101/LP106/B303/F201,,,,,,,SUS/RKS/PS/AM,F109/F110,,,,,,,,,,,VG/ASO,,,,,F309,JPT,,,F310,TKB,RAR,,SMA,,ASH,,NS,,F302/F208,,,SDS/MVR,LT101/LP106/B303/F201,,,,,,,,,,,,,,,,,,,,,,,,,,,,,,,,,,,,,,,,,SUS/RKS/PS/AM,,,S,,,
,7,,1:00 PM,,,,,,,,,,,,,,,,,,,UTD004L,,,,,,,,,,,,,,,,,,,,UTD004L,,,,,,,,,,,,,,,,,,,,,,,,,,,,,,,,,,,,,,,,,,UTD004L,,,,,,,,,,,,,,,,,,,,,,,,,,,,,,,,,,,,,,,,,,,,,7,,1:00 PM
D,,,,,,,,,,,,,,,,,,,,,,LT102,,,,,,,,,,,,,,,VK,,,,,LT102,,,,,,,VK,,,,,,,,,,,,,,,,,,,,,,,,,,,,,,,,,,,LT102,,,,,,,,,,,,,,,,,,,,,,,,,,,,,,,,,,,,,,,,,,,VK,D,,,
,8,,1:50 PM,,,,,,,,,,,,,,,,,,,,,,,,,,,,,,,,,ULC603P,,,,,,,,,,,,,,,,,,,,,,,,,,UCS760P,,UCS760P,,,,,,,,,,,,,,UCT732P,,,,,,,,,,,,,,,,,,,,,,UEC640P,,,,,,,,UVD701P,,,,UEC752P/UEC630P,,,,,,,,,,,,,,,,,8,,1:50 PM
A,,,,,,,,,,,,,,,,,,,,,,,,,,,,,,,,,,,,PE(C113),,,,,,,,,,,,,,,,,,,,,,,,,,CG1(L429),,IOT(L302),,,,,,,,,,,,,,GA(L002),,,,,,,,,,,,,,,,,,,,,,C210,,,,,,,,C221,,,,B106/C211,,,,,,,,,,,,,,,,A,,,
,9,,2:40 PM,,,,,,,,,,,,,,,,,,,UEI712L,,,,,,,,,,,,ULC703T,,LAB,,,,,,,,,,,,,,,,,,,,,,,,,,LAB,,LAB,,,,,,,,,,,,,,LAB,,UBT832L,,,,,,,,,,,,,,,,,,,,LAB,,,,,,,,LAB,,,,LAB,,,,,,,,,,,,,,,,,9,,2:40 PM
Y,,,,,,,,,,,,,,,,,,,,,,E107,,,,,ROS,,,,,,,E313,ASG,TA10,,,,,,,,,,,,,,,,,,,,,,,,,,HMK,,ABS-CRA,,,,,,,,,,,,,,SMG,,F306,,,JS,,,,,,,,,,,,,,,,,APC16,,,,,,,,RS,,,,,,,,,,,,,,,,,,,,Y,,,
,10,,3:30 PM,,,,,,,,,,,,,,,,,,,UEI801L,,,,,,ULC603L,,,,,,,,,,,,,,,,,,,,,,,,,,,,,,,,,,UEE703P,,,,,,UCS760P,,UCS760P,,,,UCT721/UCT723L,,,,,,,,,,UEC823L,,,,,,,,,,,,,,,,,,,,,,UEC519L,,,,,,,,,,UEC719P,,UEC719P,,,,,,,,,,,10,,3:30 PM
,,,,,,,,,,,,,,,,,,,,,,E107,,,,,SNP,B208,,,,,,,,,RPN,,,,,,,,,,,,,,,,,,,,,,,,,PE(C113),,,,,,CG1(L429),,IOT(L302),,,,E106/PGAS-2(L410),,,,,,,,,,B307,,,,,,,,,,,,,,,,,,,,,MKA,B309,,,,,HSS,,,,,C211,,C211,,,,,,,,,,,,,
,11,,4:20 PM,,,,,,,,,,,,,,,,,,,UEI735L/UEI733L,,,,,,ULC703L,,,,,,,,,,,,,,,,,,,,,,,,,,,,,,,,,,LAB,,,,,,LAB,,LAB,,,,LAB,,,,,,,,,,,,,,,,,,,,,,,,,,,,,,,,,,,,,,,,,,LAB,,LAB,,,,,,,,,,,11,,4:20 PM
,,,,,,,,,,,,,,,,,,,,,,E107/E108,,,,,ABP/DND,B208,,,,,,,,,ASG,,,,,,,,,,,,,,,,,,,,,,,,,TA16,,,,,,HMK,,ABS-CRA,,,,SEW/NS,,,,,,,,,,,,,,,,,,,,,,,,,,,,,,,,,,,,,,,,,,RSK,,RSK,,,,,,,,,,,,,
,12,,5:10PM,,,,,,,,,,,,,,,,,,,,,,,,,,,,,,,,,,,,,,,,,,,,,,,UCS671L,,,,,,UCS671L,,,,,,UCS671L,,,,,,UCS671L,,,,,,,,,,,,,,,,,,,,,,,,,,,,,,,,,,,,,,,,,,,,,,,,,,,,,,,,,,,,,12,,5:10PM
,,,,,,,,,,,,,,,,,,,,,,,,,,,,,,,,,,,,,,,,,,,,,,,,,,F206,,,,,HMG,F206,,,,,HMG,F206,,,,,HMG,F206,,,,,HMG,,,,,,,,,,,,,,,,,,,,,,,,,,,,,,,,,,,,,,,,,,,,,,,,,,,,,,,,,,
,13,,6:00PM,,,,,,,,,,,,,,,,,,,,,,,,,,,,,,,,,,,,,,,,,,,,,,,UCS671L,,,,,,UCS671L,,,,,,UCS671L,,,,,,UCS671L,,,,,,,,,,,,,,,,,,,,,,,,,,,,,,,,,,,,,,,,,,,,,,,,,,,,,,,,,,,,,13,,6:00PM
,,,,,,,,,,,,,,,,,,,,,,,,,,,,,,,,,,,,,,,,,,,,,,,,,,F206,,,,,HMG,F206,,,,,HMG,F206,,,,,HMG,F206,,,,,HMG,,,,,,,,,,,,,,,,,,,,,,,,,,,,,,,,,,,,,,,,,,,,,,,,,,,,,,,,,,
,14,,6:50PM,,,,,,,,,,,,,,,,,,,,,,,,,,,,,,,,,,,,,,,,,,,,,,,,,,,,,,,,,,,,,,,,,,,,,,,,,,,,,,,,,,,,,,,,,,,,,,,,,,,,,,,,,,,,,,,,,,,,,,,,,,,,,,14,,6:50PM
,,,,,,,,,,,,,,,,,,,,,,,,,,,,,,,,,,,,,,,,,,,,,,,,,,,,,,,,,,,,,,,,,,,,,,,,,,,,,,,,,,,,,,,,,,,,,,,,,,,,,,,,,,,,,,,,,,,,,,,,,,,,,,,,,,,
,1,,8:00 AM,,,,,,,,,,,,,,,,,,,UCS002L/UHU018/UHU016/UMA069L,,,,,,,,,,,,,,,,,,,,UCS002L/UHU018/UHU016/UMA069L,,,,,,,,URA741P,,,,,,,,,,,,,,UME708P,,,,,,,,,,,,,,,,,,,,UCS002/UHU018/UHU016/UMA069L,,,,,,,,,,,,,,,,,,,,,,,,,,,,,,,,,,,,,,,,,,,,,1,,8:00 AM
T,,,,,,,,,,,,,,,,,,,,,,LT101/LP106/B303/F201,,,,,,,,,,,,,,,SUS/RKS/PS/AM,,,,,LT101/LP106/B303/F201,,,,,,,SUS/RKS/PS/AM,BAJAJ,,,,,,,,,,,,,,PE(C113),,,,,,,,,,,,,,,,,,,,LT101/LP106/B303/F201,,,,,,,,,,,,,,,,,,,,,,,,,,,,,,,,,,,,,,,,,SUS/RKS/PS/AM,,,T,,,
,2,,8:50 AM,,,,,,,,,,,,,,,,,,,UTD004L,,,,,,,,,,,,,,,,,,,,UTD004L,,,,,,,,LAB,,,,,,,,,,,,,,LAB,,,,,,,,,,,,,,,,UBT802T,,,,UTD004L,,,,,,,,,,,,,,,,,,,,,,,,,,,,,,,,,,,,,,,,,,,,,2,,8:50 AM
H,,,,,,,,,,,,,,,,,,,,,,LT102,,,,,,,,,,,,,,,VK,,,,,LT102,,,,,,,VK,PKW,,,,,,,,,,,,,,SJ,,,,,,,,,,,,,,,,F302,JM,,,LT102,,,,,,,,,,,,,,,,,,,,,,,,,,,,,,,,,,,,,,,,,,,VK,H,,,
,3,,9:40 AM,,,,,,,,,,,,,,,,,,,,,UEI801P,,,,,,,,,,,,,,,,,,,,UMA601P,,,,UMA601T,,,,,,,,,,,,,,UEE703L,,,,,,UME722L,,,,,,,,,,,,UBT610L,,,,UEC642L,,,,,,,,,,,,,,,,,,,,,,,,,,,,,,,,,,,,,,,,,,,,,3,,9:40 AM
U,,,,,,,,,,,,,,,,,,,,,,,,PDC(C220),,,,,,,,,,,,,,,,,,,,PSS(H220),,,,E107,TA6,,,,,,,,,,,,,F207,,,,,SJ,F206,,,,,TKB,,,,,,,F302,,,MG,B307,,,,,,,,,,,AJK,,,,,,,,,,,,,,,,,,,,,,,,,,,,,,,,,U,,,
,4,,10:30 AM,,,,,,,,,,,,,,,,,,,,,LAB,,,,,,,,,,,,,,,,UBM702L,,,,LAB,,,,,,,,,,,,,,,,,,UME722L,,,,,,URA701L,,,,,,UCT732L,,,,,,,,,,UEC640L,,,,,,,,,,,,,,,,,,,,,,,,,,,,,,,,,,,,UEC719L,,,,,,,,,4,,10:30 AM
R,,,,,,,,,,,,,,,,,,,,,,,,SWT,,,,,,,,,,,,,,,,E313,SAH,,,DM,,,,,,,,,,,,,,,,,,F207,,,,,JPT,F206,,,,,RAR,E107,,,,,SMG,,,,,B307,,,,,,,,,,,HVR,,,,,,,,,,,,,,,,,,,,,,,,,B209,,,,,,,AMJ,R,,,
,5,,11:20 AM,,,,,,,,,,,,,,,,,,,UEI744L/UEI743+UEI831L,,,,,,,,,,ULC603P,,,,,,,,UBM706L,,,,,,,,,,UCS668L/URA413L,,,,,,,,,,,,,,,,,,,,,,,,UCT703L,,,,,,UBT802L,,,,,,,,,,UEC642P,,UEC642P,,UEC640P,,UEC640P,,,,,,,,,,UEC634L/UVD714L,,,,,,UEC630L,,,,,,,,,,,,,,,,,5,,11:20 AM
S,,,,,,,,,,,,,,,,,,,,,,E108/E307,,,,,NJS/DBM,,,,,PE(C113),,,,,,,,E313,SNP,,,,,,,,,CSED ROOM/E107,,,,,,,,,,,,,,,,,,,,,,,CSED/DKJ,E106,,,,,IC,F302,,,JM,,,,,,,C333,,C333,,C210,,C210,,,,,,,,,,F303/F304,,,,,AJK/UKS,F203,,,,,,,GTJ,,,,,,,,,S,,,
,6,,12:10 PM,,,,,,,,,,,,,,,,,,,UEI744L/UEI743+UEI831T,,,,,,,,,,LAB,,,,,,,,UBM701L,,,,,,,,,,UCS668L/URA731L/UME742L/UME741L/UME744L,,,,,,,,,,,,UCS668L/URA731L,,,,,,,,,,,,UHU048L,,,,,,UBT844L/UBT846L,,,,,,,,,,LAB,,LAB,,LAB,,LAB,,,,,,,,,,UEC634L,,,,,,UEC719L,,,,,,,,,,,,,,,,,6,,12:10 PM
D,,,,,,,,,,,,,,,,,,,,,,E108/E307,,,,,NJS/DBM,,,,,TA8,,,,,,,,E313,JS,,,,,,,,,CSED/B303/F109/F110/F11,,,,,,,,,,CSED/DMG/RTK/VG/ASO,,CSED/B303,,,,,,,,,,,CSED/DMG,E106,,,,,ANP,F302/F208,,,DG/NL,,,,,,,SS,,SS,,KSS,,KSS,,,,,,,,,,F303,,,,,AJK,B209,,,,,,,RSK,,,,,,,,,D,,,
,7,,1:00 PM,,,,,,,,,,,,,,,,,,,,,,,,,,,,,,,,,,,,,,,,,,,,,,,,,,,,,,,,,,,,,,,,,,,,,,,,,,,,,,,,,,,,,,,,,,,,,,,,,,,,,,,,,,,,,,,,,,,,,,,,,,,,,,7,,1:00 PM
A,,,,,,,,,,,,,,,,,,,,,,,,,,,,,,,,,,,,,,,,,,,,,,,,,,,,,,,,,,,,,,,,,,,,,,,,,,,,,,,,,,,,,,,,,,,,,,,,,,,,,,,,,,,,,,,,,,,,,,,,,,,,,,,,A,,,
,8,,1:50 PM,,,,,,,,,,,,,,,,,,,,,,,,,,,,,ULC703T,,,,,,,,UBM706P,,UMA601P,,ULC603P,,UMA601P,,,,UCS760P/URA751P/UME754P/UME743P,,,,,,,,,,,,URA751P,,,,,,,,,,,,UHU047T,,,,UCT723T,,,,,,,,,,,,,,,,,,UEC642P,,UEC642P,,,,,,,,,,UEC519P,,,,,,,,,,,,UEC719P,,UEC719P,,,,,,,8,,1:50 PM
Y,,,,,,,,,,,,,,,,,,,,,,,,,,,,,,,,E313,ASG,,,,,,,BMC(C323),,PSS(H220),,PE(C113),,NETWORK(H223),,,,CSED/IA(214)/MT(H104)/CAM(H107),,,,,,,,,,,,IA(214),,,,,,,,,,,,E110,RKS,,,PGAS-2(L410),NS,,,,,,,,,,,,,,,,,C328,,C328,,,,,,,,,,B214,,,,,,,,,,,,C211,,C211,,,,,,Y,,,
,9,,2:40 PM,,,,,,,,,,,,,,,,,,,UEI712P/UEI733P,,,,,,UCS646P/UCS635P(GROUP-2),,,,,,,,,,,,LAB,,LAB,,LAB,,LAB,,,,LAB,,,,,,,,,,,,LAB,,,,,,,,,,,,UCT723T/UCT721T,,,,,,,,,,,,,,,,,,,,,,LAB,,LAB,,,,,,,,,,LAB,,,,,,,,,,,,LAB,,LAB,,,,,,,9,,2:40 PM
,,,,,,,,,,,,,,,,,,,,,,IOT(D206B)/TFS(C225),,,,,,BMC(C323)/ISD(C223),,,,,,,,,,,,SNP,,DM,,SKA,,TA6,,,,CSED/NF/VKS/RJS,,,,,,,,,,,,NF,,,,,,,,,,,,PGAS-2(L410)/E103,,,,,NS/SEW,,,,,,,,,,,,,,,,,AJK,,AJK,,,,,,,,,,AKS,,,,,,,,,,,,AMJ,,AMJ,,,,,,,,,
,10,,3:30 PM,,,,,,,,,,,,,,,,,,,LAB,,,,,,LAB,,,,,,,,,,,,,,,,,,ULC603P,,,,CAPSTONE PROJECT,,,,,,CAPSTONE PROJECT,,,,,,CAPSTONE PROJECT,,,,,,CAPSTONE PROJECT,,,,,,UCT723P/UCT721P,,,,,,UBT832L,,,,,,,,,,,,,,,,,,,,,,,,,,,,,,,,,,,,,,,,,,,,UEC719P,,UEC719P,,,10,,3:30 PM
,,,,,,,,,,,,,,,,,,,,,,ROS/DND,,,,,,SSH/JPK,,,,,,,,,,,,,,,,,,PE(C113),,,,,,,,,,,,,,,,,,,,,,,,,,,,IS-2(L409)/GA(L002),,,,,,F305,,,JS,,,,,,,,,,,,,,,,,,,,,,,,,,,,,,,,,,,,,,,,,C211,,C211,,,,,
,11,,4:20 PM,,,,,,,,,,,,,,,,,,,UEI712L,,,,,,,,,,,,,,,,,,,,,,,,LAB,,,,,,,,,,,,,,,,,,,,,,,,,,,,LAB,,,,,,,,,,,,,,,,,,,,,,,,,,,,,,,,,,,,,,,,,,,,,,,,,,LAB,,LAB,,,11,,4:20 PM
,,,,,,,,,,,,,,,,,,,,,,E107,,,,,ROS,,,,,,,,,,,,,,,,,,,TA10,,,,,,,,,,,,,,,,,,,,,,,,,,,,NS/SEW,,,,,,,,,,,,,,,,,,,,,,,,,,,,,,,,,,,,,,,,,,,,,,,,,,RSK,,RSK,,,,,
,12,,5:10 PM,,,,,,,,,,,,,,,,,,,,,,,,,,,,,,,,,,,,,,,,,,,,,,,,,,,,,,,,,,,,,,,,,,,,,,,,,,,,,,,,,,,,,,,,,,,,,,,,,,,,,,,,,,,,,,,,,,,,,,,,,,,,,,12,,5:10 PM
,,,,,,,,,,,,,,,,,,,,,,,,,,,,,,,,,,,,,,,,,,,,,,,,,,,,,,,,,,,,,,,,,,,,,,,,,,,,,,,,,,,,,,,,,,,,,,,,,,,,,,,,,,,,,,,,,,,,,,,,,,,,,,,,,,,
,13,,6:00PM,,,,,,,,,,,,,,,,,,,,,,,,,,,,,,,,,,,,,,,,,,,,,,,,,,,,,,,,,,,,,,,,,,,,,,,,,,,,,,,,,,,,,,,,,,,,,,,,,,,,,,,,,,,,,,,,,,,,,,,,,,,,,,13,,6:00PM
,,,,,,,,,,,,,,,,,,,,,,,,,,,,,,,,,,,,,,,,,,,,,,,,,,,,,,,,,,,,,,,,,,,,,,,,,,,,,,,,,,,,,,,,,,,,,,,,,,,,,,,,,,,,,,,,,,,,,,,,,,,,,,,,,,,
,14,,6:50PM,,,,,,,,,,,,,,,,,,,,,,,,,,,,,,,,,,,,,,,,,,,,,,,,,,,,,,,,,,,,,,,,,,,,,,,,,,,,,,,,,,,,,,,,,,,,,,,,,,,,,,,,,,,,,,,,,,,,,,,,,,,,,,14,,6:50PM
,,,,,,,,,,,,,,,,,,,,,,,,,,,,,,,,,,,,,,,,,,,,,,,,,,,,,,,,,,,,,,,,,,,,,,,,,,,,,,,,,,,,,,,,,,,,,,,,,,,,,,,,,,,,,,,,,,,,,,,,,,,,,,,,,,,
,1,,8:00 AM,,,,,,,,,,,,,,,,,,,,,,,,,,,,,,,,,,,,,,,,,,,,,,,UCS671P,,,,,,UCS671P,,,,,,UME722P,,,,,,,,,,,,,,,,,,,,,,UEC823P,,,,,,,,,,,,,,,,,,,,,,,,,,,,,,,,,,,,,,,,,,,,,1,,8:00 AM
F,,,,,,,,,,,,,,,,,,,,,,,,,,,,,,,,,,,,,,,,,,,,,,,,,,NS2(L103),,,,,,IOT(L302),,,,,,CAD-3(D101),,,,,,,,,,,,,,,,,,,,,,C328,,,,,,,,,,,,,,,,,,,,,,,,,,,,,,,,,,,,,,,,,,,,F,,,
,2,,8:50 AM,,,,,,,,,,,,,,,,,,,,,,,,,,,,,,,,,,,,,UBM603L,,,,,,,,,,LAB,,,,,,LAB,,,,,,LAB,,UME722T,,,,,,,,,,,,,,,,,,,,LAB,,,,,,,,,,,,,,,,,,,,,,,,,,,,,,,,,,,,,,,,,,,,,2,,8:50 AM
R,,,,,,,,,,,,,,,,,,,,,,,,,,,,,,,,,,,,,,,,E313,SWT,,,,,,,,,HMG,,,,,,ABP-RA,,,,,,JPT,,F309,VDS,,,,,,,,,,,,,,,,,,,MKA,,,,,,,,,,,,,,,,,,,,,,,,,,,,,,,,,,,,,,,,,,,,R,,,
,3,,9:40 AM,,,,,,,,,,,,,,,,,,,,,,,,,ULC703T,,,,,,,,,,,,UBM701L,,,,,,,,,,,,,,,,,,,,,,UME722L,,,,,,UME722P,,URA701P,,UME722T,,UHU049L,,,,,,,,,,UEC642L,,,,,,,,,,,,,,,,,,,,,,,,,,,,,,,,,,,,,,,,,,,,,3,,9:40 AM
I,,,,,,,,,,,,,,,,,,,,,,,,,,,,E301,ASG,,,,,,,,,,,E313,JS,,,,,,,,,,,,,,,,,,,,,F206,,,,,JPT,CAD3(D101),,CAM(H107),,F309,VDS,E108,,,,,ANS,,,,,B307,,,,,,,,,,,AJK,,,,,,,,,,,,,,,,,,,,,,,,,,,,,,,,,I,,,
,4,,10:30 AM,,,,,,,,,,,,,,,,,,,,,,,UEI801P,,ULC701L,,,,,,,,,,,,UBM706L,,UMA601L,,,,,,,,,,,,,,,,,,,,UME708L,,,,,,LAB,,LAB,,,,UHU047L,,,,,,UBT837L/839L,,,,UEC735L/UEC823L,,,,,,,,,,,,,,,,,,,,,,,,,,,,,,,,,,,,,,,,,,,,,4,,10:30 AM
D,,,,,,,,,,,,,,,,,,,,,,,,,,PDC(C220),,B208,,,,,,,,,PAW,,,E313,SNP,E107,,,,,,,DM,,,,,,,,,,,,,F206,,,,,SJ,TKB,,RAR,,,,E108,,,,,RKS,F302/F309,,,SDS/MVR,B307/F303,,,,,,,,,,,,,,,,,,,,,DVG/MKA,,,,,,,,,,,,,,,,,,,,,,,D,,,
,5,,11:20 AM,,,,,,,,,,,,,,,,,,,,,,,LAB,,,,,,,,ULC603P,,,,,,,,ULC603L,,,,,,,,URA753L,,,,,,,,,,,,URA753L/UME715L,,,,,,,,,,,,UCT732L,,,,,,UBT844L/846L,,,,,,,,,,,,,,,,UEC640L,,,,,,,,,,,,,,UEC519T,,,,,,,,,,,,,,,,,,,5,,11:20 AM
A,,,,,,,,,,,,,,,,,,,,,,,,,,SWT,,,,,,,,PE(C113),,,,,,,,E107,,,,,,,SKA,F206,,,,,,,,,,,JPT,F206/F110,,,,,,,,,,,JPT/ASO,E108,,,,,SMG,F302/F208,,,DG/NL,,,,,,,,,,,,,B307,,,,,,,,,KSS,,,,,B311,APC15,,,,,,,,,,,,,,,,,A,,,
,6,,12:10 PM,,,,,,,,,,,,,,,,,,,,,,,,,,,ULC703T,,,,LAB,,,,,,,,,,,,,,,,UME752LL/URA741L,,,,,,,,,,,,,,,,,,,,,,,,UCT701L,,,,,,,,UBT802T,,,,,,,,,,,,,,UEC642L,,,,,,,,,,UEC519L,,,,,,,,,,,,,,,,,,,,,,,6,,12:10 PM
Y,,,,,,,,,,,,,,,,,,,,,,,,,,,,,,E301,ASG,,,TA11,,,,,,,,,,,,,,,,F206/F110,,,,,,,,,,,,,,,,,,,,,,,APH/PKW,E106,,,,,ASH,,,F302,JM,,,,,,,,,,,,,B307,,,,,,,,,SS,B309,,,,,HSS,,,,,,,,,,,,,,,,,Y,,,
,7,,1:00 PM,,,,,,,,,,,,,,,,,,,UEI801T,,UEI801T,,,,,,,,,,,,,,,,,,,,,,,,,,,,,,,,,,,,,,,,,,,,,,,,,,,,,,,,,,,,,,,,,,,,,,,,,,,,,,,,,,,,,,,,,,,,,,,,,,,,,,,,,7,,1:00 PM
,,,,,,,,,,,,,,,,,,,,,,E108,TA8,E107,SWT,,,,,,,,,,,,,,,,,,,,,,,,,,,,,,,,,,,,,,,,,,,,,,,,,,,,,,,,,,,,,,,,,,,,,,,,,,,,,,,,,,,,,,,,,,,,,,,,,,,,,,,,,,
,8,,1:50 PM,,,,,,,,,,,,,,,,,,,UEI735P/-,,,,,,,,,,,,,,,,,,,,,,,,,,,,,,,,,,,,,,,,UME715T,,,,,,,,,,,,UHU049P,,,,,,,,,,UEC642P,,UEC642P,,,,,,,,,,,,,,,,UEC640P,,UEC640P,,UEC634P,,,,,,,,,,,,,,,,,,,,,,,8,,1:50 PM
,,,,,,,,,,,,,,,,,,,,,,PE(C113),,,,,,,,,,,,,,,,,,,,,,,,,,,,,,,,,,,,,,,,F110,,,,,,,,,,,,E108,,,,,,,,,,C333,,C333,,,,,,,,,,,,,,,,C210,,C210,,C211,,,,,,,,,,,,,,,,,,,,,,,,,
,9,,2:40 PM,,,,,,,,,,,,,,,,,,,LAB,,,,,,,,,,,,,,,,,,,,,,,,,,,,,,,,,,,,,,,,ASO,,,,,,,,,,,,ANS,,,,,,,,,,LAB,,LAB,,,,,,,,,,,,,,,,LAB,,LAB,,LAB,,,,,,,,,,,,,,,,,,,,,,,9,,2:40 PM
,,,,,,,,,,,,,,,,,,,,,,ABP/_,,,,,,,,,,,,,,,,,,,,,,,,,,,,,,,,,,,,,,,,,,,,,,,,,,,,,,,,,,,,,,SS,,SS,,,,,,,,,,,,,,,,KSS,,KSS,,AJK,,,,,,,,,,,,,,,,,,,,,,,,,
,10,,3:30 PM,,,,,,,,,,,,,,,,,,,?/UEI743+UEI831T,,,,,,,,,,,,,,,,,,,,,,,,,,,,UCS668P/UME730P,,,,,,,,,,,,,,,,UME708P,,,,UME722P,,,,,,UCT732P,,,,,,,,,,,,,,,,,,,,,,,,,,,,,,,,,,,,,,,,,,,,,,,,,,,,,10,,3:30 PM
,,,,,,,,,,,,,,,,,,,,,,?/E307,,,,,?/DBM,,,,,,,,,,,,,,,,,,,,,,,CSDE/CAM(H107),,,,,,,,,,,,,,,,PE(C113),,,,CAD3(D101),,,,,,GA(L002),,,,,,,,,,,,,,,,,,,,,,,,,,,,,,,,,,,,,,,,,,,,,,,,,,,,,,,
,11,,4:20 PM,,,,,,,,,,,,,,,,,,,,,,,,,,,,,,,,,,,,,,,,,,,,,,,LAB,,,,,,,,,,,,,,,,LAB,,,,LAB,,,,,,LAB,,,,,,,,,,,,,,,,,,,,,,,,,,,,,,,,,,,,,,,,,,,,,,,,,,,,,11,,4:20 PM
,,,,,,,,,,,,,,,,,,,,,,,,,,,,,,,,,,,,,,,,,,,,,,,,,,CSED/SAT,,,,,,,,,,,,,,,,SJ,,,,TKB,,,,,,SMG,,,,,,,,,,,,,,,,,,,,,,,,,,,,,,,,,,,,,,,,,,,,,,,,,,,,,,,
,12,,5:10PM,,,,,,,,,,,,,,,,,,,,,,,,,,,,,,,,,,,,,,,,,,,,,,,,,,,,,,,,,,,,,,,,,,,,,,,,,,,,,,,,,,,,,,,,,,,,,,,,,,,,,,,,,,,,,,,,,,,,,,,,,,,,,,12,,5:10PM
,,,,,,,,,,,,,,,,,,,,,,,,,,,,,,,,,,,,,,,,,,,,,,,,,,,,,,,,,,,,,,,,,,,,,,,,,,,,,,,,,,,,,,,,,,,,,,,,,,,,,,,,,,,,,,,,,,,,,,,,,,,,,,,,,,,
,13,,6:00PM,,,,,,,,,,,,,,,,,,,,,,,,,,,,,,,,,,,,,,,,,,,,,,,,,,,,,,,,,,,,,,,,,,,,,,,,,,,,,,,,,,,,,,,,,,,,,,,,,,,,,,,,,,,,,,,,,,,,,,,,,,,,,,13,,6:00PM
,,,,,,,,,,,,,,,,,,,,,,,,,,,,,,,,,,,,,,,,,,,,,,,,,,,,,,,,,,,,,,,,,,,,,,,,,,,,,,,,,,,,,,,,,,,,,,,,,,,,,,,,,,,,,,,,,,,,,,,,,,,,,,,,,,,
,14,,6:50PM,,,,,,,,,,,,,,,,,,,,,,,,,,,,,,,,,,,,,,,,,,,,,,,,,,,,,,,,,,,,,,,,,,,,,,,,,,,,,,,,,,,,,,,,,,,,,,,,,,,,,,,,,,,,,,,,,,,,,,,,,,,,,,14,,6:50PM
,,,,,,,,,,,,,,,,,,,,,,,,,,,,,,,,,,,,,,,,,,,,,,,,,,,,,,,,,,,,,,,,,,,,,,,,,,,,,,,,,,,,,,,,,,,,,,,,,,,,,,,,,,,,,,,,,,,,,,,,,,,,,,,,,,,
,1,,8:00 AM,,,,,,,,,,,,,,,,,,,,,,,,,,,,,,,,,,,,,,,,,,,,,,,,,,,,,,,,,,,,,,,,,,,,,,,,,,,,,,,,,,,,,,,,,,,,,,,,,,,,,,,,,,,,,,,,,,,,,,,,,,,,,,1,,8:00 AM
S,,,,,,,,,,,,,,,,,,,,,,,,,,,,,,,,,,,,,,,,,,,,,,,,,,,,,,,,,,,,,,,,,,,,,,,,,,,,,,,,,,,,,,,,,,,,,,,,,,,,,,,,,,,,,,,,,,,,,,,,,,,,,,,,S,,,
,2,,8:50 AM,,,,,,,,,,,,,,,,,,,,,,,,,,,,,,,,,,,,,,,,,,,,,,,,,,,,,,,,,,,,,,,,,,,,,,,,,,,,,,,,,,,,,,,,,,,,,,,,,,,,,,,,,,,,,,,,,,,,,,,,,,,,,,2,,8:50 AM
A,,,,,,,,,,,,,,,,,,,,,,,,,,,,,,,,,,,,,,,,,,,,,,,,,,,,,,,,,,,,,,,,,,,,,,,,,,,,,,,,,,,,,,,,,,,,,,,,,,,,,,,,,,,,,,,,,,,,,,,,,,,,,,,,A,,,
,3,,9:40 AM,,,,,,,,,,,,,,,,,,,,,,,,,,,,,,,,,,,,,,,,,,,,,,,,,,,,,,,,,,,,,,,,,,,,,,,,,,,,,,,,,,,,,,,,,,,,,,,,,,,,,,,,,,,,,,,,,,,,,,,,,,,,,,3,,9:40 AM
,,,,,,,,,,,,,,,,,,,,,,,,,,,,,,,,,,,,,,,,,,,,,,,,,,,,,,,,,,,,,,,,,,,,,,,,,,,,,,,,,,,,,,,,,,,,,,,,,,,,,,,,,,,,,,,,,,,,,,,,,,,,,,,,,,,
T,4,,10:30 AM,,,,,,,,,,,,,,,,,,,,,,,,,,,,,,,,,,,,,,,,,,,,,,,,,,,,,,,,,,,,,,,,,,,,,,,,,,,,,,,,,,,,,,,,,,,,,,,,,,,,,,,,,,,,,,,,,,,,,,,,,,,,,T,4,,10:30 AM
,,,,,,,,,,,,,,,,,,,,,,,,,,,,,,,,,,,,,,,,,,,,,,,,,,,,,,,,,,,,,,,,,,,,,,,,,,,,,,,,,,,,,,,,,,,,,,,,,,,,,,,,,,,,,,,,,,,,,,,,,,,,,,,,,,,
U,5,,11:20 AM,,,,,,,,,,,,,,,,,,,,,,,,,,,,,,,,,,,,,,,,,,,,,,,,,,,,,,,,,,,,,,,,,,,,,,,,,,,,,,,,,,,,,,,,,,,,,,,,,,,,,,,,,,,,,,,,,,,,,,,,,,,,,U,5,,11:20 AM
,,,,,,,,,,,,,,,,,,,,,,,,,,,,,,,,,,,,,,,,,,,,,,,,,,,,,,,,,,,,,,,,,,,,,,,,,,,,,,,,,,,,,,,,,,,,,,,,,,,,,,,,,,,,,,,,,,,,,,,,,,,,,,,,,,,
R,6,,12:10 PM,,,,,,,,,,,,,,,,,,,,,,,,,,,,,,,,,,,,,,,,,,,,,,,,,,,,,,,,,,,,,,,,,,,,,,,,,,,,,,,,,,,,,,,,,,,,,,,,,,,,,,,,,,,,,,,,,,,,,,,,,,,,,R,6,,12:10 PM
,,,,,,,,,,,,,,,,,,,,,,,,,,,,,,,,,,,,,,,,,,,,,,,,,,,,,,,,,,,,,,,,,,,,,,,,,,,,,,,,,,,,,,,,,,,,,,,,,,,,,,,,,,,,,,,,,,,,,,,,,,,,,,,,,,,
D,7,,1:00 PM,,,,,,,,,,,,,,,,,,,,,,,,,,,,,,,,,,,,,,,,,,,,,,,,,,,,,,,,,,,,,,,,,,,,,,,,,,,,,,,,,,,,,,,,,,,,,,,,,,,,,,,,,,,,,,,,,,,,,,,,,,,,,D,7,,1:00 PM
,,,,,,,,,,,,,,,,,,,,,,,,,,,,,,,,,,,,,,,,,,,,,,,,,,,,,,,,,,,,,,,,,,,,,,,,,,,,,,,,,,,,,,,,,,,,,,,,,,,,,,,,,,,,,,,,,,,,,,,,,,,,,,,,,,,
A,8,,1:50 PM,,,,,,,,,,,,,,,,,,,,,,,,,,,,,,,,,,,,,,,,,,,,,,,,,,,,,,,,,,,,,,,,,,,,,,,,,,,,,,,,,,,,,,,,,,,,,,,,,,,,,,,,,,,,,,,,,,,,,,,,,,,,,A,8,,1:50 PM
,,,,,,,,,,,,,,,,,,,,,,,,,,,,,,,,,,,,,,,,,,,,,,,,,,,,,,,,,,,,,,,,,,,,,,,,,,,,,,,,,,,,,,,,,,,,,,,,,,,,,,,,,,,,,,,,,,,,,,,,,,,,,,,,,,,
Y,9,,2:40 PM,,,,,,,,,,,,,,,,,,,,,,,,,,,,,,,,,,,,,,,,,,,,,,,,,,,,,,,,,,,,,,,,,,,,,,,,,,,,,,,,,,,,,,,,,,,,,,,,,,,,,,,,,,,,,,,,,,,,,,,,,,,,,Y,9,,2:40 PM
,,,,,,,,,,,,,,,,,,,,,,,,,,,,,,,,,,,,,,,,,,,,,,,,,,,,,,,,,,,,,,,,,,,,,,,,,,,,,,,,,,,,,,,,,,,,,,,,,,,,,,,,,,,,,,,,,,,,,,,,,,,,,,,,,,,
,10,,3:30 PM,,,,,,,,,,,,,,,,,,,,,,,,,,,,,,,,,,,,,,,,,,,,,,,,,,,,,,,,,,,,,,,,,,,,,,,,,,,,,,,,,,,,,,,,,,,,,,,,,,,,,,,,,,,,,,,,,,,,,,,,,,,,,,10,,3:30 PM
,,,,,,,,,,,,,,,,,,,,,,,,,,,,,,,,,,,,,,,,,,,,,,,,,,,,,,,,,,,,,,,,,,,,,,,,,,,,,,,,,,,,,,,,,,,,,,,,,,,,,,,,,,,,,,,,,,,,,,,,,,,,,,,,,,,
,11,,4:20 PM,,,,,,,,,,,,,,,,,,,,,,,,,,,,,,,,,,,,,,,,,,,,,,,,,,,,,,,,,,,,,,,,,,,,,,,,,,,,,,,,,,,,,,,,,,,,,,,,,,,,,,,,,,,,,,,,,,,,,,,,,,,,,,11,,4:20 PM
,,,,,,,,,,,,,,,,,,,,,,,,,,,,,,,,,,,,,,,,,,,,,,,,,,,,,,,,,,,,,,,,,,,,,,,,,,,,,,,,,,,,,,,,,,,,,,,,,,,,,,,,,,,,,,,,,,,,,,,,,,,,,,,,,,,
,12,,5:10PM,,,,,,,,,,,,,,,,,,,,,,,,,,,,,,,,,,,,,,,,,,,,,,,,,,,,,,,,,,,,,,,,,,,,,,,,,,,,,,,,,,,,,,,,,,,,,,,,,,,,,,,,,,,,,,,,,,,,,,,,,,,,,,12,,5:10PM
,,,,,,,,,,,,,,,,,,,,,,,,,,,,,,,,,,,,,,,,,,,,,,,,,,,,,,,,,,,,,,,,,,,,,,,,,,,,,,,,,,,,,,,,,,,,,,,,,,,,,,,,,,,,,,,,,,,,,,,,,,,,,,,,,,,
,13,,6:00PM,,,,,,,,,,,,,,,,,,,,,,,,,,,,,,,,,,,,,,,,,,,,,,,,,,,,,,,,,,,,,,,,,,,,,,,,,,,,,,,,,,,,,,,,,,,,,,,,,,,,,,,,,,,,,,,,,,,,,,,,,,,,,,13,,6:00PM
,,,,,,,,,,,,,,,,,,,,,,,,,,,,,,,,,,,,,,,,,,,,,,,,,,,,,,,,,,,,,,,,,,,,,,,,,,,,,,,,,,,,,,,,,,,,,,,,,,,,,,,,,,,,,,,,,,,,,,,,,,,,,,,,,,,
,14,,6:50PM,,,,,,,,,,,,,,,,,,,,,,,,,,,,,,,,,,,,,,,,,,,,,,,,,,,,,,,,,,,,,,,,,,,,,,,,,,,,,,,,,,,,,,,,,,,,,,,,,,,,,,,,,,,,,,,,,,,,,,,,,,,,,,14,,6:50PM
,,,,,,,,,,,,,,,,,,,,,,,,,,,,,,,,,,,,,,,,,,,,,,,,,,,,,,,,,,,,,,,,,,,,,,,,,,,,,,,,,,,,,,,,,,,,,,,,,,,,,,,,,,,,,,,,,,,,,,,,,,,,,,,,,,,
TOTAL,,,,,,,,,,,,,,,,,,,,,,,,,,,,,,,,,,,,,,,,,,,,,,,,,,,,,,,,,,,,,,,,,,,,,,,,,,,,,,,,,,,,,,,,,,,,,,,,,,,,,,,,,,,,,,,,,,,,,,,,,,,,,,,,TOTAL,,,
HOURS,,,,,,,,,,,,,,,,,,,,,,,,,,,,,,,,,,,,,,,,,,,,,,,,,,,,,,,,,,,,,,,,,,,,,,,,,,,,,,,,,,,,,,,,,,,,,,,,,,,,,,,,,,,,,,,,,,,,,,,,,,,,,,,,HOURS,,,
SIGNATURE,,,,,,,,,,,,,,,,,,,,,,,,,,,,,,,,,,,,,,,,,,,,,,,,,,,,,,,,,,,,,,,,,,,,,,,,,,,,,,,,,,,,,,,,,,,,,,,,,,,,,,,,,,,,,,,,,,,,,,,,,,,,,,,,SIGNATURE,,,
,,,,,,,,,,,,,,,,,,,,,,,,,,,,,,,,,,,,,,,,,,,,,,,,,,,,,,,,,,,,,,,,,,,,,,,,,,,,,,,,,,,,,,,,,,,,,,,,,,,,,,,,,,,,,,,,,,,,,,,,,,,,,,,,,,,
,,,,,,,,,,,,,,,,,,,,,,,,,,,,,,,,,,,,,,,,,,,,,,,,,,,,,,,,,,,,,,,,,,,,,,,,,,,,,,,,,,,,,,,,,,,,,,,,,,,,,,,,,,,,,,,,,,,,,,,,,,,,,,,,,,,
,,,,,,,,,,,,,,,,,,,,,,,,,,,,,,,,,,,,,,,,,,,,,,,,,,,,,,,,,,,,,,,,,,,,,,,,,,,,,,,,,,,,,,,,,,,,,,,,,,,,,,,,,,,,,,,,,,,,,,,,,,,,,,,,,,,
,,,,,,,,,,,,,,,,,,,,,,,,,,,,,,,,,,,,,,,,,,,,,,,,,,,,,,,,,,,,,,,,,,,,,,,,,,,,,,,,,,,,,,,,,,,,,,,,,,,,,,,,,,,,,,,,,,,,,,,,,,,,,,,,,,,
,,,,,,,,,,,,,,,,,,,,,,,,,,,,,,,,,,,,,,,,,,,,,,,,,,,,,,,,,,,,,,,,,,,,,,,,,,,,,,,,,,,,,,,,,,,,,,,,,,,,,,,,,,,,,,,,,,,,,,,,,,,,,,,,,,,
,,,,,,,,,,,,,,,,,,,,,,,,,,,,,,,,,,,,,,,,,,,,,,,,,,,,,,,,,,,,,,,,,,,,,,,,,,,,,,,,,,,,,,,,,,,,,,,,,,,,,,,,,,,,,,,,,,,,,,,,,,,,,,,,,,,
,,,,,,,,,,,,,,,,,,,,,,,,,,,,,,,,,,,,,,,,,,,,,,,,,,,,,,,,,,,,,,,,,,,,,,,,,,,,,,,,,,,,,,,,,,,,,,,,,,,,,,,,,,,,,,,,,,,,,,,,,,,,,,,,,,,
,,,,,,,,,,,,,,,,,,,,,,,,,,,,,,,,,,,,,,,,,,,,,,,,,,,,,,,,,,,,,,,,,,,,,,,,,,,,,,,,,,,,,,,,,,,,,,,,,,,,,,,,,,,,,,,,,,,,,,,,,,,,,,,,,,,
,,,,,,,,,,,,,,,,,,,,,,,,,,,,,,,,,,,,,,,,,,,,,,,,,,,,,,,,,,,,,,,,,,,,,,,,,,,,,,,,,,,,,,,,,,,,,,,,,,,,,,,,,,,,,,,,,,,,,,,,,,,,,,,,,,,
,,,,,,,,,,,,,,,,,,,,,,,,,,,,,,,,,,,,,,,,,,,,,,,,,,,,,,,,,,,,,,,,,,,,,,,,,,,,,,,,,,,,,,,,,,,,,,,,,,,,,,,,,,,,,,,,,,,,,,,,,,,,,,,,,,,
,,,,,,,,,,,,,,,,,,,,,,,,,,,,,,,,,,,,,,,,,,,,,,,,,,,,,,,,,,,,,,,,,,,,,,,,,,,,,,,,,,,,,,,,,,,,,,,,,,,,,,,,,,,,,,,,,,,,,,,,,,,,,,,,,,,
,,,,,,,,,,,,,,,,,,,,,,,,,,,,,,,,,,,,,,,,,,,,,,,,,,,,,,,,,,,,,,,,,,,,,,,,,,,,,,,,,,,,,,,,,,,,,,,,,,,,,,,,,,,,,,,,,,,,,,,,,,,,,,,,,,,
,,,,,,,,,,,,,,,,,,,,,,,,,,,,,,,,,,,,,,,,,,,,,,,,,,,,,,,,,,,,,,,,,,,,,,,,,,,,,,,,,,,,,,,,,,,,,,,,,,,,,,,,,,,,,,,,,,,,,,,,,,,,,,,,,,,
,,,,,,,,,,,,,,,,,,,,,,,,,,,,,,,,,,,,,,,,,,,,,,,,,,,,,,,,,,,,,,,,,,,,,,,,,,,,,,,,,,,,,,,,,,,,,,,,,,,,,,,,,,,,,,,,,,,,,,,,,,,,,,,,,,,
,,,,,,,,,,,,,,,,,,,,,,,,,,,,,,,,,,,,,,,,,,,,,,,,,,,,,,,,,,,,,,,,,,,,,,,,,,,,,,,,,,,,,,,,,,,,,,,,,,,,,,,,,,,,,,,,,,,,,,,,,,,,,,,,,,,
,,,,,,,,,,,,,,,,,,,,,,,,,,,,,,,,,,,,,,,,,,,,,,,,,,,,,,,,,,,,,,,,,,,,,,,,,,,,,,,,,,,,,,,,,,,,,,,,,,,,,,,,,,,,,,,,,,,,,,,,,,,,,,,,,,,
,,,,,,,,,,,,,,,,,,,,,,,,,,,,,,,,,,,,,,,,,,,,,,,,,,,,,,,,,,,,,,,,,,,,,,,,,,,,,,,,,,,,,,,,,,,,,,,,,,,,,,,,,,,,,,,,,,,,,,,,,,,,,,,,,,,
,,,,,,,,,,,,,,,,,,,,,,,,,,,,,,,,,,,,,,,,,,,,,,,,,,,,,,,,,,,,,,,,,,,,,,,,,,,,,,,,,,,,,,,,,,,,,,,,,,,,,,,,,,,,,,,,,,,,,,,,,,,,,,,,,,,
,,,,,,,,,,,,,,,,,,,,,,,,,,,,,,,,,,,,,,,,,,,,,,,,,,,,,,,,,,,,,,,,,,,,,,,,,,,,,,,,,,,,,,,,,,,,,,,,,,,,,,,,,,,,,,,,,,,,,,,,,,,,,,,,,,,
,,,,,,,,,,,,,,,,,,,,,,,,,,,,,,,,,,,,,,,,,,,,,,,,,,,,,,,,,,,,,,,,,,,,,,,,,,,,,,,,,,,,,,,,,,,,,,,,,,,,,,,,,,,,,,,,,,,,,,,,,,,,,,,,,,,
,,,,,,,,,,,,,,,,,,,,,,,,,,,,,,,,,,,,,,,,,,,,,,,,,,,,,,,,,,,,,,,,,,,,,,,,,,,,,,,,,,,,,,,,,,,,,,,,,,,,,,,,,,,,,,,,,,,,,,,,,,,,,,,,,,,
,,,,,,,,,,,,,,,,,,,,,,,,,,,,,,,,,,,,,,,,,,,,,,,,,,,,,,,,,,,,,,,,,,,,,,,,,,,,,,,,,,,,,,,,,,,,,,,,,,,,,,,,,,,,,,,,,,,,,,,,,,,,,,,,,,,
,,,,,,,,,,,,,,,,,,,,,,,,,,,,,,,,,,,,,,,,,,,,,,,,,,,,,,,,,,,,,,,,,,,,,,,,,,,,,,,,,,,,,,,,,,,,,,,,,,,,,,,,,,,,,,,,,,,,,,,,,,,,,,,,,,,
,,,,,,,,,,,,,,,,,,,,,,,,,,,,,,,,,,,,,,,,,,,,,,,,,,,,,,,,,,,,,,,,,,,,,,,,,,,,,,,,,,,,,,,,,,,,,,,,,,,,,,,,,,,,,,,,,,,,,,,,,,,,,,,,,,,
,,,,,,,,,,,,,,,,,,,,,,,,,,,,,,,,,,,,,,,,,,,,,,,,,,,,,,,,,,,,,,,,,,,,,,,,,,,,,,,,,,,,,,,,,,,,,,,,,,,,,,,,,,,,,,,,,,,,,,,,,,,,,,,,,,,
,,,,,,,,,,,,,,,,,,,,,,,,,,,,,,,,,,,,,,,,,,,,,,,,,,,,,,,,,,,,,,,,,,,,,,,,,,,,,,,,,,,,,,,,,,,,,,,,,,,,,,,,,,,,,,,,,,,,,,,,,,,,,,,,,,,
,,,,,,,,,,,,,,,,,,,,,,,,,,,,,,,,,,,,,,,,,,,,,,,,,,,,,,,,,,,,,,,,,,,,,,,,,,,,,,,,,,,,,,,,,,,,,,,,,,,,,,,,,,,,,,,,,,,,,,,,,,,,,,,,,,,
,,,,,,,,,,,,,,,,,,,,,,,,,,,,,,,,,,,,,,,,,,,,,,,,,,,,,,,,,,,,,,,,,,,,,,,,,,,,,,,,,,,,,,,,,,,,,,,,,,,,,,,,,,,,,,,,,,,,,,,,,,,,,,,,,,,
,,,,,,,,,,,,,,,,,,,,,,,,,,,,,,,,,,,,,,,,,,,,,,,,,,,,,,,,,,,,,,,,,,,,,,,,,,,,,,,,,,,,,,,,,,,,,,,,,,,,,,,,,,,,,,,,,,,,,,,,,,,,,,,,,,,
,,,,,,,,,,,,,,,,,,,,,,,,,,,,,,,,,,,,,,,,,,,,,,,,,,,,,,,,,,,,,,,,,,,,,,,,,,,,,,,,,,,,,,,,,,,,,,,,,,,,,,,,,,,,,,,,,,,,,,,,,,,,,,,,,,,
,,,,,,,,,,,,,,,,,,,,,,,,,,,,,,,,,,,,,,,,,,,,,,,,,,,,,,,,,,,,,,,,,,,,,,,,,,,,,,,,,,,,,,,,,,,,,,,,,,,,,,,,,,,,,,,,,,,,,,,,,,,,,,,,,,,
,,,,,,,,,,,,,,,,,,,,,,,,,,,,,,,,,,,,,,,,,,,,,,,,,,,,,,,,,,,,,,,,,,,,,,,,,,,,,,,,,,,,,,,,,,,,,,,,,,,,,,,,,,,,,,,,,,,,,,,,,,,,,,,,,,,
,,,,,,,,,,,,,,,,,,,,,,,,,,,,,,,,,,,,,,,,,,,,,,,,,,,,,,,,,,,,,,,,,,,,,,,,,,,,,,,,,,,,,,,,,,,,,,,,,,,,,,,,,,,,,,,,,,,,,,,,,,,,,,,,,,,
,,,,,,,,,,,,,,,,,,,,,,,,,,,,,,,,,,,,,,,,,,,,,,,,,,,,,,,,,,,,,,,,,,,,,,,,,,,,,,,,,,,,,,,,,,,,,,,,,,,,,,,,,,,,,,,,,,,,,,,,,,,,,,,,,,,
,,,,,,,,,,,,,,,,,,,,,,,,,,,,,,,,,,,,,,,,,,,,,,,,,,,,,,,,,,,,,,,,,,,,,,,,,,,,,,,,,,,,,,,,,,,,,,,,,,,,,,,,,,,,,,,,,,,,,,,,,,,,,,,,,,,
,,,,,,,,,,,,,,,,,,,,,,,,,,,,,,,,,,,,,,,,,,,,,,,,,,,,,,,,,,,,,,,,,,,,,,,,,,,,,,,,,,,,,,,,,,,,,,,,,,,,,,,,,,,,,,,,,,,,,,,,,,,,,,,,,,,
,,,,,,,,,,,,,,,,,,,,,,,,,,,,,,,,,,,,,,,,,,,,,,,,,,,,,,,,,,,,,,,,,,,,,,,,,,,,,,,,,,,,,,,,,,,,,,,,,,,,,,,,,,,,,,,,,,,,,,,,,,,,,,,,,,,
,,,,,,,,,,,,,,,,,,,,,,,,,,,,,,,,,,,,,,,,,,,,,,,,,,,,,,,,,,,,,,,,,,,,,,,,,,,,,,,,,,,,,,,,,,,,,,,,,,,,,,,,,,,,,,,,,,,,,,,,,,,,,,,,,,,
,,,,,,,,,,,,,,,,,,,,,,,,,,,,,,,,,,,,,,,,,,,,,,,,,,,,,,,,,,,,,,,,,,,,,,,,,,,,,,,,,,,,,,,,,,,,,,,,,,,,,,,,,,,,,,,,,,,,,,,,,,,,,,,,,,,
,,,,,,,,,,,,,,,,,,,,,,,,,,,,,,,,,,,,,,,,,,,,,,,,,,,,,,,,,,,,,,,,,,,,,,,,,,,,,,,,,,,,,,,,,,,,,,,,,,,,,,,,,,,,,,,,,,,,,,,,,,,,,,,,,,,
,,,,,,,,,,,,,,,,,,,,,,,,,,,,,,,,,,,,,,,,,,,,,,,,,,,,,,,,,,,,,,,,,,,,,,,,,,,,,,,,,,,,,,,,,,,,,,,,,,,,,,,,,,,,,,,,,,,,,,,,,,,,,,,,,,,
,,,,,,,,,,,,,,,,,,,,,,,,,,,,,,,,,,,,,,,,,,,,,,,,,,,,,,,,,,,,,,,,,,,,,,,,,,,,,,,,,,,,,,,,,,,,,,,,,,,,,,,,,,,,,,,,,,,,,,,,,,,,,,,,,,,
,,,,,,,,,,,,,,,,,,,,,,,,,,,,,,,,,,,,,,,,,,,,,,,,,,,,,,,,,,,,,,,,,,,,,,,,,,,,,,,,,,,,,,,,,,,,,,,,,,,,,,,,,,,,,,,,,,,,,,,,,,,,,,,,,,,
,,,,,,,,,,,,,,,,,,,,,,,,,,,,,,,,,,,,,,,,,,,,,,,,,,,,,,,,,,,,,,,,,,,,,,,,,,,,,,,,,,,,,,,,,,,,,,,,,,,,,,,,,,,,,,,,,,,,,,,,,,,,,,,,,,,
,,,,,,,,,,,,,,,,,,,,,,,,,,,,,,,,,,,,,,,,,,,,,,,,,,,,,,,,,,,,,,,,,,,,,,,,,,,,,,,,,,,,,,,,,,,,,,,,,,,,,,,,,,,,,,,,,,,,,,,,,,,,,,,,,,,
,,,,,,,,,,,,,,,,,,,,,,,,,,,,,,,,,,,,,,,,,,,,,,,,,,,,,,,,,,,,,,,,,,,,,,,,,,,,,,,,,,,,,,,,,,,,,,,,,,,,,,,,,,,,,,,,,,,,,,,,,,,,,,,,,,,
,,,,,,,,,,,,,,,,,,,,,,,,,,,,,,,,,,,,,,,,,,,,,,,,,,,,,,,,,,,,,,,,,,,,,,,,,,,,,,,,,,,,,,,,,,,,,,,,,,,,,,,,,,,,,,,,,,,,,,,,,,,,,,,,,,,
,,,,,,,,,,,,,,,,,,,,,,,,,,,,,,,,,,,,,,,,,,,,,,,,,,,,,,,,,,,,,,,,,,,,,,,,,,,,,,,,,,,,,,,,,,,,,,,,,,,,,,,,,,,,,,,,,,,,,,,,,,,,,,,,,,,
,,,,,,,,,,,,,,,,,,,,,,,,,,,,,,,,,,,,,,,,,,,,,,,,,,,,,,,,,,,,,,,,,,,,,,,,,,,,,,,,,,,,,,,,,,,,,,,,,,,,,,,,,,,,,,,,,,,,,,,,,,,,,,,,,,,
,,,,,,,,,,,,,,,,,,,,,,,,,,,,,,,,,,,,,,,,,,,,,,,,,,,,,,,,,,,,,,,,,,,,,,,,,,,,,,,,,,,,,,,,,,,,,,,,,,,,,,,,,,,,,,,,,,,,,,,,,,,,,,,,,,,
,,,,,,,,,,,,,,,,,,,,,,,,,,,,,,,,,,,,,,,,,,,,,,,,,,,,,,,,,,,,,,,,,,,,,,,,,,,,,,,,,,,,,,,,,,,,,,,,,,,,,,,,,,,,,,,,,,,,,,,,,,,,,,,,,,,
,,,,,,,,,,,,,,,,,,,,,,,,,,,,,,,,,,,,,,,,,,,,,,,,,,,,,,,,,,,,,,,,,,,,,,,,,,,,,,,,,,,,,,,,,,,,,,,,,,,,,,,,,,,,,,,,,,,,,,,,,,,,,,,,,,,
,,,,,,,,,,,,,,,,,,,,,,,,,,,,,,,,,,,,,,,,,,,,,,,,,,,,,,,,,,,,,,,,,,,,,,,,,,,,,,,,,,,,,,,,,,,,,,,,,,,,,,,,,,,,,,,,,,,,,,,,,,,,,,,,,,,
,,,,,,,,,,,,,,,,,,,,,,,,,,,,,,,,,,,,,,,,,,,,,,,,,,,,,,,,,,,,,,,,,,,,,,,,,,,,,,,,,,,,,,,,,,,,,,,,,,,,,,,,,,,,,,,,,,,,,,,,,,,,,,,,,,,
,,,,,,,,,,,,,,,,,,,,,,,,,,,,,,,,,,,,,,,,,,,,,,,,,,,,,,,,,,,,,,,,,,,,,,,,,,,,,,,,,,,,,,,,,,,,,,,,,,,,,,,,,,,,,,,,,,,,,,,,,,,,,,,,,,,
,,,,,,,,,,,,,,,,,,,,,,,,,,,,,,,,,,,,,,,,,,,,,,,,,,,,,,,,,,,,,,,,,,,,,,,,,,,,,,,,,,,,,,,,,,,,,,,,,,,,,,,,,,,,,,,,,,,,,,,,,,,,,,,,,,,
,,,,,,,,,,,,,,,,,,,,,,,,,,,,,,,,,,,,,,,,,,,,,,,,,,,,,,,,,,,,,,,,,,,,,,,,,,,,,,,,,,,,,,,,,,,,,,,,,,,,,,,,,,,,,,,,,,,,,,,,,,,,,,,,,,,
,,,,,,,,,,,,,,,,,,,,,,,,,,,,,,,,,,,,,,,,,,,,,,,,,,,,,,,,,,,,,,,,,,,,,,,,,,,,,,,,,,,,,,,,,,,,,,,,,,,,,,,,,,,,,,,,,,,,,,,,,,,,,,,,,,,
,,,,,,,,,,,,,,,,,,,,,,,,,,,,,,,,,,,,,,,,,,,,,,,,,,,,,,,,,,,,,,,,,,,,,,,,,,,,,,,,,,,,,,,,,,,,,,,,,,,,,,,,,,,,,,,,,,,,,,,,,,,,,,,,,,,
,,,,,,,,,,,,,,,,,,,,,,,,,,,,,,,,,,,,,,,,,,,,,,,,,,,,,,,,,,,,,,,,,,,,,,,,,,,,,,,,,,,,,,,,,,,,,,,,,,,,,,,,,,,,,,,,,,,,,,,,,,,,,,,,,,,
,,,,,,,,,,,,,,,,,,,,,,,,,,,,,,,,,,,,,,,,,,,,,,,,,,,,,,,,,,,,,,,,,,,,,,,,,,,,,,,,,,,,,,,,,,,,,,,,,,,,,,,,,,,,,,,,,,,,,,,,,,,,,,,,,,,
,,,,,,,,,,,,,,,,,,,,,,,,,,,,,,,,,,,,,,,,,,,,,,,,,,,,,,,,,,,,,,,,,,,,,,,,,,,,,,,,,,,,,,,,,,,,,,,,,,,,,,,,,,,,,,,,,,,,,,,,,,,,,,,,,,,
,,,,,,,,,,,,,,,,,,,,,,,,,,,,,,,,,,,,,,,,,,,,,,,,,,,,,,,,,,,,,,,,,,,,,,,,,,,,,,,,,,,,,,,,,,,,,,,,,,,,,,,,,,,,,,,,,,,,,,,,,,,,,,,,,,,
,,,,,,,,,,,,,,,,,,,,,,,,,,,,,,,,,,,,,,,,,,,,,,,,,,,,,,,,,,,,,,,,,,,,,,,,,,,,,,,,,,,,,,,,,,,,,,,,,,,,,,,,,,,,,,,,,,,,,,,,,,,,,,,,,,,
,,,,,,,,,,,,,,,,,,,,,,,,,,,,,,,,,,,,,,,,,,,,,,,,,,,,,,,,,,,,,,,,,,,,,,,,,,,,,,,,,,,,,,,,,,,,,,,,,,,,,,,,,,,,,,,,,,,,,,,,,,,,,,,,,,,
,,,,,,,,,,,,,,,,,,,,,,,,,,,,,,,,,,,,,,,,,,,,,,,,,,,,,,,,,,,,,,,,,,,,,,,,,,,,,,,,,,,,,,,,,,,,,,,,,,,,,,,,,,,,,,,,,,,,,,,,,,,,,,,,,,,
,,,,,,,,,,,,,,,,,,,,,,,,,,,,,,,,,,,,,,,,,,,,,,,,,,,,,,,,,,,,,,,,,,,,,,,,,,,,,,,,,,,,,,,,,,,,,,,,,,,,,,,,,,,,,,,,,,,,,,,,,,,,,,,,,,,
,,,,,,,,,,,,,,,,,,,,,,,,,,,,,,,,,,,,,,,,,,,,,,,,,,,,,,,,,,,,,,,,,,,,,,,,,,,,,,,,,,,,,,,,,,,,,,,,,,,,,,,,,,,,,,,,,,,,,,,,,,,,,,,,,,,
,,,,,,,,,,,,,,,,,,,,,,,,,,,,,,,,,,,,,,,,,,,,,,,,,,,,,,,,,,,,,,,,,,,,,,,,,,,,,,,,,,,,,,,,,,,,,,,,,,,,,,,,,,,,,,,,,,,,,,,,,,,,,,,,,,,
,,,,,,,,,,,,,,,,,,,,,,,,,,,,,,,,,,,,,,,,,,,,,,,,,,,,,,,,,,,,,,,,,,,,,,,,,,,,,,,,,,,,,,,,,,,,,,,,,,,,,,,,,,,,,,,,,,,,,,,,,,,,,,,,,,,
,,,,,,,,,,,,,,,,,,,,,,,,,,,,,,,,,,,,,,,,,,,,,,,,,,,,,,,,,,,,,,,,,,,,,,,,,,,,,,,,,,,,,,,,,,,,,,,,,,,,,,,,,,,,,,,,,,,,,,,,,,,,,,,,,,,
,,,,,,,,,,,,,,,,,,,,,,,,,,,,,,,,,,,,,,,,,,,,,,,,,,,,,,,,,,,,,,,,,,,,,,,,,,,,,,,,,,,,,,,,,,,,,,,,,,,,,,,,,,,,,,,,,,,,,,,,,,,,,,,,,,,
,,,,,,,,,,,,,,,,,,,,,,,,,,,,,,,,,,,,,,,,,,,,,,,,,,,,,,,,,,,,,,,,,,,,,,,,,,,,,,,,,,,,,,,,,,,,,,,,,,,,,,,,,,,,,,,,,,,,,,,,,,,,,,,,,,,
,,,,,,,,,,,,,,,,,,,,,,,,,,,,,,,,,,,,,,,,,,,,,,,,,,,,,,,,,,,,,,,,,,,,,,,,,,,,,,,,,,,,,,,,,,,,,,,,,,,,,,,,,,,,,,,,,,,,,,,,,,,,,,,,,,,
,,,,,,,,,,,,,,,,,,,,,,,,,,,,,,,,,,,,,,,,,,,,,,,,,,,,,,,,,,,,,,,,,,,,,,,,,,,,,,,,,,,,,,,,,,,,,,,,,,,,,,,,,,,,,,,,,,,,,,,,,,,,,,,,,,,
,,,,,,,,,,,,,,,,,,,,,,,,,,,,,,,,,,,,,,,,,,,,,,,,,,,,,,,,,,,,,,,,,,,,,,,,,,,,,,,,,,,,,,,,,,,,,,,,,,,,,,,,,,,,,,,,,,,,,,,,,,,,,,,,,,,
,,,,,,,,,,,,,,,,,,,,,,,,,,,,,,,,,,,,,,,,,,,,,,,,,,,,,,,,,,,,,,,,,,,,,,,,,,,,,,,,,,,,,,,,,,,,,,,,,,,,,,,,,,,,,,,,,,,,,,,,,,,,,,,,,,,
,,,,,,,,,,,,,,,,,,,,,,,,,,,,,,,,,,,,,,,,,,,,,,,,,,,,,,,,,,,,,,,,,,,,,,,,,,,,,,,,,,,,,,,,,,,,,,,,,,,,,,,,,,,,,,,,,,,,,,,,,,,,,,,,,,,
,,,,,,,,,,,,,,,,,,,,,,,,,,,,,,,,,,,,,,,,,,,,,,,,,,,,,,,,,,,,,,,,,,,,,,,,,,,,,,,,,,,,,,,,,,,,,,,,,,,,,,,,,,,,,,,,,,,,,,,,,,,,,,,,,,,
,,,,,,,,,,,,,,,,,,,,,,,,,,,,,,,,,,,,,,,,,,,,,,,,,,,,,,,,,,,,,,,,,,,,,,,,,,,,,,,,,,,,,,,,,,,,,,,,,,,,,,,,,,,,,,,,,,,,,,,,,,,,,,,,,,,
,,,,,,,,,,,,,,,,,,,,,,,,,,,,,,,,,,,,,,,,,,,,,,,,,,,,,,,,,,,,,,,,,,,,,,,,,,,,,,,,,,,,,,,,,,,,,,,,,,,,,,,,,,,,,,,,,,,,,,,,,,,,,,,,,,,
,,,,,,,,,,,,,,,,,,,,,,,,,,,,,,,,,,,,,,,,,,,,,,,,,,,,,,,,,,,,,,,,,,,,,,,,,,,,,,,,,,,,,,,,,,,,,,,,,,,,,,,,,,,,,,,,,,,,,,,,,,,,,,,,,,,
,,,,,,,,,,,,,,,,,,,,,,,,,,,,,,,,,,,,,,,,,,,,,,,,,,,,,,,,,,,,,,,,,,,,,,,,,,,,,,,,,,,,,,,,,,,,,,,,,,,,,,,,,,,,,,,,,,,,,,,,,,,,,,,,,,,
,,,,,,,,,,,,,,,,,,,,,,,,,,,,,,,,,,,,,,,,,,,,,,,,,,,,,,,,,,,,,,,,,,,,,,,,,,,,,,,,,,,,,,,,,,,,,,,,,,,,,,,,,,,,,,,,,,,,,,,,,,,,,,,,,,,
,,,,,,,,,,,,,,,,,,,,,,,,,,,,,,,,,,,,,,,,,,,,,,,,,,,,,,,,,,,,,,,,,,,,,,,,,,,,,,,,,,,,,,,,,,,,,,,,,,,,,,,,,,,,,,,,,,,,,,,,,,,,,,,,,,,
,,,,,,,,,,,,,,,,,,,,,,,,,,,,,,,,,,,,,,,,,,,,,,,,,,,,,,,,,,,,,,,,,,,,,,,,,,,,,,,,,,,,,,,,,,,,,,,,,,,,,,,,,,,,,,,,,,,,,,,,,,,,,,,,,,,
,,,,,,,,,,,,,,,,,,,,,,,,,,,,,,,,,,,,,,,,,,,,,,,,,,,,,,,,,,,,,,,,,,,,,,,,,,,,,,,,,,,,,,,,,,,,,,,,,,,,,,,,,,,,,,,,,,,,,,,,,,,,,,,,,,,
,,,,,,,,,,,,,,,,,,,,,,,,,,,,,,,,,,,,,,,,,,,,,,,,,,,,,,,,,,,,,,,,,,,,,,,,,,,,,,,,,,,,,,,,,,,,,,,,,,,,,,,,,,,,,,,,,,,,,,,,,,,,,,,,,,,
,,,,,,,,,,,,,,,,,,,,,,,,,,,,,,,,,,,,,,,,,,,,,,,,,,,,,,,,,,,,,,,,,,,,,,,,,,,,,,,,,,,,,,,,,,,,,,,,,,,,,,,,,,,,,,,,,,,,,,,,,,,,,,,,,,,
,,,,,,,,,,,,,,,,,,,,,,,,,,,,,,,,,,,,,,,,,,,,,,,,,,,,,,,,,,,,,,,,,,,,,,,,,,,,,,,,,,,,,,,,,,,,,,,,,,,,,,,,,,,,,,,,,,,,,,,,,,,,,,,,,,,
,,,,,,,,,,,,,,,,,,,,,,,,,,,,,,,,,,,,,,,,,,,,,,,,,,,,,,,,,,,,,,,,,,,,,,,,,,,,,,,,,,,,,,,,,,,,,,,,,,,,,,,,,,,,,,,,,,,,,,,,,,,,,,,,,,,
,,,,,,,,,,,,,,,,,,,,,,,,,,,,,,,,,,,,,,,,,,,,,,,,,,,,,,,,,,,,,,,,,,,,,,,,,,,,,,,,,,,,,,,,,,,,,,,,,,,,,,,,,,,,,,,,,,,,,,,,,,,,,,,,,,,
,,,,,,,,,,,,,,,,,,,,,,,,,,,,,,,,,,,,,,,,,,,,,,,,,,,,,,,,,,,,,,,,,,,,,,,,,,,,,,,,,,,,,,,,,,,,,,,,,,,,,,,,,,,,,,,,,,,,,,,,,,,,,,,,,,,
,,,,,,,,,,,,,,,,,,,,,,,,,,,,,,,,,,,,,,,,,,,,,,,,,,,,,,,,,,,,,,,,,,,,,,,,,,,,,,,,,,,,,,,,,,,,,,,,,,,,,,,,,,,,,,,,,,,,,,,,,,,,,,,,,,,
,,,,,,,,,,,,,,,,,,,,,,,,,,,,,,,,,,,,,,,,,,,,,,,,,,,,,,,,,,,,,,,,,,,,,,,,,,,,,,,,,,,,,,,,,,,,,,,,,,,,,,,,,,,,,,,,,,,,,,,,,,,,,,,,,,,
,,,,,,,,,,,,,,,,,,,,,,,,,,,,,,,,,,,,,,,,,,,,,,,,,,,,,,,,,,,,,,,,,,,,,,,,,,,,,,,,,,,,,,,,,,,,,,,,,,,,,,,,,,,,,,,,,,,,,,,,,,,,,,,,,,,
,,,,,,,,,,,,,,,,,,,,,,,,,,,,,,,,,,,,,,,,,,,,,,,,,,,,,,,,,,,,,,,,,,,,,,,,,,,,,,,,,,,,,,,,,,,,,,,,,,,,,,,,,,,,,,,,,,,,,,,,,,,,,,,,,,,
,,,,,,,,,,,,,,,,,,,,,,,,,,,,,,,,,,,,,,,,,,,,,,,,,,,,,,,,,,,,,,,,,,,,,,,,,,,,,,,,,,,,,,,,,,,,,,,,,,,,,,,,,,,,,,,,,,,,,,,,,,,,,,,,,,,
,,,,,,,,,,,,,,,,,,,,,,,,,,,,,,,,,,,,,,,,,,,,,,,,,,,,,,,,,,,,,,,,,,,,,,,,,,,,,,,,,,,,,,,,,,,,,,,,,,,,,,,,,,,,,,,,,,,,,,,,,,,,,,,,,,,
,,,,,,,,,,,,,,,,,,,,,,,,,,,,,,,,,,,,,,,,,,,,,,,,,,,,,,,,,,,,,,,,,,,,,,,,,,,,,,,,,,,,,,,,,,,,,,,,,,,,,,,,,,,,,,,,,,,,,,,,,,,,,,,,,,,
,,,,,,,,,,,,,,,,,,,,,,,,,,,,,,,,,,,,,,,,,,,,,,,,,,,,,,,,,,,,,,,,,,,,,,,,,,,,,,,,,,,,,,,,,,,,,,,,,,,,,,,,,,,,,,,,,,,,,,,,,,,,,,,,,,,
,,,,,,,,,,,,,,,,,,,,,,,,,,,,,,,,,,,,,,,,,,,,,,,,,,,,,,,,,,,,,,,,,,,,,,,,,,,,,,,,,,,,,,,,,,,,,,,,,,,,,,,,,,,,,,,,,,,,,,,,,,,,,,,,,,,
,,,,,,,,,,,,,,,,,,,,,,,,,,,,,,,,,,,,,,,,,,,,,,,,,,,,,,,,,,,,,,,,,,,,,,,,,,,,,,,,,,,,,,,,,,,,,,,,,,,,,,,,,,,,,,,,,,,,,,,,,,,,,,,,,,,
,,,,,,,,,,,,,,,,,,,,,,,,,,,,,,,,,,,,,,,,,,,,,,,,,,,,,,,,,,,,,,,,,,,,,,,,,,,,,,,,,,,,,,,,,,,,,,,,,,,,,,,,,,,,,,,,,,,,,,,,,,,,,,,,,,,
,,,,,,,,,,,,,,,,,,,,,,,,,,,,,,,,,,,,,,,,,,,,,,,,,,,,,,,,,,,,,,,,,,,,,,,,,,,,,,,,,,,,,,,,,,,,,,,,,,,,,,,,,,,,,,,,,,,,,,,,,,,,,,,,,,,
,,,,,,,,,,,,,,,,,,,,,,,,,,,,,,,,,,,,,,,,,,,,,,,,,,,,,,,,,,,,,,,,,,,,,,,,,,,,,,,,,,,,,,,,,,,,,,,,,,,,,,,,,,,,,,,,,,,,,,,,,,,,,,,,,,,
,,,,,,,,,,,,,,,,,,,,,,,,,,,,,,,,,,,,,,,,,,,,,,,,,,,,,,,,,,,,,,,,,,,,,,,,,,,,,,,,,,,,,,,,,,,,,,,,,,,,,,,,,,,,,,,,,,,,,,,,,,,,,,,,,,,
,,,,,,,,,,,,,,,,,,,,,,,,,,,,,,,,,,,,,,,,,,,,,,,,,,,,,,,,,,,,,,,,,,,,,,,,,,,,,,,,,,,,,,,,,,,,,,,,,,,,,,,,,,,,,,,,,,,,,,,,,,,,,,,,,,,
,,,,,,,,,,,,,,,,,,,,,,,,,,,,,,,,,,,,,,,,,,,,,,,,,,,,,,,,,,,,,,,,,,,,,,,,,,,,,,,,,,,,,,,,,,,,,,,,,,,,,,,,,,,,,,,,,,,,,,,,,,,,,,,,,,,
,,,,,,,,,,,,,,,,,,,,,,,,,,,,,,,,,,,,,,,,,,,,,,,,,,,,,,,,,,,,,,,,,,,,,,,,,,,,,,,,,,,,,,,,,,,,,,,,,,,,,,,,,,,,,,,,,,,,,,,,,,,,,,,,,,,
,,,,,,,,,,,,,,,,,,,,,,,,,,,,,,,,,,,,,,,,,,,,,,,,,,,,,,,,,,,,,,,,,,,,,,,,,,,,,,,,,,,,,,,,,,,,,,,,,,,,,,,,,,,,,,,,,,,,,,,,,,,,,,,,,,,
,,,,,,,,,,,,,,,,,,,,,,,,,,,,,,,,,,,,,,,,,,,,,,,,,,,,,,,,,,,,,,,,,,,,,,,,,,,,,,,,,,,,,,,,,,,,,,,,,,,,,,,,,,,,,,,,,,,,,,,,,,,,,,,,,,,
,,,,,,,,,,,,,,,,,,,,,,,,,,,,,,,,,,,,,,,,,,,,,,,,,,,,,,,,,,,,,,,,,,,,,,,,,,,,,,,,,,,,,,,,,,,,,,,,,,,,,,,,,,,,,,,,,,,,,,,,,,,,,,,,,,,
,,,,,,,,,,,,,,,,,,,,,,,,,,,,,,,,,,,,,,,,,,,,,,,,,,,,,,,,,,,,,,,,,,,,,,,,,,,,,,,,,,,,,,,,,,,,,,,,,,,,,,,,,,,,,,,,,,,,,,,,,,,,,,,,,,,
,,,,,,,,,,,,,,,,,,,,,,,,,,,,,,,,,,,,,,,,,,,,,,,,,,,,,,,,,,,,,,,,,,,,,,,,,,,,,,,,,,,,,,,,,,,,,,,,,,,,,,,,,,,,,,,,,,,,,,,,,,,,,,,,,,,
,,,,,,,,,,,,,,,,,,,,,,,,,,,,,,,,,,,,,,,,,,,,,,,,,,,,,,,,,,,,,,,,,,,,,,,,,,,,,,,,,,,,,,,,,,,,,,,,,,,,,,,,,,,,,,,,,,,,,,,,,,,,,,,,,,,
,,,,,,,,,,,,,,,,,,,,,,,,,,,,,,,,,,,,,,,,,,,,,,,,,,,,,,,,,,,,,,,,,,,,,,,,,,,,,,,,,,,,,,,,,,,,,,,,,,,,,,,,,,,,,,,,,,,,,,,,,,,,,,,,,,,
,,,,,,,,,,,,,,,,,,,,,,,,,,,,,,,,,,,,,,,,,,,,,,,,,,,,,,,,,,,,,,,,,,,,,,,,,,,,,,,,,,,,,,,,,,,,,,,,,,,,,,,,,,,,,,,,,,,,,,,,,,,,,,,,,,,
,,,,,,,,,,,,,,,,,,,,,,,,,,,,,,,,,,,,,,,,,,,,,,,,,,,,,,,,,,,,,,,,,,,,,,,,,,,,,,,,,,,,,,,,,,,,,,,,,,,,,,,,,,,,,,,,,,,,,,,,,,,,,,,,,,,
,,,,,,,,,,,,,,,,,,,,,,,,,,,,,,,,,,,,,,,,,,,,,,,,,,,,,,,,,,,,,,,,,,,,,,,,,,,,,,,,,,,,,,,,,,,,,,,,,,,,,,,,,,,,,,,,,,,,,,,,,,,,,,,,,,,
,,,,,,,,,,,,,,,,,,,,,,,,,,,,,,,,,,,,,,,,,,,,,,,,,,,,,,,,,,,,,,,,,,,,,,,,,,,,,,,,,,,,,,,,,,,,,,,,,,,,,,,,,,,,,,,,,,,,,,,,,,,,,,,,,,,
,,,,,,,,,,,,,,,,,,,,,,,,,,,,,,,,,,,,,,,,,,,,,,,,,,,,,,,,,,,,,,,,,,,,,,,,,,,,,,,,,,,,,,,,,,,,,,,,,,,,,,,,,,,,,,,,,,,,,,,,,,,,,,,,,,,
,,,,,,,,,,,,,,,,,,,,,,,,,,,,,,,,,,,,,,,,,,,,,,,,,,,,,,,,,,,,,,,,,,,,,,,,,,,,,,,,,,,,,,,,,,,,,,,,,,,,,,,,,,,,,,,,,,,,,,,,,,,,,,,,,,,
,,,,,,,,,,,,,,,,,,,,,,,,,,,,,,,,,,,,,,,,,,,,,,,,,,,,,,,,,,,,,,,,,,,,,,,,,,,,,,,,,,,,,,,,,,,,,,,,,,,,,,,,,,,,,,,,,,,,,,,,,,,,,,,,,,,
,,,,,,,,,,,,,,,,,,,,,,,,,,,,,,,,,,,,,,,,,,,,,,,,,,,,,,,,,,,,,,,,,,,,,,,,,,,,,,,,,,,,,,,,,,,,,,,,,,,,,,,,,,,,,,,,,,,,,,,,,,,,,,,,,,,
,,,,,,,,,,,,,,,,,,,,,,,,,,,,,,,,,,,,,,,,,,,,,,,,,,,,,,,,,,,,,,,,,,,,,,,,,,,,,,,,,,,,,,,,,,,,,,,,,,,,,,,,,,,,,,,,,,,,,,,,,,,,,,,,,,,
,,,,,,,,,,,,,,,,,,,,,,,,,,,,,,,,,,,,,,,,,,,,,,,,,,,,,,,,,,,,,,,,,,,,,,,,,,,,,,,,,,,,,,,,,,,,,,,,,,,,,,,,,,,,,,,,,,,,,,,,,,,,,,,,,,,
,,,,,,,,,,,,,,,,,,,,,,,,,,,,,,,,,,,,,,,,,,,,,,,,,,,,,,,,,,,,,,,,,,,,,,,,,,,,,,,,,,,,,,,,,,,,,,,,,,,,,,,,,,,,,,,,,,,,,,,,,,,,,,,,,,,
,,,,,,,,,,,,,,,,,,,,,,,,,,,,,,,,,,,,,,,,,,,,,,,,,,,,,,,,,,,,,,,,,,,,,,,,,,,,,,,,,,,,,,,,,,,,,,,,,,,,,,,,,,,,,,,,,,,,,,,,,,,,,,,,,,,
,,,,,,,,,,,,,,,,,,,,,,,,,,,,,,,,,,,,,,,,,,,,,,,,,,,,,,,,,,,,,,,,,,,,,,,,,,,,,,,,,,,,,,,,,,,,,,,,,,,,,,,,,,,,,,,,,,,,,,,,,,,,,,,,,,,
,,,,,,,,,,,,,,,,,,,,,,,,,,,,,,,,,,,,,,,,,,,,,,,,,,,,,,,,,,,,,,,,,,,,,,,,,,,,,,,,,,,,,,,,,,,,,,,,,,,,,,,,,,,,,,,,,,,,,,,,,,,,,,,,,,,
,,,,,,,,,,,,,,,,,,,,,,,,,,,,,,,,,,,,,,,,,,,,,,,,,,,,,,,,,,,,,,,,,,,,,,,,,,,,,,,,,,,,,,,,,,,,,,,,,,,,,,,,,,,,,,,,,,,,,,,,,,,,,,,,,,,
,,,,,,,,,,,,,,,,,,,,,,,,,,,,,,,,,,,,,,,,,,,,,,,,,,,,,,,,,,,,,,,,,,,,,,,,,,,,,,,,,,,,,,,,,,,,,,,,,,,,,,,,,,,,,,,,,,,,,,,,,,,,,,,,,,,
,,,,,,,,,,,,,,,,,,,,,,,,,,,,,,,,,,,,,,,,,,,,,,,,,,,,,,,,,,,,,,,,,,,,,,,,,,,,,,,,,,,,,,,,,,,,,,,,,,,,,,,,,,,,,,,,,,,,,,,,,,,,,,,,,,,
,,,,,,,,,,,,,,,,,,,,,,,,,,,,,,,,,,,,,,,,,,,,,,,,,,,,,,,,,,,,,,,,,,,,,,,,,,,,,,,,,,,,,,,,,,,,,,,,,,,,,,,,,,,,,,,,,,,,,,,,,,,,,,,,,,,
,,,,,,,,,,,,,,,,,,,,,,,,,,,,,,,,,,,,,,,,,,,,,,,,,,,,,,,,,,,,,,,,,,,,,,,,,,,,,,,,,,,,,,,,,,,,,,,,,,,,,,,,,,,,,,,,,,,,,,,,,,,,,,,,,,,
,,,,,,,,,,,,,,,,,,,,,,,,,,,,,,,,,,,,,,,,,,,,,,,,,,,,,,,,,,,,,,,,,,,,,,,,,,,,,,,,,,,,,,,,,,,,,,,,,,,,,,,,,,,,,,,,,,,,,,,,,,,,,,,,,,,
,,,,,,,,,,,,,,,,,,,,,,,,,,,,,,,,,,,,,,,,,,,,,,,,,,,,,,,,,,,,,,,,,,,,,,,,,,,,,,,,,,,,,,,,,,,,,,,,,,,,,,,,,,,,,,,,,,,,,,,,,,,,,,,,,,,
,,,,,,,,,,,,,,,,,,,,,,,,,,,,,,,,,,,,,,,,,,,,,,,,,,,,,,,,,,,,,,,,,,,,,,,,,,,,,,,,,,,,,,,,,,,,,,,,,,,,,,,,,,,,,,,,,,,,,,,,,,,,,,,,,,,
,,,,,,,,,,,,,,,,,,,,,,,,,,,,,,,,,,,,,,,,,,,,,,,,,,,,,,,,,,,,,,,,,,,,,,,,,,,,,,,,,,,,,,,,,,,,,,,,,,,,,,,,,,,,,,,,,,,,,,,,,,,,,,,,,,,
,,,,,,,,,,,,,,,,,,,,,,,,,,,,,,,,,,,,,,,,,,,,,,,,,,,,,,,,,,,,,,,,,,,,,,,,,,,,,,,,,,,,,,,,,,,,,,,,,,,,,,,,,,,,,,,,,,,,,,,,,,,,,,,,,,,
,,,,,,,,,,,,,,,,,,,,,,,,,,,,,,,,,,,,,,,,,,,,,,,,,,,,,,,,,,,,,,,,,,,,,,,,,,,,,,,,,,,,,,,,,,,,,,,,,,,,,,,,,,,,,,,,,,,,,,,,,,,,,,,,,,,
,,,,,,,,,,,,,,,,,,,,,,,,,,,,,,,,,,,,,,,,,,,,,,,,,,,,,,,,,,,,,,,,,,,,,,,,,,,,,,,,,,,,,,,,,,,,,,,,,,,,,,,,,,,,,,,,,,,,,,,,,,,,,,,,,,,
,,,,,,,,,,,,,,,,,,,,,,,,,,,,,,,,,,,,,,,,,,,,,,,,,,,,,,,,,,,,,,,,,,,,,,,,,,,,,,,,,,,,,,,,,,,,,,,,,,,,,,,,,,,,,,,,,,,,,,,,,,,,,,,,,,,
,,,,,,,,,,,,,,,,,,,,,,,,,,,,,,,,,,,,,,,,,,,,,,,,,,,,,,,,,,,,,,,,,,,,,,,,,,,,,,,,,,,,,,,,,,,,,,,,,,,,,,,,,,,,,,,,,,,,,,,,,,,,,,,,,,,
,,,,,,,,,,,,,,,,,,,,,,,,,,,,,,,,,,,,,,,,,,,,,,,,,,,,,,,,,,,,,,,,,,,,,,,,,,,,,,,,,,,,,,,,,,,,,,,,,,,,,,,,,,,,,,,,,,,,,,,,,,,,,,,,,,,
,,,,,,,,,,,,,,,,,,,,,,,,,,,,,,,,,,,,,,,,,,,,,,,,,,,,,,,,,,,,,,,,,,,,,,,,,,,,,,,,,,,,,,,,,,,,,,,,,,,,,,,,,,,,,,,,,,,,,,,,,,,,,,,,,,,
,,,,,,,,,,,,,,,,,,,,,,,,,,,,,,,,,,,,,,,,,,,,,,,,,,,,,,,,,,,,,,,,,,,,,,,,,,,,,,,,,,,,,,,,,,,,,,,,,,,,,,,,,,,,,,,,,,,,,,,,,,,,,,,,,,,
,,,,,,,,,,,,,,,,,,,,,,,,,,,,,,,,,,,,,,,,,,,,,,,,,,,,,,,,,,,,,,,,,,,,,,,,,,,,,,,,,,,,,,,,,,,,,,,,,,,,,,,,,,,,,,,,,,,,,,,,,,,,,,,,,,,
,,,,,,,,,,,,,,,,,,,,,,,,,,,,,,,,,,,,,,,,,,,,,,,,,,,,,,,,,,,,,,,,,,,,,,,,,,,,,,,,,,,,,,,,,,,,,,,,,,,,,,,,,,,,,,,,,,,,,,,,,,,,,,,,,,,
,,,,,,,,,,,,,,,,,,,,,,,,,,,,,,,,,,,,,,,,,,,,,,,,,,,,,,,,,,,,,,,,,,,,,,,,,,,,,,,,,,,,,,,,,,,,,,,,,,,,,,,,,,,,,,,,,,,,,,,,,,,,,,,,,,,
,,,,,,,,,,,,,,,,,,,,,,,,,,,,,,,,,,,,,,,,,,,,,,,,,,,,,,,,,,,,,,,,,,,,,,,,,,,,,,,,,,,,,,,,,,,,,,,,,,,,,,,,,,,,,,,,,,,,,,,,,,,,,,,,,,,
,,,,,,,,,,,,,,,,,,,,,,,,,,,,,,,,,,,,,,,,,,,,,,,,,,,,,,,,,,,,,,,,,,,,,,,,,,,,,,,,,,,,,,,,,,,,,,,,,,,,,,,,,,,,,,,,,,,,,,,,,,,,,,,,,,,
,,,,,,,,,,,,,,,,,,,,,,,,,,,,,,,,,,,,,,,,,,,,,,,,,,,,,,,,,,,,,,,,,,,,,,,,,,,,,,,,,,,,,,,,,,,,,,,,,,,,,,,,,,,,,,,,,,,,,,,,,,,,,,,,,,,
,,,,,,,,,,,,,,,,,,,,,,,,,,,,,,,,,,,,,,,,,,,,,,,,,,,,,,,,,,,,,,,,,,,,,,,,,,,,,,,,,,,,,,,,,,,,,,,,,,,,,,,,,,,,,,,,,,,,,,,,,,,,,,,,,,,
,,,,,,,,,,,,,,,,,,,,,,,,,,,,,,,,,,,,,,,,,,,,,,,,,,,,,,,,,,,,,,,,,,,,,,,,,,,,,,,,,,,,,,,,,,,,,,,,,,,,,,,,,,,,,,,,,,,,,,,,,,,,,,,,,,,
,,,,,,,,,,,,,,,,,,,,,,,,,,,,,,,,,,,,,,,,,,,,,,,,,,,,,,,,,,,,,,,,,,,,,,,,,,,,,,,,,,,,,,,,,,,,,,,,,,,,,,,,,,,,,,,,,,,,,,,,,,,,,,,,,,,
,,,,,,,,,,,,,,,,,,,,,,,,,,,,,,,,,,,,,,,,,,,,,,,,,,,,,,,,,,,,,,,,,,,,,,,,,,,,,,,,,,,,,,,,,,,,,,,,,,,,,,,,,,,,,,,,,,,,,,,,,,,,,,,,,,,
,,,,,,,,,,,,,,,,,,,,,,,,,,,,,,,,,,,,,,,,,,,,,,,,,,,,,,,,,,,,,,,,,,,,,,,,,,,,,,,,,,,,,,,,,,,,,,,,,,,,,,,,,,,,,,,,,,,,,,,,,,,,,,,,,,,
,,,,,,,,,,,,,,,,,,,,,,,,,,,,,,,,,,,,,,,,,,,,,,,,,,,,,,,,,,,,,,,,,,,,,,,,,,,,,,,,,,,,,,,,,,,,,,,,,,,,,,,,,,,,,,,,,,,,,,,,,,,,,,,,,,,
,,,,,,,,,,,,,,,,,,,,,,,,,,,,,,,,,,,,,,,,,,,,,,,,,,,,,,,,,,,,,,,,,,,,,,,,,,,,,,,,,,,,,,,,,,,,,,,,,,,,,,,,,,,,,,,,,,,,,,,,,,,,,,,,,,,
,,,,,,,,,,,,,,,,,,,,,,,,,,,,,,,,,,,,,,,,,,,,,,,,,,,,,,,,,,,,,,,,,,,,,,,,,,,,,,,,,,,,,,,,,,,,,,,,,,,,,,,,,,,,,,,,,,,,,,,,,,,,,,,,,,,
,,,,,,,,,,,,,,,,,,,,,,,,,,,,,,,,,,,,,,,,,,,,,,,,,,,,,,,,,,,,,,,,,,,,,,,,,,,,,,,,,,,,,,,,,,,,,,,,,,,,,,,,,,,,,,,,,,,,,,,,,,,,,,,,,,,
,,,,,,,,,,,,,,,,,,,,,,,,,,,,,,,,,,,,,,,,,,,,,,,,,,,,,,,,,,,,,,,,,,,,,,,,,,,,,,,,,,,,,,,,,,,,,,,,,,,,,,,,,,,,,,,,,,,,,,,,,,,,,,,,,,,
,,,,,,,,,,,,,,,,,,,,,,,,,,,,,,,,,,,,,,,,,,,,,,,,,,,,,,,,,,,,,,,,,,,,,,,,,,,,,,,,,,,,,,,,,,,,,,,,,,,,,,,,,,,,,,,,,,,,,,,,,,,,,,,,,,,
,,,,,,,,,,,,,,,,,,,,,,,,,,,,,,,,,,,,,,,,,,,,,,,,,,,,,,,,,,,,,,,,,,,,,,,,,,,,,,,,,,,,,,,,,,,,,,,,,,,,,,,,,,,,,,,,,,,,,,,,,,,,,,,,,,,
,,,,,,,,,,,,,,,,,,,,,,,,,,,,,,,,,,,,,,,,,,,,,,,,,,,,,,,,,,,,,,,,,,,,,,,,,,,,,,,,,,,,,,,,,,,,,,,,,,,,,,,,,,,,,,,,,,,,,,,,,,,,,,,,,,,
,,,,,,,,,,,,,,,,,,,,,,,,,,,,,,,,,,,,,,,,,,,,,,,,,,,,,,,,,,,,,,,,,,,,,,,,,,,,,,,,,,,,,,,,,,,,,,,,,,,,,,,,,,,,,,,,,,,,,,,,,,,,,,,,,,,
,,,,,,,,,,,,,,,,,,,,,,,,,,,,,,,,,,,,,,,,,,,,,,,,,,,,,,,,,,,,,,,,,,,,,,,,,,,,,,,,,,,,,,,,,,,,,,,,,,,,,,,,,,,,,,,,,,,,,,,,,,,,,,,,,,,
,,,,,,,,,,,,,,,,,,,,,,,,,,,,,,,,,,,,,,,,,,,,,,,,,,,,,,,,,,,,,,,,,,,,,,,,,,,,,,,,,,,,,,,,,,,,,,,,,,,,,,,,,,,,,,,,,,,,,,,,,,,,,,,,,,,
,,,,,,,,,,,,,,,,,,,,,,,,,,,,,,,,,,,,,,,,,,,,,,,,,,,,,,,,,,,,,,,,,,,,,,,,,,,,,,,,,,,,,,,,,,,,,,,,,,,,,,,,,,,,,,,,,,,,,,,,,,,,,,,,,,,
,,,,,,,,,,,,,,,,,,,,,,,,,,,,,,,,,,,,,,,,,,,,,,,,,,,,,,,,,,,,,,,,,,,,,,,,,,,,,,,,,,,,,,,,,,,,,,,,,,,,,,,,,,,,,,,,,,,,,,,,,,,,,,,,,,,
,,,,,,,,,,,,,,,,,,,,,,,,,,,,,,,,,,,,,,,,,,,,,,,,,,,,,,,,,,,,,,,,,,,,,,,,,,,,,,,,,,,,,,,,,,,,,,,,,,,,,,,,,,,,,,,,,,,,,,,,,,,,,,,,,,,
,,,,,,,,,,,,,,,,,,,,,,,,,,,,,,,,,,,,,,,,,,,,,,,,,,,,,,,,,,,,,,,,,,,,,,,,,,,,,,,,,,,,,,,,,,,,,,,,,,,,,,,,,,,,,,,,,,,,,,,,,,,,,,,,,,,
,,,,,,,,,,,,,,,,,,,,,,,,,,,,,,,,,,,,,,,,,,,,,,,,,,,,,,,,,,,,,,,,,,,,,,,,,,,,,,,,,,,,,,,,,,,,,,,,,,,,,,,,,,,,,,,,,,,,,,,,,,,,,,,,,,,
,,,,,,,,,,,,,,,,,,,,,,,,,,,,,,,,,,,,,,,,,,,,,,,,,,,,,,,,,,,,,,,,,,,,,,,,,,,,,,,,,,,,,,,,,,,,,,,,,,,,,,,,,,,,,,,,,,,,,,,,,,,,,,,,,,,
,,,,,,,,,,,,,,,,,,,,,,,,,,,,,,,,,,,,,,,,,,,,,,,,,,,,,,,,,,,,,,,,,,,,,,,,,,,,,,,,,,,,,,,,,,,,,,,,,,,,,,,,,,,,,,,,,,,,,,,,,,,,,,,,,,,
,,,,,,,,,,,,,,,,,,,,,,,,,,,,,,,,,,,,,,,,,,,,,,,,,,,,,,,,,,,,,,,,,,,,,,,,,,,,,,,,,,,,,,,,,,,,,,,,,,,,,,,,,,,,,,,,,,,,,,,,,,,,,,,,,,,
,,,,,,,,,,,,,,,,,,,,,,,,,,,,,,,,,,,,,,,,,,,,,,,,,,,,,,,,,,,,,,,,,,,,,,,,,,,,,,,,,,,,,,,,,,,,,,,,,,,,,,,,,,,,,,,,,,,,,,,,,,,,,,,,,,,
,,,,,,,,,,,,,,,,,,,,,,,,,,,,,,,,,,,,,,,,,,,,,,,,,,,,,,,,,,,,,,,,,,,,,,,,,,,,,,,,,,,,,,,,,,,,,,,,,,,,,,,,,,,,,,,,,,,,,,,,,,,,,,,,,,,
,,,,,,,,,,,,,,,,,,,,,,,,,,,,,,,,,,,,,,,,,,,,,,,,,,,,,,,,,,,,,,,,,,,,,,,,,,,,,,,,,,,,,,,,,,,,,,,,,,,,,,,,,,,,,,,,,,,,,,,,,,,,,,,,,,,
,,,,,,,,,,,,,,,,,,,,,,,,,,,,,,,,,,,,,,,,,,,,,,,,,,,,,,,,,,,,,,,,,,,,,,,,,,,,,,,,,,,,,,,,,,,,,,,,,,,,,,,,,,,,,,,,,,,,,,,,,,,,,,,,,,,
,,,,,,,,,,,,,,,,,,,,,,,,,,,,,,,,,,,,,,,,,,,,,,,,,,,,,,,,,,,,,,,,,,,,,,,,,,,,,,,,,,,,,,,,,,,,,,,,,,,,,,,,,,,,,,,,,,,,,,,,,,,,,,,,,,,
,,,,,,,,,,,,,,,,,,,,,,,,,,,,,,,,,,,,,,,,,,,,,,,,,,,,,,,,,,,,,,,,,,,,,,,,,,,,,,,,,,,,,,,,,,,,,,,,,,,,,,,,,,,,,,,,,,,,,,,,,,,,,,,,,,,
,,,,,,,,,,,,,,,,,,,,,,,,,,,,,,,,,,,,,,,,,,,,,,,,,,,,,,,,,,,,,,,,,,,,,,,,,,,,,,,,,,,,,,,,,,,,,,,,,,,,,,,,,,,,,,,,,,,,,,,,,,,,,,,,,,,
,,,,,,,,,,,,,,,,,,,,,,,,,,,,,,,,,,,,,,,,,,,,,,,,,,,,,,,,,,,,,,,,,,,,,,,,,,,,,,,,,,,,,,,,,,,,,,,,,,,,,,,,,,,,,,,,,,,,,,,,,,,,,,,,,,,
,,,,,,,,,,,,,,,,,,,,,,,,,,,,,,,,,,,,,,,,,,,,,,,,,,,,,,,,,,,,,,,,,,,,,,,,,,,,,,,,,,,,,,,,,,,,,,,,,,,,,,,,,,,,,,,,,,,,,,,,,,,,,,,,,,,
,,,,,,,,,,,,,,,,,,,,,,,,,,,,,,,,,,,,,,,,,,,,,,,,,,,,,,,,,,,,,,,,,,,,,,,,,,,,,,,,,,,,,,,,,,,,,,,,,,,,,,,,,,,,,,,,,,,,,,,,,,,,,,,,,,,
,,,,,,,,,,,,,,,,,,,,,,,,,,,,,,,,,,,,,,,,,,,,,,,,,,,,,,,,,,,,,,,,,,,,,,,,,,,,,,,,,,,,,,,,,,,,,,,,,,,,,,,,,,,,,,,,,,,,,,,,,,,,,,,,,,,
,,,,,,,,,,,,,,,,,,,,,,,,,,,,,,,,,,,,,,,,,,,,,,,,,,,,,,,,,,,,,,,,,,,,,,,,,,,,,,,,,,,,,,,,,,,,,,,,,,,,,,,,,,,,,,,,,,,,,,,,,,,,,,,,,,,
,,,,,,,,,,,,,,,,,,,,,,,,,,,,,,,,,,,,,,,,,,,,,,,,,,,,,,,,,,,,,,,,,,,,,,,,,,,,,,,,,,,,,,,,,,,,,,,,,,,,,,,,,,,,,,,,,,,,,,,,,,,,,,,,,,,
,,,,,,,,,,,,,,,,,,,,,,,,,,,,,,,,,,,,,,,,,,,,,,,,,,,,,,,,,,,,,,,,,,,,,,,,,,,,,,,,,,,,,,,,,,,,,,,,,,,,,,,,,,,,,,,,,,,,,,,,,,,,,,,,,,,
,,,,,,,,,,,,,,,,,,,,,,,,,,,,,,,,,,,,,,,,,,,,,,,,,,,,,,,,,,,,,,,,,,,,,,,,,,,,,,,,,,,,,,,,,,,,,,,,,,,,,,,,,,,,,,,,,,,,,,,,,,,,,,,,,,,
,,,,,,,,,,,,,,,,,,,,,,,,,,,,,,,,,,,,,,,,,,,,,,,,,,,,,,,,,,,,,,,,,,,,,,,,,,,,,,,,,,,,,,,,,,,,,,,,,,,,,,,,,,,,,,,,,,,,,,,,,,,,,,,,,,,
,,,,,,,,,,,,,,,,,,,,,,,,,,,,,,,,,,,,,,,,,,,,,,,,,,,,,,,,,,,,,,,,,,,,,,,,,,,,,,,,,,,,,,,,,,,,,,,,,,,,,,,,,,,,,,,,,,,,,,,,,,,,,,,,,,,
,,,,,,,,,,,,,,,,,,,,,,,,,,,,,,,,,,,,,,,,,,,,,,,,,,,,,,,,,,,,,,,,,,,,,,,,,,,,,,,,,,,,,,,,,,,,,,,,,,,,,,,,,,,,,,,,,,,,,,,,,,,,,,,,,,,
,,,,,,,,,,,,,,,,,,,,,,,,,,,,,,,,,,,,,,,,,,,,,,,,,,,,,,,,,,,,,,,,,,,,,,,,,,,,,,,,,,,,,,,,,,,,,,,,,,,,,,,,,,,,,,,,,,,,,,,,,,,,,,,,,,,
,,,,,,,,,,,,,,,,,,,,,,,,,,,,,,,,,,,,,,,,,,,,,,,,,,,,,,,,,,,,,,,,,,,,,,,,,,,,,,,,,,,,,,,,,,,,,,,,,,,,,,,,,,,,,,,,,,,,,,,,,,,,,,,,,,,
,,,,,,,,,,,,,,,,,,,,,,,,,,,,,,,,,,,,,,,,,,,,,,,,,,,,,,,,,,,,,,,,,,,,,,,,,,,,,,,,,,,,,,,,,,,,,,,,,,,,,,,,,,,,,,,,,,,,,,,,,,,,,,,,,,,
,,,,,,,,,,,,,,,,,,,,,,,,,,,,,,,,,,,,,,,,,,,,,,,,,,,,,,,,,,,,,,,,,,,,,,,,,,,,,,,,,,,,,,,,,,,,,,,,,,,,,,,,,,,,,,,,,,,,,,,,,,,,,,,,,,,
