,,,,,TIME TABLE JULY TO DEC 2026,,,,,,,,,,,,,,,,,,,,,,TIME TABLE JULY TO DEC 2026,,,,,,,,,,,,,,,,,,,,,,,,,,,TIME TABLE JULY TO DEC 2026,,,,,,,,,,,,,,,,,,,,,,,,,,,,,,,,,,,,,,,,,,,,,,,,,,,,,,,TIME TABLE JULY TO DEC 2026,,,,,,,,,,,,,,,,,,,,,,,
,,,,,            3RD  YEAR -A,,,,,,,,,,,,,,,,,,,,,,            3RD  YEAR -A,,,,,,,,,,,,,,,,,,,,,,,,,,,            3RD  YEAR -A,,,,,,,,,,,,,,,,,,,,,,,,,,,,,,,,,,,,,,,,,,,,,,,,,,,,,,,,3RD YEAR -A,,,,,,,,,,,,,,,,,,,,,,
,,,,,ELECTRONICS INSTRUMENTATION ENGG,,,,ELECTRICAL  ENGG,,,,,,MECHANICAL ENGG,,,,,,,,,,,,MECHATRONICS ENGG,,,,,,ROBOTICS(D202) AND ARTIFICIAL INTELEGENCE,,,,,,,,CHEMICAL ENGG,,,,BIOTECHNOLOGY ENGG,,,,,,,,CIVIL ENGG,,,,,,CIVIL AND COMPUTER,,ELECTRICAL AND COMPUTER ENGG,,,,,,,,,,BIOMEDICAL ENGG,,COMPUTER SCIENCE AND BUSINESS SYSTEMS,,,,,,ELECTRONICS AND COMPUTER ENGG,,,,,,,,ELECTRONICS AND COMPUTER ENGG,,,,,,,,ELECTRONICS AND COMPUTER ENGG,,,,,,,,ELECTRONICS AND COMMUNICATION ENGG,,,,,,,,ELECTRONICS AND COMMUNICATION ENGG,,,,,,,,,,,,VLSI,,,,,,,,,
,,,LECTURE,,3E1,,,,3D1,,,,,,3H1,,,,,,3H2,,,,,,3I1,,,,,,3W1,,,,,,,,3A1,,,,3G1,,,,,,,,3B1,,,,,,3U1,,3S1,,,,,,,,,,3J1,,3R1,,,,,,3O1,,,,,,,,3O2,,,,,,,,3O3,,,,,,,,3F1,,,,,,,,3F2,,,,,,3F3,,,,,,3V1,,,,,,,,,
,,,TUTORIAL,,3E11,,3E12,,3D11,,3D12,,3D13,,3H11,,3H12,,3H13,,3H21,,3H22,,3H23,,3I11,,3I12,,3I13,,3W11,,3W12,,3W13,,3W14,,3A11,,3A12,,3G11,,3G12,,3G13,,3G14,,3B11,,3B12,,3B13,,3U11,,3S11,,3S12,,3S13,,3S14,,3S15,,3J11,,3R11,,3R12,,3R13,,3O11,,3O12,,3O13,,3O14,,3O21,,3O22,,3O23,,3O24,,3O31,,3O32,,3O33,,3O34,,3F11,,3F12,,3F13,,3F14,,3F21,,3F22,,3F23,,3F31,,3F32,,3F33,,3V11,,3V12,,3V13,,,,,
DAY,DAY,SR NO,PRACTICAL,HOURS,3E1A,,3E1B,,3D1A,,3D1B,,3D1C,,3H1A,,3H1B,,3H1C,,3H2A,,3H2B,,3H2C,,3I1A,,3I1B,,3I1C,,3W1A,,3W1B,,3W1C,,3W1D,,3A1A,,3A1B,,3G1A,,3G1B,,3G1C,,3G1D,,3B1A,,3B1B,,3B1C,,3U1A,,3S1A,,3S1B,,3S1C,,3S1D,,3S1E,,3J1A,,3R1A,,3R1B,,3R1C,,3O1A,,3O1B,,3O1C,,3O1D,,3O2A,,3O2B,,3O2C,,3O2D,,3O3A,,3O3B,,3O3C,,3O3D,,3F1A,,3F1B,,3F1C,,3F1D,,3F2A,,3F2B,,3F2C,,3F3A,,3F3B,,3F3C,,3V1A,,3V1B,,3V1C,,DAY,SR NO,HOURS,
,,,,,,,,,,,,,,,,,,,,,,,,,,,,,,,,,,,,,,,,,,,,,,,,,,,,,,,,,,,,,,,,,,,,,,,,,,,,,,,,,,,,,,,,,,,,,,,,,,,,,,,,,,,,,,,,,,,,,,,,,,,,,,,,,,,,
,,1,,8:00 AM,,,,,,,,,,,,,,,,,,,,,,,UMT521P,,,,,,,,,,,,,,,,,,,,,,,,,,,,,,,,,,,,,,,,,,,,,,,,,,,,UNC514P,,,,,,,,UNC514P,,,,,,,,UNC501P,,,,UNC501P,,UEC716P,,,,,,,,,,,,UEC502P,,,,,,,,UTA025T,,UVD515P,,,,UNC503P,,,1,8:00 AM,
M,M,,,,,,,,,,,,,,,,,,,,,,,,,,B302,,,,,,,,,,,,,,,,,,,,,,,,,,,,,,,,,,,,,,,,,,,,,,,,,,,,C328,,,,,,,,C328,,,,,,,,C332,,,,C327,,C202,,,,,,,,,,,,C203,,,,,,,,B107,,C221,,,,C333,,M,,,
,,2,,8:50:AM,UEI601L,,,,,,,,,,,,,,,,,,,,,,DMG/SPP,,,,,,,,,,,,,,,,,,,,,,,,,,,,,,,,,,,,,,,,UEE508T,,,,,,,,,,,,LAB,,,,,,,,LAB,,,,,,,,LAB,,,,LAB,,LAB,,,,,,,,,,,,LAB,,,,,,,,SCB,,LAB,,,,LAB,,,2,8:50:AM ,
O,O,,,,E102,,,GK,,,,,,,,,,,,,,,,,,,,,,,,,,,,,,,,,,,,,,,,,,,,,,,,,,,,,,,,,,,E307,TA13,,,,,,,,,,,SUR,,,,,,,,SUR,,,,,,,,MJS,,,,ABN-RA,,SUJ,,,,,,,,,,,,RAA,,,,,,,,,,SP,,,,APC7,,O,,,
,,3,,9:40: AM,UEIXXXP,,UEI608P,,ULC601L,,,,,,UTA025L,,,,,,UME718T,,,,UTA024P,,UME403T,,,,,,,,,,,,,,UCH509L,,,,UBT517L,,,,,,,,UCE521L,,,,,,UCC521L,,UEE508P,,UEE512P,,ULC502P,,ULC501P,,ULC502P,,,,UHU028L/UHU026L,,,,,,UNC503L,,,,,,,,UEC502P,,UNC503P,,UEC310T,,,,UNC503L,,,,,,,,UEC513P,,UEC519T,,,,UEC519P,,UEC513L,,,,,,UEC750P,,UEC502P,,UEC512P,,UVD501L,,,,,,,3,9:40: AM ,
N,N,,,,TFS(C225),,BMI(B213),,E102,,,,,SKJ,F107,,,,,VS,F210,SKM,,,L101/B216,,F309,DKJ,,,,,,,,,,,,,E310,,,AC,F208,,,,,,,BB,E103,,,,,ABK,E308,DAS,I&C(C217),,PE(C113),,IOT(D206B),,BMC(C323),,PSS(H220),,,,E106/E301,,,,,GK/SPT,B308,,,,,,,SUR,C203,,C333,,F303,PV,,,B309,,,,,,,RU,C202,,F316,APC15,,,B214,,F203,,,,,DG,C221,,C326,,C210,,F204,,,,,MA,N,,,
,,4,,10:30: AM,LAB,,LAB,,UEE514L/UEE527L/ULC303L,,,,,,UME633L,,,,,,UME404T,,,,LAB,,UMT504T,,UME403T,,UMT504T,,UME725L,,,,,,,,UCH501T,,UCH405P,,UBT521L,,,,,,,,UCE511L,,,,,,UCC503L,,LAB,,LAB,,LAB,,LAB,,LAB,,,,UCT502L,,,,,,UEC502L,,,,,,,,LAB,,LAB,,UEC502T,,,,UEC502L,,,,,,,,LAB,,UEC750T,,,,LAB,,UEC519L,,,,,,LAB,,LAB,,LAB,,UNC503L,,,,,,,4,10:30: AM,
D,D,,,,NJS,,RA,,E308/E102/B301,,,,,DND/SHT/ALK,F107,,,,,RSJ,F210,RKG,,,SAS-RA/AMK1,,F313,RKD,F309,DKJ,F313,RKD,F108,,,,,,,SPP,E310,SKA,B119,,F208,,,,,,,AKU,D115,,,,TNC,,E303,HS,SAH,,TA1,,ADG,,TA9,,TA6,,,,E106,,,,,SUG,B308,,,,,,,AKK,APC11,,DVG,,F303,APC12,,,B309,,,,,,,SNJ,DN,,F316,SUJ,,,AM,,F203,,,,,SUS,APC8,,RF11,,HS,,F204,,,,,DGS,D,,,
,,5,,11:20 AM,UEI601P,,UEI604P,,UEE504L,,,,,,UME718P,,UME718P,,UME718T,,UME718L,,,,,,UME511L,,,,,,UML501L,,,,,,,,UCH401T,,LAB,,UBT513 L,,,,,,,,UCE501L,,,,,,UCC502L,,UEE512P,,ULC601P,,ULC601P,,UEE508P,,ULC501P,,,,UCT501L,,,,,,UEC502P,,,,UNC501P,,UEC716P,,UEC523L,,,,,,,,,,,,,,,,UEC750L,,,,,,,,UEC513P,,,,UTA025T,,UEC512L,,,,,,UEC502L,,,,,,,5,11:20 AM,
A,A,,,,II(D207),,PDC(C220),,E102,,,,,MBK,ICE(H106),,ICE(H106),,F210,RPS,F108,,,,,SKM,F109,,,,,GTS,F107,,,,,,,VPR,E310,RGU,SKS,,F208,,,,,,,PD,D115,,,,APR,,E308,NEN,PE(C113),,NETWORK(H223),,PSS(H220),,I&C(C217),,BMC(C323),,,,E106,,,,,RAJ,C203,,,,C332,,C326,,B308,,,,,,,CDM,,,,,,,,,B309,,,,,,,RJS,C202,,,,E302,,F202,,,,,SKR,F204,,,,,RAA,A,,,
,,6,,12:10 PM,LAB,,LAB,,UEI501L,,,,,,LAB,,LAB,,,,UME511L,,,,,,UMT403L,,,,,,,,,,,,,,,,,,UBT516L,,,,,,,,,,,,,,,,LAB,,LAB,,LAB,,LAB,,LAB,,,,UHU042L,,,,,,LAB,,,,LAB,,LAB,,UEC523L,,,,,,,,,,,,,,,,UEC512L,,,,,,,,LAB,,,,LAB,,UEC513L,,,,,,UEC867L,,,,,,,6,12:10 PM,
Y,Y,,,,GK,,RPN,,E102,,,,,SG,KL,,KL,,,,F108,,,,,DK,F109,,,,,BJS,,,,,,,,,,,,,F208,,,,,,,VKH,,,,,,,,,MKS,,TA15,,TA4,,SAH,,RVK,,,,E106,,,,,NSD,RVK,,,,ABH-RA,,AUS,,B308,,,,,,,CDM,,,,,,,,,B309,,,,,,,HS,HVR,,,,PMS,,F202,,,,,DN,F204,,,,,RPN,Y,,,
,,7,,1:00 PM,,,,,,,,,,,,,,,,,,,,,,,,,,,,,,,,,,,,,,,,,,,,,,,,,,,,,,,,,,,,,,,,,,,UEI831L,,,,,,,,,,,,,,,,,,,,,,,,UEC310L,,,,,,,,,,,,,,,,,,,,,,,,,,,,,,,,,,,7,1:00 PM,
,,,,,,,,,,,,,,,,,,,,,,,,,,,,,,,,,,,,,,,,,,,,,,,,,,,,,,,,,,,,,,,,,,,,,,,E307,DBM,,,,,,,,,,,,,,,,,,,,,,,B309,,,,,,,PV,,,,,,,,,,,,,,,,,,,,,,,,,,,,,,
,,8,,1:50 PM,,,,,,,,,,,,,,,,,UME408L,,,,,,,,,,,,UMT802L,,,,,,,,UTA025P,,,,,,,,,,,,UCE521P,,,,,,UCC521P,,ULC511L,,,,,,,,,,UBM504L,,UCT501P,,UHU028P,,,,UNC501P,,UEC716P,,,,UNC501P,,UNC501L,,,,,,,,UEC502P,,UNC503P,,UTA025T,,,,UEC502L,,,,,,,,UEC512P,,UEC750P,,UEC519P,,UEC523P,,,,,,,,UEC867T,,,,,8,1:50 PM,
,,,,,,,,,,,,,,,,,,,,,F102,,,,,BJS,,,,,,,F107,,,,,,AKS,,F309,,,,,,,,,,,,E204,,,,,,F302,,E105,,,,,,,,,MBK,E307,DM,PL-4(L011),,E307,,,,C332,,C326,,,,C327,,B308,,,,,,,MJS,C203,,C333,,F310,,,,B309,,,,,,,RAA,C210,,C221,,B214,,F204,,,,,,,,E304,RPN,,,,,,
,,9,,2:40 PM,UEI604T,,UEI601T,,,,,,,,UME720L,,,,,,UME720L,,,,,,UMT521L,,,,,,URA521L,,,,,,,,MDS,,,,,,,,UBT517T,,,,ABK,,,,,,LAB,,ULC502L,,,,,,,,,,UBM504T,,LAB,,GK,,,,LAB,,LAB,,,,LAB,,UTA025L,,,,,,,,LAB,,LAB,,NS,,,,UEC513L,,,,,,,,LAB,,LAB,,LAB,,NJ,,,,,,UVD515L,,,,,,,9,2:40 PM,
,,,,,E306,RPN,E304,GK,,,,,,,F206,,,,,MDM,F102,,,,,SSH,B303,,,,,DMG,F107,,,,,,SPP,,,,,,,,,,F208,BB,,,,,,,,,DAS,,B208,,,,,,,,,ADG,E307,DM,RAJ,,,,,,ABH-RA,,SUJ,,,,ABN-RA,,B308,,,,,,,HSP,LKB,,AJK,,,,,,B309,,,,,,,GDS,HS,,APC8,,SUS,,,,,,,,F202,,,,,SP,,,,
,,10,,3:30 PM,UEI608L,,,,UTA025P,,,,UTA025P,,UME633P,,,,,,UTA025P,,,,,,,,,,,,,,,,,,,,,,,,UTA025P,,,,,,,,UCE511P,,,,UCE501P,,UCE693P,,ULC501P,,UEE508P,,UEE512P,,UEE512T,,,,UBM605P,,UHUXX2P,,,,,,UEC521P/UNC514P/UCS534P/UCS668P/UCS550P/UCS539L(Upto 04:20 PM),,,,,,,,,,,,,,,,,,,,,,,,UEC520P/UEC521/UCS534P/UCS668P/UCS550P/UCS539L(Upto 04:20 PM),,,,,,,,,,,,,,,,,,,,UCS534P/UCS668P/UCS550P/UCS539L(Upto 04:20 PM),,,,,,,10,3:30 PM,
,,,,,E102,,,RA,VENTURE LAB(VL301),,,,B301,,F107,,,,,,F309,,,,,,,,,,,,,,,,,,,,,,,,F208,,,,,,,,D117,,,,CD122,,C218,,ISD(C223),,I&C(C217),,PE(C113),,E303,TA1,,,BMC(C323),,E103,,,,,,C221/C326/L408/L004/L102/LT102,,,,,,,,,,,,,,,,,,,,,,,,C333/C221/L408/L004/L102/LT102,,,,,,,,,,,,,,,,,,,,L408/L004/L102/LT101,,,,,,,,,
,,11,,4:20 PM,UEIXXXL,,,,LAB,,,,SCB,,RSJ/SPP,,,,,,HH,,,,,,,,,,,,,,,,,,,,,,,,RM,,,,,,,,LAB,,,,LAB,,LAB2,,LAB,,LAB,,LAB,,,,,,LAB,,RR,,,,,,LAB,,,,,,,,,,,,,,,,,,,,,,,,LAB,,,,,,,,,,,,,,,,,,,,LAB,,,,,,,11,4:20 PM,
,,,,,E102,,,AMT,DPM,,,,,,,,,,,,,,,,,,,,,,,,,,,,,,,,,,,,,,,,,,,,TNC,,,,APC3,,ABD,,TA9,,TA13,,MKS,,,,,,ASG,,,,,,,,SSK/SUR/MAN/JHB/SAL/ROS,,,,,,,,,,,,,,,,,,,,,,,,SUK/SSK/MAN/JHB/SAL/ROS,,,,,,,,,,,,,,,,,,,,MAN/JHB/SAL/ROS,,,,,,,,,
,,12,,5:10 PM,,,,,,,,,,,,,,,,,,,,,,,,,,,,,,,,,,,,,,,,,,,,,,,,,,,,,,,,,,,,,,,,,,,,,,,,,,,UCS539P,,,,,,,,,,,,,,,,,,,,,,,,UCS539P,,,,,,,,,,,,,,,,,,,,UCS539P,,,,,,,12,5:10 PM,
,,,,,,,,,,,,,,,,,,,,,,,,,,,,,,,,,,,,,,,,,,,,,,,,,,,,,,,,,,,,,,,,,,,,,,,,,,,,,,,L002,,,,,,,,,,,,,,,,,,,,,,,,L002,,,,,,,,,,,,,,,,,,,,L002,,,,,,,,,
,,13,,6:00 PM,,,,,,,,,,,,,,,,,,,,,,,,,,,,,,,,,,,,,,,,,,,,,,,,,,,,,,,,,,,,,,,,,,,,,,,,,,,LAB,,,,,,,,,,,,,,,,,,,,,,,,LAB,,,,,,,,,,,,,,,,,,,,LAB,,,,,,,13,6:00 PM,
,,,,,,,,,,,,,,,,,,,,,,,,,,,,,,,,,,,,,,,,,,,,,,,,,,,,,,,,,,,,,,,,,,,,,,,,,,,,,,,ROS,,,,,,,,,,,,,,,,,,,,,,,,ROS,,,,,,,,,,,,,,,,,,,,ROS,,,,,,,,,
,,14,,6:50 PM,,,,,,,,,,,,,,,,,,,,,,,,,,,,,,,,,,,,,,,,,,,,,,,,,,,,,,,,,,,,,,,,,,,,,,,,,,,,,,,,,,,,,,,,,,,,,,,,,,,,,,,,,,,,,,,,,,,,,,,,,,,,,,14,6:50 PM,
,,,,,,,,,,,,,,,,,,,,,,,,,,,,,,,,,,,,,,,,,,,,,,,,,,,,,,,,,,,,,,,,,,,,,,,,,,,,,,,,,,,,,,,,,,,,,,,,,,,,,,,,,,,,,,,,,,,,,,,,,,,,,,,,,,,,
,,1,,8:00 AM,UEI604L,,,,,,,,,,,,UTA024P,,UME718P,,,,,,UME718P,,,,UTA024P,,,,UML501P,,,,,,,,,,,,,,,,,,,,UCE501L,,,,,,,,,,,,,,,,,,,,,,,,,,,,,,,,,,,,,,,,,,,,,,,,,,,,,,,,,,,,UEC519P,,,,UEC513P,,,,,,,,,,,,,1,8:00 AM,
T,T,,,,E102,,,RPN,,,,,,,,,B216/L101,,ICE(H106),,,,,,ICE(H106),,,,L101/B216,,,,CAM(H107),,,,,,,,,,,,,,,,,,,,E103,,,,,APR,,,,,,,,,,,,,,,,,,,,,,,,,,,,,,,,,,,,,,,,,,,,,,,,,,,,,,,B214,,,,C202,,,,,,,,,,,,T,,,
,,2,,8:50 AM,UEI306L,,,,UEI501P,,UEE510P,,UEE504P,,,,LAB,,LAB,,,,,,LAB,,,,LAB,,,,LAB,,,,,,,,UCH506L,,,,UBT517L,,,,,,,,UCE401L,,,,,,UCC503L,,,,,,,,,,,,UEI614L,,UHU030L,,,,,,UTA025L,,,,,,,,UEC716L,,,,,,,,,,,,,,,,,,,,UEC750T,,,,,,LAB,,,,LAB,,UEC502T,,,,,,,,,,,2,8:50 AM,
U,U,,,,E102,,,ABP,I&C(C217),,HV(C102),,PE(C113),,,,APC11/SAS-RA,,SDS,,,,,,SDS,,,,SAS-RA/APC11,,,,VPR,,,,,,,,E310,,,PMS,F208,,,,,,,BB,E103,,,,,DNR,E303,HS,,,,,,,,,,,E307,MIS,E106,,,,,SCB,B305,,,,,,,AB,B308,,,,,,,SUJ,,,,,,,,,,,,,B309,APC8,,,,,APC3,,,,PF3,,F316,APC12,,,,,,,,,U,,,
,,3,,9:40 AM,UEI608L,,,,LAB,,LAB,,LAB,,UME511L,,,,,,UTA025L,,,,,,,,,,,,UMT403T,,UME725T,,UML501P,,UMT802P,,UCH405L,,,,UBT516L,,,,,,,,UCE512L,,,,,,UCC501L,,UEE508T,,,,,,,,,,UBMXXXL,,UCT502L,,,,,,UEC502T,,UEC502P,,UEC716P,,UNC503P,,UNC503L,,,,,,,,,,,,,,UEC502P,,UEC523L,,,,,,,,UEC502L,,,,,,UEC512L,,,,,,UEC523L,,,,,,,3,9:40 AM,
E,E,,,,E102,,,RA,SG,,PBK,,MBK,,F107,,,,,SSD,F108,,,,,VS,,,,,,,F309,MDS,F316,SPP,CAM(H107),,IA(H214),,E310,,,SKS,F208,,,,,,,VKH,E103,,,,,ABD,E303,RP,E308,SAH,,,,,,,,,E307,DBD,E106,,,,,SUG,F303,SNJ,C203,,C202,,C333,,B308,,,,,,,DVG,,,,,,,C326,,B309,,,,,,,SMD,F203,,,,,LKB,F202,,,,,SKR,F204,,,,,NJ,E,,,
,,4,,10:30 AM,UEIXXXL,,,,UEE410P,,UEI510P,,UEE410P,,UME404L,,,,,,UTA024L,,,,,,UTA025L,,,,,,UME725T,,UMT403T,,LAB,,LAB,,UCH506T,,UCH401P,,UBT515L,,,,,,,,UCE511L,,,,,,UTA025L,,ULC502P,,,,,,,,ULC601P,,UBM505L,,UCT501L,,,,,,UEC310T,,LAB,,LAB,,LAB,,UEC310L,,,,,,,,,,,,,,LAB,,UEC523L,,,,,,,,UEC512L,,,,,,UEC513L,,,,,,UEC523L,,,,,,,4,10:30 AM,
S,S,,,,E102,,,NJS,ISD(C223),,I&C(C217),,BMC(C323),,F107,,,,,GB,F108,,RPN/AKV,,,,F206,,,,,APH,F316,SPP,F309,HLB,STG,,SKH,,E310,PMS,B124,,F208,,,,,,,MSR,D115,,,,,TNC,F206,APH,PSS(H220),,,,,,,,NETWORK(H223),,E307,SKS,E106,,,,,RAJ,F303,APC12,AKK,,AUS,,SUR,,B308,,,,,,,GTJ,,,,,,,ST,,B309,,,,,,,SMD,F203,,,,,KBS,F202,,,,,DN,F204,,,,,NJ,S,,,
,,5,,11:20 AM,UEI601L,,,,LAB,,LAB,,LAB,,UME404T,,,,UME408T,,UME404L,,,,,,UMT504L,,,,,,UMT403L,,,,,,,,UCH405T,,LAB,,UBT513L/UBT512L,,,,,,,,UCE401T,,UCE693P,,,,UCC502L,,LAB,,,,,,,,LAB,,UBM504L,,UHU042P,,UCT502P,,,,UNC501L,,,,,,,,UEC502L,,,,,,,,UNC503L,,,,,,,,UEC512L,,,,,,,,UEC750L,,,,,,UEC519P,,UEC512P,,UEC750P,,UVD501L,,,,,,,5,11:20 AM,
D,D,,,,E102,,,GK,TA10,,SG,,MDL,,F210,GB,,,F313,,F108,,,,,RKG,F109,,,,,RKD,F107,,,,,,,HLB,E310,SKS,CS,,F208/F308,,,,,,,PD/DD,E103,DNR,C218,,,,F206,NEN,ADG,,,,,,,,TA15,,E307,DM,E306,,SS-1 (L201),,,,B305,,,,,,,DGS,B308,,,,,,,RVK,B301,,,,,,,RU,B309,,,,,,,HS,F203,,,,,SV,B214,,C210,,C221,,F204,,,,,MA,D,,,
,,6,,12:10 PM,,,,,,,,,,,,,UME404T,,ABY,,UME718L,,,,,,UTA024L,,,,,,UMT802L,,,,,,,,UCH401L,,,,,,,,,,,,UCE501T,,LAB,,,,,,UEE512L,,,,,,,,,,,,LAB,,LAB,,,,UEC716L,,,,,,,,UNC501L,,,,,,,,UEC310L,,,,,,,,UEC519L,,,,,,,,UEC513L,,,,,,LAB,,LAB,,LAB,,UEC610L,,,,,,,6,12:10 PM,
A,A,,,,,,,,,,,,,,,,F210,GB,,,F108,,,,,SKM,F109,,,,,GDS/AKB,F107,,,,,,,AKS,E310,,,RGU,,,,,,,,,E103,APR,HS,,,,,,B307,,,,,,,,,MKS,,,NSD,,SUG,,,,B305,,,,,,,AUS,B308,,,,,,,MJS,B301,,,,,,,PV,B309,,,,,,,HSS,F203,,,,,DG,SUS,,SKR,,RJS,,F204,,,,,AMK1,A,,,
,,7,,1:00 PM,,,,,,,,,,,,,,,,,,,,,,,,,,,,,,,,,,,,,,,,,,,UBT518P,,,,,,,,,,,,,,,,,,,,,,,,,,,,,,,,,,,,,,,,,,,,,,,,,,,,,,,,,,,,,,,,,,,,,,,,,,,,,,,,,,,7,1:00 PM,
Y,Y,,,,,,,,,,,,,,,,,,,,,,,,,,,,,,,,,,,,,,,,,,,,,,STEP,,,,,,,,,,,,,,,,,,,,,,,,,,,,,,,,,,,,,,,,,,,,,,,,,,,,,,,,,,,,,,,,,,,,,,,,,,,,,,,,,,Y,,,
,,8,,1:50 PM,UEI608P,,UEIXXXP,,UEE504L,,,,,,UME408T,,,,UTA025P,,UME408T,,UME408T,,UTA025P,,UMT504P,,UMT503P,,,,,,,,,,,,,,,,,,FIRST FLOOR,,,,,,,,,,,,UCC502P,,ULC303L,,,,,,,,,,UBM505P,,UHU026 P,,,,,,,,,,,,,,UNC501P,,UEC502P,,UEC716P,,UNC501P,,UNC501L,,,,,,,,UTA025L,,,,,,,,UEC519T,,,,UEC750P,,UEC502L,,,,,,,,,,,,,8,1:50 PM,
,,,,,BMI(B213),,TFS(C225),,E102,,,,,MBK,F210,,,,F309,,F313,,F312,,F309,,ROBOTICS(D201),,MTX(D202),,,,,,,,,,,,,,,,,,LAB,,,,,,,,,,,,D117,,B208,,,,,,,,,ALK,ANALOG(B211),,E104,,,,,,,,,,,,,,C332,,C203,,C326,,C327,,B308,,,,,,,TSP,B309,,,,,,,PK,F303,AM,,,C221,,F203,,,,,AKA,,,,,,,,,,
,,9,,2:40 PM,LAB,,LAB,,,,,,,,LAB,,,,LAB,,BJS,,RKG,,VS,,LAB,,LAB,,,,UME725L,,,,,,,,UCH501L,,,,,,PKH,,,,,,,,,,UCE401T,,LAB,,UEE508L,,,,,,,,,,LAB,,LAB,,,,,,UEC310L,,,,,,,,LAB,,LAB,,LAB,,LAB,,UEC716L,,,,,,,,UEC502L,,,,,,,,UEC750T,,UEC519T,,LAB,,UEC750L,,,,,,UVD515L,,,,,,,9,2:40 PM,
,,,,,RA,,NJS,,,,,,,,PNK,,,,VS,,,,,,,,RKD,,SNK,,,,F107,,,,,,,SPP,E310,,,SKA,,,,,,,,,,,,,E103,DNR,TNC,,B208,,,,,,,,,SAH,SKS,,MT,,,,,,B303,,,,,,,LKB,MJS,,SNJ,,UKS,,ABH-RA,,B308,,,,,,,AUS,B309,,,,,,,RAA,F303,APC8,E303,APC15,RJS,,F203,,,,,SUJ,F202,,,,,SP,,,,
,,10,,3:30 PM,,,,,UEE504P,,UEI501T,,,,UME408L,,,,,,UTA024P,,UTA024P,,UME408T,,UME511P,,UME511P,,,,,,,,,,,,UCH509P,,,,UBT518P,,,,,,,,UTA025P,,,,UCE693P,,,,ULC601P,,ULC501P,,UEE508T,,ULC502P,,UEE512T,,UEI614P,,UCT513T,,,,,,UNC503P,,UEC502T,,UEC310T,,UNC502P,,,,,,UTA025T,,,,UEC523P,,,,,,,,UEC512P,,UEC519P,,UEC513P,,UEC502P,,,,UEC502T,,UEC502T,,,,UEC750P,,UEC519T,,UTA025T,,,,UEC867T,,,10,3:30 PM,
,,,,,,,,,PE(C113),,E102,SG,,,F107,,,,,PNK,B216/L101,,L101/B216,,F316,,AUTO(W121),,AUTO(W121),,,,,,,,,,,,E310,,,,STEP,,,,,,,,D115,,,,C218,,,,NETWORK(H223),,BMC(C223),,E303,SAH,IOT(D206B),,E305,TA1,BMI(B213),,PGAS2(L410),,,,,SB,C333,,F303,AKA,B309,GTJ,C203,,,,,,E205,,,,B308,,,,,,,,C210,,B214,,C202,,C326,,,,E301,APC14,E308,APC11,,,C221,,F203,APC3,F204,,,,E306,RPN,,,,
,,11,,4:20 PM,,,,,LAB,,,,UEI501T,,UME718L,,,,,,LAB,,LAB,,RKG,,LAB,,LAB,,,,,,,,,,,,AC,,,,FIRST FLOOR,,,,,,,,LAB,,,,LAB,,,,LAB,,LAB,,UEE512T,,LAB,,,,LAB,,,,,,,,LAB,,UEC310T,,UEC502T,,LAB,,,,,,HSP,,,,LAB,,,,,,,,LAB,,LAB,,LAB,,LAB,,,,UEC750T,,UEC519T,,,,LAB,,,,VVG,,,,UVD501T,,,11,4:20 PM,
,,,,,,,,,MBK,,,,E102,SG,F107,,,,,KL,GDS/KAS,,KAS/GDS,,,,DK,,DK,,,,,,,,,,,,,,,,LAB,,,,,,,,RBB,,,,NKW,,,,SBH,,TA9,,E305,MKS,ADG,,,,MIS,,,,,,,,RF13,,F303,LKB,B309,RAA,AKK,,,,,,,,,,NJ,,,,,,,,KBS,,SUS,,HVR,,RVK,,,,E301,RJS,E308,AM,,,SV,,,,,,,,E306,MA,,,,
,,12,,5:10 PM,,,,,,,,,,,,,,,,,,,,,,,,,,,,,,,,,,,,,,,,,AKU,,,,,,,,,,,,,,,,,,,,,,,,,,,,,,,,,,,,,,,,,,,,,,,,,,,,,,,,,,,,,,,,,,,,,,,,,,,,,,,,,,,,,12,5:10 PM,
,,,,,,,,,,,,,,,,,,,,,,,,,,,,,,,,,,,,,,,,,,,,,,,,,,,,,,,,,,,,,,,,,,,,,,,,,,,,,,,,,,,,,,,,,,,,,,,,,,,,,,,,,,,,,,,,,,,,,,,,,,,,,,,,,,,,
,,13,,6:00 PM,,,,,,,,,,,,,,,,,,,,,,,,,,,,,,,,,,,,,,,,,,,,,,,,,,,,,,,,,,,,,,,,,,,,,,,,,,,,,,,,,,,,,,,,,,,,,,,,,,,,,,,,,,,,,,,,,,,,,,,,,,,,,,13,6:00 PM,
,,,,,,,,,,,,,,,,,,,,,,,,,,,,,,,,,,,,,,,,,,,,,,,,,,,,,,,,,,,,,,,,,,,,,,,,,,,,,,,,,,,,,,,,,,,,,,,,,,,,,,,,,,,,,,,,,,,,,,,,,,,,,,,,,,,,
,,14,,6:50 PM,,,,,,,,,,,,,,,,,,,,,,,,,,,,,,,,,,,,,,,,,,,,,,,,,,,,,,,,,,,,,,,,,,,,,,,,,,,,,,,,,,,,,,,,,,,,,,,,,,,,,,,,,,,,,,,,,,,,,,,,,,,,,,14,6:50 PM,
,,,,,,,,,,,,,,,,,,,,,,,,,,,,,,,,,,,,,,,,,,,,,,,,,,,,,,,,,,,,,,,,,,,,,,,,,,,,,,,,,,,,,,,,,,,,,,,,,,,,,,,,,,,,,,,,,,,,,,,,,,,,,,,,,,,,
,,1,,8:00 AM,,,,,,,,,,,,,,,,,UME511P/UME720P,,,,,,,,,,UME511P,,URA521L,,,,,,,,,,,,,,,,,,,,,,,,,,,,,,,,,,,,,,,,,,,,,,UNC514P/UEC521P,,,,,,,,UEC523P,,,,,,,,UNC514P/UEC521P,,,,,,,,UEC521P,,,,,,,,,,,,,,UEC502L,,,,,,,,,,,,,1,8:00 AM,
W,W,,,,,,,,,,,,,,,,,,,,AUTO(W121)/HT(W118A),,,,,,,,,,AUTO(W121),,F108,,,,,,,SPP,,,,,,,,,,,,,,,,,,,,,,,,,,,,,,,,,,,,,,,C326/C221,,,,,,,,B305,,,,,,,,C326/C221,,,,,,,,C221,,,,,,,,,,,,,,F204,,,,,AKA,,,,,,,W,,,
,,2,,8:50 AM,,,,,UEI501T,,,,,,UME408L,,,,,,LAB,,,,,,,,,,LAB,,UME501L,,,,,,,,UCH501L,,,,UBT516L,,,,,,,,UCE401L,,,,,,,,,,,,,,,,,,UBM605L,,,,,,,,LAB,,,,,,,,LAB,,,,,,,,LAB,,,,,,,,LAB,,,,,,,,,,,,,,UEC750L,,,,,,UEC502L,,,,,,,2,8:50 AM,
E,E,,,,,,,,E102,SG,,,,,F107,,,,,PNK,GTS/SSH,,,,,,,,,,GTS,,F108,,,,,,,VPR,E310,,,SKA,F208,,,,,,,VKH,E103,,,,,DNR,,,,,,,,,,,,,E307,ASG,,,,,,,SUR/SSK,,,,,,,,VKM,,,,,,,,SUR/SSK,,,,,,,,SSK,,,,,,,,,,,,,,F204,,,,,SUJ,F203,,,,,RAA,E,,,
,,3,,9:40 AM,UEI604P,,UEI601P,,UEE510L,,,,,,UME404L,,,,,,UME511L,,,,,,UMT403L,,,,,,UMT403P,,UMT403P,,UMT802P,,UML501P,,UCH509L,,,,UBT517L,,,,,,,,UCE512L,,,,,,UCC505L,,ULC501L,,,,,,,,,,UBM504L,,UCT502L,,,,,,UEC716L,,,,,,,,UEC310T,,UNC301P,,UEC502P,,,,UEC310L,,,,,,,,UEC519T,,UEC513P,,UEC502T,,,,UEC502L,,,,,,UTA025L,,,,,,UEC502P,,UNC503P,,UVD501P,,,3,9:40 AM,
D,D,,,,PDC(C220),,II(D207),,E102,,,,,PBK,F107,,,,,GB,F108,,,,,DK,F109,,,,,BJS,SM(W123),,SM(W123),,IA(H214),,CAM(H107),,E310,,,AC,F208,,,,,,,BB,E103,,,,,ABD,E303,HAS,B208,,,,,,,,,RVK,E307,DM,E106,,,,,SUG,B308,,,,,,,AUS,F303,GTJ,C332,,C326,,,,B309,,,,,,,PV,F316,SUS,C202,,F309,RVK,,,F203,,,,,LKB,F204,,,,,SCB,C203,,C333,,C221,,D,,,
,,4,,10:30 AM,LAB,,LAB,,UEE514L/UEE527L/ULC303L/,,,,,,UME633L,,,,,,UME718L,,,,,,UME511L,,,,,,LAB,,LAB,,LAB,,LAB,,UCH501P,,UCH405T,,UBT516L,,,,,,,,UCE511L,,,,,,UC501L,,UEE512L,,,,,,,,,,UBM505L,,UCT501L,,,,,,UEC502L,,,,,,,,UEC502T,,LAB,,LAB,,,,UEC502L,,,,,,,,UEC750T,,LAB,,UEC519T,,UEC750T,,UEC512L,,,,,,UEC519L,,,,,,LAB,,LAB,,LAB,,,4,10:30 AM,
N,N,,,,TA5,,GK,,E308/E102/B301,,,,,DND/SHT/ALK,F107,,,,,RSJ,F108,,,,,SKM,F109,,,,,GTS,HLB,,HLB,,SKH,,STG,,C120,,E310,SKS,F208,,,,,,,MSR,D115,,,,,TNC,E312,RP,B208,,,,,,,,,MKS,E307,SKS,E106,,,,,RAJ,B308,,,,,,,AKK,F303,APC10,ABH-RA,,RF11,,,,B309,,,,,,,SNJ,F316,SUJ,DG,,F309,APC15,F313,RJS,F203,,,,,KBS,F204,,,,,AM,APC12,,APC7,,MA,,N,,,
,,5,,11:20 AM,,,,,ULC601L,,,,,,UME411L,,,,,,UME404L,,,,,,UMT504L,,,,,,,,,,,,UMT403T,,LAB,,UCH501T,,,,,,,,,,UCE513L,,,,,,UCC501T,,ULC601L,,,,,,,,,,UBMXXXL,,UHU026L,,,,,,,,,,UEC502P,,,,UEC502L,,,,,,,,UNC503L,,,,,,,,UEC519P,,UEC512P,,UEC502P,,UEC750P,,UEC519L,,,,,,UEC502T,,,,UEC513P,,UEC610L,,,,,,,5,11:20 AM,
E,E,,,,,,,,E102,,,,,SKJ,F107,,,,,SSD,F108,,,,,RKG,F109,,,RKD,,,,,,,,,F309,HLB,SC,,E310,SKA,,,,,,,,,E103,,,,,HS,E312,RP,B208,,,,,,,,,SBH,E307,DBD,E106,,,,,SPT,,,,,C203,,,,B308,,,,,,,RVK,B309,,,,,,,RU,B214,,C210,,C326,,C221,,F203,,,,,SUS,F313,APC12,,,C202,,F204,,,,,AMK1,E,,,
,,6,,12:10 PM,,,,,UEI501L,,,,,,UCS002/UTD004/UHU016/UMA069L,,,,,,,,,,,,,,,,,,,,,,,,,,,,,,,,,,,,,,UCE512T,,,,,,UCC504L,,,,UEE512T,,,,,,UEE508T,,UEI614L,,UHU028L,,,,,,,,,,LAB,,,,,,,,,,UEC310T,,UNC501L,,,,,,,,LAB,,LAB,,LAB,,LAB,,UEC750L,,,,,,UEC750T,,,,LAB,,UEC867L,,,,,,,6,12:10 PM,
S,,,,,,,,,E102,,,,,SG,LT101/LT102/B303/F201,,,,,,,,,,,,,,,,,,,,,,,,,,,,,,,,,,,,SUS/VK/PS/AM,,E103,ABD,,,,,E303,RBB,,,E101,TA1,,,,,E105,TA13,E307,MIS,E106,,,,,GK,,,,,RAA,,,,,,,,,,F303,PV,B309,,,,,,,TSP,AKS,,HS,,LKB,,APC8,,F203,,,,,SV,F313,RJS,,,DN,,F204,,,,,RPN,S,,,
,,7,,1:00 PM,,,,,,,,,,,UHU018L,,,,,,,,,,,,,,,,,,,,,,,,,,,,,,,,,,,,,,,,,,,,,,,,,,,,,,,,,,,,,,,,,,,,,,,,,,,,,,,,,,,,,,,,,,,,,,,,,,,,,,,,,,,,,,,,,,,7,1:00 PM,
D,S,,,,,,,,,,,,,,LT101,,,,,,,,,,,,,,,,,,,,,,,,,,,,,,,,,,,,,ANS,,,,,,,,,,,,,,,,,,,,,,,,,,,,,,,,,,,,,,,,,,,,,,,,,,,,,,,,,,,,,,,,,,,,,,,,,,,,,D,,,
,,8,,1:50 PM,UEIXXXL,,,,UEE410L,,,,,,,,,,,,UME718P,,UME718P,,,,,,,,,,,,,,,,,,,,,,,,,,,,,,,,,,,,,,ULC512L/ULC513L/ULC511L,,,,,,,,,,,,,,,,,,UNC501L,,,,,,,,UTA025T,,,,UNC501P,,UNC503P,,UEC502T,,UEC716P,,,,,,,,UEC502P,,UTA025T,,UTA025T,,UEC523L,,,,,,,,UEC513P,,,,,,UVD501T,,,,,8,1:50 PM,
A,D,,,,E102,,,AMT,E103,,,,,MDL,,,,,,,ICE(H106),,ICE(H106),,,,,,,,,,,,,,,,,,,,,,,,,,,,,,,,,,,,,,B208/B301/E105,,,,,,,,,RVK/DND/MBK,,,,,,,,,B308,,,,,,,DGS,E205,,,,C327,,C333,,F303,AKK,C328,,,,,,,,C326,,F309,,F309,,F203,,,,,,,,C202,,,,,,E101,MA,,,A,,,
,,9,,2:40 PM,UEIXXXL,,,,,,UEE410P,,UEI510P,,UTA024L,,,,,,LAB,,LAB,,UME404T,,UMT503L,,,,,,UMT802L,,,,,,,,UCH506L,,,,,,,,,,UBT517T,,UCE521L,,,,,,UCC521L,,ULC303L,,,,,,,,,,,,,,,,,,UNC503L,,,,,,,,HSP,,,,LAB,,LAB,,UEC310T,,LAB,,,,,,UEC502T,,LAB,,LAB,,LAB,,NJ,,,,,,,,LAB,,,,UTA025L,,,,,,,9,2:40 PM,
Y,A,,,,E102,,,NJS,,,BMC(C323),,I&C(C217),,F107,,,,,RJS/KAS,SKM,,SKM,,F210,RKG,F109,,,SNK,,,F108,,,AKS,,,,,E310,,,PMS,,,,,,,F208,BB,F206,,,ABK,,,F304,DAS,B301,,,,,,,,,ALK,,,,,,,,,B308,,,,,,,SUR,,,,,MJS,,RU,,F303,LKB,AUS,,,,,,F316,AKA,APC11,,PK,,PK,,,,,,,,,,HVR,,,,F204,,,,,VVG,Y,,,
,,10,,3:30 PM,UEI306L,,,,,,LAB,,LAB,,UME511P/UME720P,,UME511P/UME720P,,,,,,,,,,UTA025P,,,,UMT504P,,URA521P,,,,,,,,UCH405L,,,,,,,,UTA025P,,,,UCE693P,,UCE512T,,UCE501T,,UCC501P,,UEE508L,,,,,,,,,,,,,,,,,,UEC523P,,,,,,,,UEC716L,,,,,,,,UNC503P,,UEC502P,,,,UEC502T,,UEC519L,,,,,,,,UEC750P,,UEC513P,,UEC502P,,UEC512P,,UEC519P,,,,UNC503L,,,,,,,10,3:30 PM,
,Y,,,,E102,,,ABP,,,TA15,,SG,,AUTO(W121)/HT(W118A),,AUTO(W121)/HT(W118A),,,,,,,,,,F309,,,,ROBOTICS(D201),,F108,,,,,,,,E310,,,SKS,,,,,F208,,,,C218,,E103,ABD,E303,APR,CD122,,B301,,,,,,,,,SAH,,,,,,,,,B308,,,,,,,,B305,,,,,,,SUJ,C333,,C203,,,,F303,AKK,B309,,,,,,,HSS,C221,,C202,,C326,,C210,,B214,,,,F204,,,,,DGS,,,,
,,11,,4:20 PM,UEI604L,,,,,,,,,,LAB,,LAB,,,,,,,,,,APH,,,,LAB,,SPP/RSJ,,,,,,,,UCH401L,,,,,,,,RM,,,,LAB,,UCE501T,,UCE512T,,LAB,,ULC502L,,,,,,,,,,,,,,,,,,LAB,,,,,,,,UNC503L,,,,,,,,LAB,,LAB,,,,UEC310T,,UEC750L,,,,,,,,LAB,,LAB,,LAB,,LAB,,LAB,,UEC502T,,UVD501T,,,,UEC502T,,,11,4:20 PM,
,,,,,E102,,,RPN,,,,,,,SSD/SSH,,SSD/SSH,,,,,,,,,,,,,,RKD,,,,,,,,,,E310,,,RGU,,,,,,,,,PPB,,E303,APR,E103,ABD,APC3,,B301,,,,,,,,,ADG,,,,,,,,,SMD,,,,,,,,B305,,,,,,,DVG,RF13,,RVK,,,,F303,LKB,B309,,,,,,,RJS,APC8,,DN,,SNJ,,APC9,,AKS,,F316,APC11,E306,MA,,,B307,RAA,,,,
,,12,,5:10 PM,,,,,,,,,,,,,,,,,,,,,,,,,,,,,,,,,,,,,,,,,,,,,,,,,,,,,,,,,,,,,,,,,,,,,,,,,,,UCS539L,,,,,,,,UCS539L,,,,,,,,UCS539L,,,,,,,,UCS539L,,,,,,,,UCS539L,,,,,,UCS539L,,,,,,UCS539L,,,,,,,12,5:10 PM,
,,,,,,,,,,,,,,,,,,,,,,,,,,,,,,,,,,,,,,,,,,,,,,,,,,,,,,,,,,,,,,,,,,,,,,,,,,,,,,,LT101/ROS,,,,,,,,LT101/ROS,,,,,,,,LT101/ROS,,,,,,,,LT101/ROS,,,,,,,,LT101,,,,,ROS,LT101,,,,,ROS,LT101,,,,,ROS,,,,
,,13,,6:00 PM,,,,,,,,,,,,,,,,,,,,,,,,,,,,,,,,,,,,,,,,,,,,,,,,,,,,,,,,,,,,,,,,,,,,,,,,,,,,,,,,,,,,,,,,,,,,,,,,,,,,,,,,,,,,,,,,,,,,,,,,,,,,,,13,6:00 PM,
,,,,,,,,,,,,,,,,,,,,,,,,,,,,,,,,,,,,,,,,,,,,,,,,,,,,,,,,,,,,,,,,,,,,,,,,,,,,,,,,,,,,,,,,,,,,,,,,,,,,,,,,,,,,,,,,,,,,,,,,,,,,,,,,,,,,
,,14,,6:50 PM,,,,,,,,,,,,,,,,,,,,,,,,,,,,,,,,,,,,,,,,,,,,,,,,,,,,,,,,,,,,,,,,,,,,,,,,,,,,,,,,,,,,,,,,,,,,,,,,,,,,,,,,,,,,,,,,,,,,,,,,,,,,,,14,6:50 PM,
,,,,,,,,,,,,,,,,,,,,,,,,,,,,,,,,,,,,,,,,,,,,,,,,,,,,,,,,,,,,,,,,,,,,,,,,,,,,,,,,,,,,,,,,,,,,,,,,,,,,,,,,,,,,,,,,,,,,,,,,,,,,,,,,,,,,
,,1,,8:00 AM,,,,,,,,,,,UCS002/UTD004/UHU016/UMA069L,,,,,,,,,,,,,,,,,,,,,,,,,,,,,,,,,,,,,,UCE513L,,,,,,,,ULC502L,,,,,,,,,,,,UHUXX2L,,,,,,UEC523L,,,,,,,,,,,,,,,,,,UNC501P,,UEC502P,,UNC503P,,UEC523P,,,,,,,,,,,,,,,,,,,,,,,,UVD515P,,,1,8:00 AM,
T,T,,,,,,,,,,,,,,LT101/LT102/B303/F201,,,,,,,,,,,,,,,,,,,,,,,,,,,,,,,,,,,,SUS/VK/PS/AM,,E103,,,,,HS,,,B301,,,,,,,,,ADG,,,LP105,,,,,RR,B308,,,,,,,CDM,,,,,,,,,,,C332,,C203,,C333,,B309,,,,,,,,,,,,,,,,,,,,,,,,C221,,T,,,
,,2,,8:50 AM,UEI601T,,,,UTA025L,,,,,,UHU018L,,,,,,,,,,,,,,,,,,,,,,,,,,,,,,,,,,,,,,UCE401L,,,,,,,,ULC303L,,,,,,,,,,,,UHUXX2L,,,,,,UEC523L,,,,,,,,,,,,,,,,,,LAB,,LAB,,LAB,,SMD,,,,,,,,UTA025T,,UTA025T,,,,UEC519T,,,,,,,,,,LAB,,,2,8:50 AM,
H,H,,,,E301,GK,,,E102,,,,,DPM,LT101,,,,,,,,,,,,,,,,,,,,,,,,,,,,,,,,,,,,,ANS,E103,,,,,DNR,,,B301,,,,,,,,,ALK,,,LP105,,,,,RR,B308,,,,,,,CDM,,,,,,,,,,,ABH-RA,,APC12,,APC7,,,,,,,,,,F301,,F301,,,,F313,APC15,,,,,,,,,SP,,H,,,
,,3,,9:40 AM,UEIXXXP,,UEI306T,,UEE504L,,,,,,UME408L,,,,,,UME633L,,,,,,UMT503L,,,,,,,,UMT802P,,UMT403T,,UME725T,,UCH506P,,UCH401T,,UBT513L/512L,,,,,,,,UTA025L,,,,,,UCC502L,,UEE512T,,ULC502P,,UEE508P,,ULC601P,,UEE512P,,UEI614L,,UHU028L/UHU026L,,,,,,UEC310L,,,,,,,,UEC716P,,UEC310T,,UNC503P,,UEC716P,,,,,,UEC502T,,,,UEC513L,,,,,,,,NS,,NS,,UEC750T,,UEC519L,,,,,,UNC503L,,,,,,,3,9:40 AM,
U,U,,,,ISD(C223),,F313,ABP,E102,,,,,MBK,F107,,,,,PNK,F108,,,,,AM,F109,,,SNK,,,,,IA(H214),,F308,HLB,F316,PKW,BC125,,E310,RGU,F208/F202,,,,,,,PD/DD,E103,,,,,RBB,E312,NEN,B208,TA1,IOT(D206B),,I&C(C217),,NETWORK(H223),,PE(C113),,E307,MIS,E106/E104,,,,,GK/SPT,B308,,,,,,,LKB,C326,,F303,GTJ,C333,,C202,,,,,,B107,APC14,,,B309,,,,,,,GDS,,,,,F309,SV,F203,,,,,AM,F204,,,,,DGS,U,,,
,,4,,10:30 AM,LAB,,UEI604T,,UEE410L,,,,,,UME720L,,,,,,UME511L,,,,,,UME511L,,,,,,,,LAB,,UME725T,,,,LAB,,UCH506T,,UBT521L,,,,,,,,UCE513T,,,,,,UCC501L,,,,LAB,,LAB,,LAB,,LAB,,UBM605L,,UCT513L/UCT512L,,,,,,UEC502L,,,,,,,,LAB,,UEC502T,,LAB,,LAB,,,,,,UEC310T,,,,UEC502L,,,,,,,,UEC512L,,,,,,UEC513L,,,,,,UVD501L,,,,,,,4,10:30 AM,
R,R,,,,AMT,,F313,RPN,E102,,,,,MDL,F107,,,,,MDM,F108,,,,,DK,F109,,,,,GTS,,,AKS,,F316,PKW,,,NS,,E310,PMS,F208,,,,,,,AKU,E110,,,,,,E103,RP,,,ADG,,TA13,,SBH,,MKS,,E307,ASG,E106/LP109,,,,,SB/SAM,B308,,,,,,,AKK,AUS,,F303,SNJ,DVG,,SUJ,,,,,,B107,APC12,,,B309,,,,,,,RAA,F203,,,,,KBS,F103,,,,,DN,F204,,,,,MA,R,,,
,,5,,11:20 AM,UTA025L,,,,UEE4514P,,,,,,UME718T,,UME720T,,UME404T,,UME720L,,,,,,UMT403L,,,,,,UMT403L,,,,,,,,UTA025L,,,,UTA025L,,,,,,,,HS,,,,,,UCC504L,,,,,,,,,,,,UEI831L,,UCT502P,,UHU042P,,UCT501P,,UEC521L/UNC514L/UEC518L/UCS531L/UCS548L/UCS532L/UCS534L/UCS537L/UCS542L/UCS551L/UCS668L/UCS550L/UMC513L,,,,,,,,,,,,,,,,,,,,,,,,UEC521L/UEC520L/UCS531L/UCS548L/UCS532L/UCS534L/UCS537L/UCS542L/UCS551L/UCS668L/UCS550L/UMC513L,,,,,,,,,,,,,,,,,,,,UCS531L/UCS548L/UCS532L/UCS534L/UCS537L/UCS542L/UCS551L/UCS668L/UCS550L/UMC513L,,,,,,,5,11:20 AM,
S,S,,,,E102,,,MDS,RT LAB(H219A),,,,,DND,F314,KL,F309,MDM,F315,GB,F108,,,,,SSH,F109,,,BJS,,,F107,,,,,,HLB,,E102,,,MDS,F208,,,,,,,RM,,,,,,,E103,RBB,,,,,,,,,,,E307,DBM,SS-1 (L201),,E312,,PL-3(L010),,B305/B308/F204/LT301/LT401/LP109/LP108/E101/LT101/LT101/LT102/E104/T106,,,,,,,,,,,,,,,,,,SSK/SUR/NS/SAM/DET/ST/MAN/GS/MKB/JS/JHB/SAL/YK,,,,,,B305/B309/LT301/LT401/LP109/LP108/E101/LT101/LT101/LT102/E104/T106,,,,,,,,,,,,,,,,,,,SSK/SUK/SAM/DET/ST/MAN/GS/MKB/JS/JHB/SAL/YK,LT301/LT401/LP109/LP108/E101/LT101/LT101/LT102/E104/T106,,,,,SAM/DET/ST/MAN/GS/MKB/JS/JHB/SAL/YK,S,,,
,,6,,12:10 PM,,,,,UEE514P/UEE527L/ULC301L,,,,,,,,UME718T,,,,,,UME404T,,,,UMT521L,,,,,,UML501L,,,,,,,,UCH401L,,,,,,,,,,,,,,,,,,UCC504T,,ULC511L,,,,,,,,,,UEI831T,,LAB,,LAB,,LAB,,UEC521L/UNC514L/UEC518L/UCS531L/UCS548L/UCS532L/UCS534L/UCS537L/UCS542L/UCS551L/UCS668L/UCS550L/UMC513L,,,,,,,,,,,,,,,,,,,,,,,,UEC521L/UEC520L/UCS531L/UCS548L/UCS532L/UCS534L/UCS537L/UCS542L/UCS551L/UCS668L/UCS550L/UMC513L,,,,,,,,,,,,,,,,,,,,UCS531L/UCS548L/UCS532L/UCS534L/UCS537L/UCS542L/UCS551L/UCS668L/UCS550L/UMC513L,,,,,,,6,12:10 PM,
D,D,,,,,,,,RT LAB(H219A)/E102/B301,,,,,DND/SHT/ALK,,,F314,KL,,,,,F315,RKG,,,B303,,,DMG,,,F107,,,,,,VPR,,E310,,,RGU,,,,,,,,,,,,,,,E103,RBB,E105,,,,,,,,,MBK,E307,DBM,SUG,,NSD,,RAJ,,B305/B308/F204/LT301/LT401/LP109/LP108/E101/LT101/LT101/LT102/E104/T106,,,,,,,,,,,,,,,,,,SSK/SUR/NS/SAM/DET/ST/MAN/GS/MKB/JS/JHB/SAL/YK,,,,,,B305/B309/LT301/LT401/LP109/LP108/E101/LT101/LT101/LT102/E104/T106,,,,,,,,,,,,,,,,,,,SSK/SUK/SAM/DET/ST/MAN/GS/MKB/JS/JHB/SAL/YK,LT301/LT401/LP109/LP108/E101/LT101/LT101/LT102/E104/T106,,,,,SAM/DET/ST/MAN/GS/MKB/JS/JHB/SAL/YK,D,,,
,,7,,1:00 PM,,,,,,,,,,,,,,,,,,,,,,,,,,,,,,,,,,,,,,,,,,,,,,,,,,,,,,,,,,,,,,,,,,,,,,,,,,,,,,,,,,,,,,,,,,,,,,,,,,,,,,,,,,,,,,,,,,,,,,,,,,,,,,7,1:00 PM,
A,A,,,,,,,,,,,,,,,,,,,,,,,,,,,,,,,,,,,,,,,,,,,,,,,,,,,,,,,,,,,,,,,,,,,,,,,,,,,,,,,,,,,,,,,,,,,,,,,,,,,,,,,,,,,,,,,,,,,,,,,,,,,,,,,,A,,,
,,8,,1:50 PM,UEIXXXT,,UEIXXXP,,,,,,,,UME718L,,,,,,UME404L,,,,,,,,,,,,,,,,UMT403P,,UMT403P,,,,,,,,,,,,,,,,,,UTA025P,,,,ULC501L,,,,,,,,,,,,UHU028P,,,,,,,,UNC503P,,,,,,UEC310L,,,,,,,,,,,,,,,,UEC750L,,,,,,,,UEC502P,,UEC512P,,UEC513P,,,,,,,,UTA025T,,,,,,,8,1:50 PM,
Y,,,,,E303,NJS,ISD(C223),,,,,,,,F107,,,,,KL,F108,,,,,RKG,,,,,,,,,,,SM(W123),,SM(W123),,,,,,,,,,,,,,,,,,F309,,,,B208,,,,,,,,,RVK,,,F313,,,,,,,,C333,,,,,,B308,,,,,,,GTJ,,,,,,,,,B301,,,,,,,RJS,C203,,C210,,C202,,,,,,,,F309,,,,,,Y,,,
,,9,,2:40 PM,,,LAB,,ULC601L,,,,,,UME511L,,,,,,UME408L,,,,,,,,,,,,,,,,LAB,,LAB,,UCH506L,,,,,,,,,,,,,,UCE401T,,VVK,,UCC505L,,ULC601L,,,,,,,,,,,,MT,,,,,,,,LAB,,,,,,UEC716L,,,,,,,,UEC716L,,,,,,,,UEC512L,,,,,,,,LAB,,LAB,,LAB,,,,,,UEC750T,,LAB,,,,,,,9,2:40 PM,
,Y,,,,,,AMT,,E102,,,,,SKJ,F107,,,,,SSD,F108,,,,,BJS,,,,,,,,,,,AVY,,DKJ,,E310,,,PMS,,,,,,,,,,,F312,DNR,,,F310,HAS,B208,,,,,,,,,SBH,,,,,,,,,,,RU,,,,,,B308,,,,,,,SUJ,B309,,,,,,,AUS,B301,,,,,,,HS,RAA,,SKR,,HVR,,,,,,F316,APC8,VVK,,,,,,,,,
,,10,,3:30 PM,UTA025P,,,,UEI501L,,,,,,,,UME408T,,,,,,UME718T,,UME720T,,,,,,,,UMT802P,,UML501P,,UTA025P,,UTA025P,,UCH401P,,UCH501P,,UBT521P,,,,,,,,,,UCE501P,,UCE511P,,UCC505P,,UEE512L,,,,,,,,,,,,UCT512P/UCT513P,,,,,,UTA025T,,,,,,UEC310T,,UNC503P,,,,,,UEC502T,,UTA025L,,,,,,,,UEC502P,,UEC750P,,UEC512P,,UEC513P,,UEC502L,,,,,,UEC502P,,UEC519T,,UEC519P,,UEC523P,,,,,,,10,3:30 PM,
,,,,,VENTURE(VL301),,,,E102,,,,,SG,,,F313,,,,,,F210,RPS,F209,SSH,,,,,,,IA(H214),,CAM(H107),,F309,,F309,,BC124,,C120,,F208,,,,,,,,,,CD122,,D117,,DBMS-1(L206),,B208,,,,,,,,,MKS,,,IOT(L302)/ML(L009),,,,,,E205,,,,,,F303,GTJ,C333,,,,,,E101,APC11,B309,,,,,,,GPK,C203,,C221,,C210,,C202,,F203,,,,,LKB,C326,,F316,HSS,B214,,F204,,,,,,,,,
,,11,,4:20 PM,LAB,,,,UEE510L,,,,,,,,ABY,,,,,,UME720T,,UME718T,,,,,,,,LAB,,LAB,,DMC,,DMC,,LAB,,LAB,,AKU,,,,,,,,,,LAB,,LAB,,LAB,,ULC513L,,,,,,,,,,,,LAB,,,,,,AB,,,,,,UEC502T,,LAB,,,,,,,,UNC501L,,,,,,,,LAB,,LAB,,LAB,,LAB,,UEC513L,,,,,,LAB,,UEC750T,,LAB,,LAB,,,,,,,11,4:20 PM,
,,,,,MDS,,,,E102,,,,,PBK,,,,,,,,,F209,SSH,F210,RPS,,,,,,,AKS,,STG,,,,,,AC,,SKA,,,,,,,,,,,,APC3,,TNC,,HAS,,B209,,,,,,,,,DND,,,SAM/SB,,,,,,,,,,,,F303,RAA,RF14,,,,,,,,B309,,,,,,,TSP,AKK,,SV,,KBS,,GDS,,F203,,,,,DG,SNJ,,F316,APC8,AM,,NJ,,,,,,,,,
,,12,,5:10 PM,,,,,,,,,,,,,,,,,,,,,,,,,,,,,,,,,,,,,,,,,,,,,,,,,,,,,,,,,,,,,,,,,,,,,,,,,,,,,,,,,,,,,,,,,,,,,,,,,,,,,,,,,,,,,,,,,,,,,,,,,,,,,,12,5:10 PM,
,,,,,,,,,,,,,,,,,,,,,,,,,,,,,,,,,,,,,,,,,,,,,,,,,,,,,,,,,,,,,,,,,,,,,,,,,,,,,,,,,,,,,,,,,,,,,,,,,,,,,,,,,,,,,,,,,,,,,,,,,,,,,,,,,,,,
,,13,,6:00 PM,,,,,,,,,,,,,,,,,,,,,,,,,,,,,,,,,,,,,,,,,,,,,,,,,,,,,,,,,,,,,,,,,,,,,,,,,,,,,,,,,,,,,,,,,,,,,,,,,,,,,,,,,,,,,,,,,,,,,,,,,,,,,,13,6:00 PM,
,,,,,,,,,,,,,,,,,,,,,,,,,,,,,,,,,,,,,,,,,,,,,,,,,,,,,,,,,,,,,,,,,,,,,,,,,,,,,,,,,,,,,,,,,,,,,,,,,,,,,,,,,,,,,,,,,,,,,,,,,,,,,,,,,,,,
,,14,,6:50 PM,,,,,,,,,,,,,,,,,,,,,,,,,,,,,,,,,,,,,,,,,,,,,,,,,,,,,,,,,,,,,,,,,,,,,,,,,,,,,,,,,,,,,,,,,,,,,,,,,,,,,,,,,,,,,,,,,,,,,,,,,,,,,,14,6:50 PM,
,,,,,,,,,,,,,,,,,,,,,,,,,,,,,,,,,,,,,,,,,,,,,,,,,,,,,,,,,,,,,,,,,,,,,,,,,,,,,,,,,,,,,,,,,,,,,,,,,,,,,,,,,,,,,,,,,,,,,,,,,,,,,,,,,,,,
,,1,,8:00 AM,,,,,,,,,,,UTA024P,,,,,,UME720T,,,,,,UTA024P,,,,UTA025P,,,,,,,,,,,,,,,,,,,,,,,,,,,,UTA025P,,,,,,ULC501P,,UEE512P,,UEE508P,,,,,,,,,,,,UNC501P,,UNC503P,,,,UNC501L,,,,,,,,UEC523P,,,,,,,,,,,,,,,,UEC502T,,,,,,,,,,,,,,,,,,,1,8:00 AM,
F,F,,,,,,,,,,,,,,B216/L101,,,,,,F313,HPS,,,,,L101/B216,,,,E310,,,,,,,,,,,,,,,,,,,,,,,,,,,,E310,,,,,,BMC(C323),,PE(C113),,I&C(C217,,,,,,,,,,,,C332,,C333,,,,B308,,,,,,,MJS,B309,,,,,,,,,,,,,,,,F203,APC11,,,,,,,,,,,,,,,,,F,,,
,,2,,8:50 AM,UEI306T,,UEIXXXT,,,,,,,,LAB,,,,UME720T,,UME720L,,,,,,LAB,,,,APH,,UME725L,,,,,,,,,,,,UBT514T,,,,,,,,UCE501L,,,,,,APH,,,,UEE508T,,LAB,,LAB,,LAB,,,,UCT512T,,,,,,,,LAB,,LAB,,,,UNC503L,,,,,,,,SMD,,,,,,,,,,,,,,,,UTA025L,,,,,,,,,,,,UEC502L,,,,,,,2,8:50 AM,
R,R,,,,E303,ABP,E302,NJS,,,,,,,PF2/SAS-RA,,,,F313,HPS,F108,,,,,SSH,SAS-RA/PF2,,,,,,F107,,,,,,,SPP,,,,,F208,TA,,,,,,,E103,,,,,APR,,,,,E305,SAH,TA9,,TA1,,TA13,,,,E106,,,,,SAM,,,KUA-RA,,RF14,,,,B308,,,,,,,DVG,,,,,,,,,,,,,,,,,F203,,,,,PK,,,,,,,F204,,,,,RAA,R,,,
,,3,,9:40 AM,UEI601L,,,,UEE510P,,UEE504P,,ULC601P,,UME718L,,,,,,,,UME511P/UME720P,,UME511P/UME720P,,UMT403P,,UMT403P,,UMT503P,,UTA025L,,,,,,,,UCH405L,,,,,,UBT517T,,,,,,UCE513L,,,,,,UCC504L,,UEE508L,,,,,,,,,,UBM505T,,UHU030L,,,,,,UNC501L,,,,,,,,,,UEC716P,,,,UEC502P,,UEC716L,,,,,,,,UEC750P,,,,UEC519P,,UEC512P,,UEC750L,,,,,,UEC502L,,,,,,UNC503P,,UVD501P,,UEC502P,,,3,9:40 AM,
I,I,,,,E102,,,GK,HV(C102),,PE(C113),,IOT(D206B),,F108,,,,,KL,,,AUTO(W121)/HT(W118A),,AUTO(W121)/HT(W118A),,SM(W123),,SM(W123),,MTX(D202),,F107,,,,,,,AKM,E310,,,SKS,,,F208,BB,,,,,E103,,,,,HS,E303,RBB,B208,,,,,,,,,SAH,E307,SKS,E106,,,,,SCB,B308,,,,,,,DGS,,,C202,,,,C326,,B309,,,,,,,AUS,C221,,,,B214,,C210,,F203,,,,,SV,F204,,,,,AKA,C333,,C334,,C203,,I,,,
,,4,,10:30 AM,UEI608L,,,,LAB,,LAB,,LAB,,UME404L,,,,,,,,LAB,,LAB,,LAB,,LAB,,LAB,,UMT403L,,,,,,,,UCH501L,,,,UBT512L,,,,,,,,UCE512L,,,,,,UCC503L,,ULC512L,,,,,,,,,,UBM505L,,UCT513L/UCT512L,,,,,,UEC310L,,,,,,,,,,LAB,,,,LAB,,UEC502L,,,,,,,,LAB,,UEC502T,,LAB,,LAB,,UEC519L,,,,,,UEC512L,,,,,,LAB,,LAB,,LAB,,,4,10:30 AM,
D,D,,,,E102,,,RA,PBK,,MBK,,TA4,,F108,,,,,GB,,,DK/SSH,,DK/SSH,,MDS,,MDS,,SNK,,F107,,,,,,,HLB,E310,,,SKA,F208,,,,,,,DD,E103,,,,,ABD,E303,HS,B209,,,,,,,,,RVK,E307,SKS,E106/E101,,,,,SB/SAM,B308,,,,,,,LKB,,,SUJ,,,,APC12,,B309,,,,,,,SNJ,RJS,,F316,AKS,HSS,,HS,,F203,,,,,SUS,F204,,,,,SKR,APC7,,MA,,APC14,,D,,,
,,5,,11:20 AM,UEIXXXL,,,,ULC601P,,ULC601P,,UEE510P,,UME720L,,,,,,UME633L,,,,,,UMT503L,,,,,,,,,,,,,,UCH405P,,UCH506P,,,,,,,,,,UCE501P,,UCE513T,,UCE513T,,UCC505L,,ULC601L,,,,,,,,,,UBMXXXL,,,,UCT501P,,UCT502P,,UEC716L,,,,UTA025T,,,,UEC502L,,,,,,,,UEC716P,,UEC502T,,UNC503P,,,,UEC513L,,,,,,,,UEC519P,,,,UEC512P,,UEC519L,,,,,,UEC867T,,UEC502T,,,,,5,11:20 AM,
A,A,,,,E102,,,NJS,ISD(C223),,IOT(D206B),,HV(C102),,F107,,,,,MDM,F108,,AM,,,,F109,,,SNK,,,,,,,,,,,B119,,BC125,,,,,,,,,,CD122,,E308,,F313,,E303,HAS,B208,,,,,,,,,SBH,BMC(C323),,,,PL-4(L011),,SS-1 (L201),,C326,,,,E205,,,,B308,,,,,,,RVK,C303,,F303,APC10,C333,,,,B309,,,,,,,GDS,B214,,,,C210,,F204,,,,,AM,B107,RPN,E301,APC11,,,A,,,
,,6,,12:10 PM,UEI604L,,,,LAB,,LAB,,LAB,,,,,,,,UME408L,,,,,,,,UMT504T,,UMT403T,,,,,,,,,,LAB,,LAB,,,,,,,,,,LAB,,HS,,LAB,,UCC503T,,ULC501L,,,,,,,,,,LAB,,,,LAB,,LAB,,LAB,,,,AB,,,,UEC310L,,,,,,,,LAB,,UEC310T,,LAB,,,,UEC519L,,,,,,,,LAB,,,,LAB,,UEC750L,,,,,,UEC610L,,,,,,,6,12:10 PM,
Y,Y,,,,E102,,,RPN,SKJ,,TA4,,PBK,,,,,,,,F108,,,,,BJS,,,F307,RKD,F309,MDS,,,,,,,,,RM,,PMS,,,,,,,,,,APR,,,,PTK,,E303,ABD,B208,,,,,,,,,RVK,DBD,,,,RAJ,,SUG,,UKS,,,,,,,,B308,,,,,,,GTJ,AUS,,F303,APC12,RU,,,,B309,,,,,,,HSS,AKS,,,,KBS,,F204,,,,,SUJ,F208,,,,,AMK1,Y,,,
,,7,,1:00 PM,,,,,,,,,,,,,,,,,,,,,,,,,,,,,,,,,,,,,,,,,,,,,,,,,,,,,,,,,,,,,,,,,,,,,,,,,,,,,,,,,,,,,,,,,,,,,,,,,,,,,,,,,,,,,,,,,,,,,,,,,,,,,,,,,7,1:00 PM,
,,,,,,,,,,,,,,,,,,,,,,,,,,,,,,,,,,,,,,,,,,,,,,,,,,,,,,,,,,,,,,,,,,,,,,,,,,,,,,,,,,,,,,,,,,,,,,,,,,,,,,,,,,,,,,,,,,,,,,,,,,,,,,,
,,8,,1:50 PM,,,,,UEE410L,,,,,,UTA025P,,,,UME511/UME720P,,UME633P,,,,,,UMT503P,,UMT504P,,UMT403P,,,,,,,,,,,,,,,,,,FIRST FLOOR,,,,,,,,,,,,,,,,,,,,,,,,,,,,UHU042P,,UNC503L,,,,,,,,,,,,,,,,UTA025T,,,,UEC716P,,UNC501P,,UTA025T,,,,UEC750P,,UEC502T,,UEC523P,,,,,,UTA025T,,UTA025T,,UEC502P,,UVD501P,,UEC502P,,,,,8,1:50 PM,
,,,,,,,,,E102,,,,,MDL,F309,,,,AUTO(W121)/HT(W118A),,F108,,,,,,MTX(D202),,ROBOTICS(D201),,SM(W123),,,,,,,,,,,,,,,,,,LAB,,,,,,,,,,,,,,,,,,,,,,,,,,,,E301,,B308,,,,,,,SUR,,,,,,,,,F315,,,,C202,,C327,,F310,,,,C221,,F303,APC11,F207,,,,,,F312,,F312,,C326,,C334,,C203,,,,,,,
,,9,,2:40 PM,,,,,,,,,,,LAB,,,,LAB,,AM/SPP,,,,,,LAB,,LAB,,LAB,,,,,,,,,,,,,,,,,,NL,,,,,,,,,,,,ULC512P(G1)/ULC512P(G2)/ULC513P(G1)/ULC513P(G2),,,,,,,,,,UEI614T,,,,,,LAB,,UEC716L,,,,,,,,,,,,,,,,GPK,,,,LAB,,LAB,,PK,,,,LAB,,UEC519T,,LAB,,,,,,SCB,,SCB,,LAB,,LAB,,LAB,,,,,9,2:40 PM,
,,,,,,,,,,,,,,,VS,,,,GTS/MDM,,,,,,,,SNK,,RKD,,MDS,,,,,,,,,,,,,,,,,,,,,,,,,,,,,,PSS(H220)/NETWORK(H223)/IOT(D206B)/BMC(C323),,,,,,,,,,E307,MIS,,,,,NSD,,B308,,,,,,,AUS,,,,,,,,,,,,,UKS,,KUA-RA,,,,,,SV,,F303,AM,NJ,,,,,,,,,,LKB,,MA,,ST,,,,,,,
,,10,,3:30 PM,,,,,,,,,,,UME720T,,,,UTA024P,,,,,,,,,,,,UTA024P,,UTA025P,,,,,,,,,,,,,,,,,,UBT518P,,,,,,,,,,LAB,,,,,,,,,,UBM605L,,UHUXX2L,,,,,,UNC514P/UEC521P/UEC518P,,,,,,,,,,,,,,,,,,,,,,,,UEC521P/UEC520P,,,,,,,,,,,,,,UEC523L,,,,,,UEC502T,,,,,,,10,3:30 PM,
,,,,,,,,,,,,,,,F209,MDM,,,B216/L101,,,,,,,,,,,,L101/B216,,F309,,,,,,,,,,,,,,,,,,STEP,,,,,,,,,,RVK/TA9/DND/TA4,,,,,,,,,,E307,ASG,LP108,,,,,RR,C326/C221/C202,,,,,,,,,,,,,,,,,,,,,,,,C221/C333,,,,,,,,,,,,,,F201,,,,,,E301,SNJ,,,,,,,,
,,11,,4:20 PM,,,,,,,,,,,,,,,LAB,,,,,,,,,,,,LAB,,AKM,,,,,,,,,,,,,,,,,,FIRST FLOOR,,,,,,,,,,,,,,,,,,,,UEI831L,,,,,,,,LAB,,,,,,,,,,,,,,,,,,,,,,,,LAB,,,,,,,,,,,,,,SMD,,,,,,,,,,,,,11,4:20 PM,
,,,,,,,,,,,,,,,,,,,AMK1/SAS-RA,,,,,,,,,,,,SAS-RA/AMK1,,,,,,,,,,,,,,,,,,,,LAB,,,,,,,,,,,,,,,,,,,,E307,DBM,,,,,,,SUR/SSK/NS,,,,,,,,,,,,,,,,,,,,,,,,SSK/SUK,,,,,,,,,,,,,,,,,,,,,,,,,,,,,
,,12,,5:10 PM,,,,,,,,,,,,,,,,,,,,,,,,,,,,,,,,,,,,,,,,,,,,,,,VKH,,,,,,,,,,,,,,,,,,,,,,,,,,,,,,,,,,,,,,,,,,,,,,,,,,,,,,,,,,,,,,,,,,,,,,,,,,,,,,,12,5:10 PM,
,,,,,,,,,,,,,,,,,,,,,,,,,,,,,,,,,,,,,,,,,,,,,,,,,,,,,,,,,,,,,,,,,,,,,,,,,,,,,,,,,,,,,,,,,,,,,,,,,,,,,,,,,,,,,,,,,,,,,,,,,,,,,,,,,,,,
,,13,,6:00 PM,,,,,,,,,,,,,,,,,,,,,,,,,,,,,,,,,,,,,,,,,,,,,,,,,,,,,,,,,,,,,,,,,,,,,,,,,,,,,,,,,,,,,,,,,,,,,,,,,,,,,,,,,,,,,,,,,,,,,,,,,,,,,,13,6:00 PM,
,,,,,,,,,,,,,,,,,,,,,,,,,,,,,,,,,,,,,,,,,,,,,,,,,,,,,,,,,,,,,,,,,,,,,,,,,,,,,,,,,,,,,,,,,,,,,,,,,,,,,,,,,,,,,,,,,,,,,,,,,,,,,,,,,,,,
,,14,,6:50 PM,,,,,,,,,,,,,,,,,,,,,,,,,,,,,,,,,,,,,,,,,,,,,,,,,,,,,,,,,,,,,,,,,,,,,,,,,,,,,,,,,,,,,,,,,,,,,,,,,,,,,,,,,,,,,,,,,,,,,,,,,,,,,,14,6:50 PM,
,,,,,,,,,,,,,,,,,,,,,,,,,,,,,,,,,,,,,,,,,,,,,,,,,,,,,,,,,,,,,,,,,,,,,,,,,,,,,,,,,,,,,,,,,,,,,,,,,,,,,,,,,,,,,,,,,,,,,,,,,,,,,,,,,,,,
